memory_initialization_radix=16;
memory_initialization_vector=
AAAA,
EFAA,
AAAA,
AAAA,
BFEB,
AAAA,
AFEA,
BAAA,
AAAA,
BFAF,
FBFF,
FFFF,
AAFF,
FFFF,
EAFF,
FFFF,
FFFF,
FAAA,
AFFF,
FFEA,
FFFE,
FEAB,
FA69,
56BE,
BFFF,
FFFF,
EAFF,
FFFE,
FAAA,
FFFF,
FEAA,
FFAB,
FFFF,
FFFF,
FFFF,
FFAA,
ABFF,
EABE,
BFFE,
AFFF,
FFFF,
EABF,
EAFA,
EAA5,
AA55,
5AAA,
AABE,
AAE6,
ABEB,
FFFF,
FFFF,
ABF9,
5AEA,
AABF,
FFFA,
A555,
5695,
555A,
A6AA,
AEFA,
AFEF,
FFFF,
ABEB,
FFFF,
FFAF,
FFFF,
FFEB,
FFFF,
FFFF,
FFFF,
FFFF,
FFFF,
FFFF,
FAA6,
FFFF,
E969,
AE95,
BE56,
AAA5,
6AA6,
AFEA,
ABAA,
AAAA,
AAAA,
BFAB,
AAAA,
AAA9,
AAAA,
AFEA,
AAAF,
FFFF,
FFFF,
EBFF,
FEAA,
AABF,
FAAF,
FFFF,
AAFA,
FFEA,
FFAB,
FFFF,
FEAF,
FA95,
56BF,
FFFF,
FFFF,
FEFF,
FFFA,
AAAA,
BFEB,
FEAA,
FFAB,
FFFF,
FFFF,
FFFF,
FFAA,
AFFF,
EAA9,
6BFA,
BFFF,
FFFF,
EAFF,
EAEA,
AAAA,
A955,
56AA,
ABFE,
AAA6,
AAFB,
FEAA,
FFFF,
EBFE,
9BEB,
FABF,
FBFA,
A505,
6A55,
5556,
AAAA,
AEFF,
FFFF,
FFFF,
ABAB,
AFFF,
FFAF,
FFEA,
FFEA,
AFFF,
FFFF,
FFFF,
FFFF,
FFFF,
FFFE,
AA96,
ABFF,
F956,
BFA5,
BF9A,
A6AA,
AFA5,
BFFA,
AFAA,
AAAA,
AAAA,
AAAA,
AAAA,
6AA5,
6AAA,
AFAA,
AAAF,
FFFF,
FFFF,
EFFF,
FEAA,
EEBE,
EAAF,
FFFE,
AAFF,
FFAA,
AFAB,
EFFF,
FFFF,
EA99,
6AAF,
FFFF,
FFFF,
FEFE,
BFEA,
A5AA,
BFEA,
AAAA,
FFAB,
FFFF,
FFFF,
FFFF,
FFAA,
BFFF,
FFF9,
6BFA,
AFFA,
FFFF,
EBFF,
EAAA,
EAA9,
555A,
56AA,
AFFA,
AAAA,
A6FF,
FAAA,
ABFF,
FFFF,
AFFF,
EAFF,
EAFA,
A901,
6955,
5555,
5AAA,
ABBF,
FFFF,
FFFA,
ABAA,
AABA,
FFAF,
FFAA,
FFFA,
ABFE,
FFFF,
FFFF,
FFFF,
FFFF,
FFFE,
A555,
5AAB,
F946,
FFFA,
BFAA,
A6AA,
ABA5,
FFFE,
AFAA,
AAAA,
EAFA,
BFFA,
6AAA,
AA95,
AAFE,
AAEA,
AAAA,
AFFF,
FFFF,
BFFF,
FFAA,
FFFE,
AAAB,
FFEA,
AAAF,
FAAA,
ABAA,
ABFF,
FFFF,
EAAA,
AA6F,
FFFF,
FBEB,
FFFE,
AFFA,
A6BF,
AFFF,
A5AF,
FEAA,
BFFF,
FFFF,
FFFF,
FFFA,
AFFF,
FFFE,
BFFE,
6FEA,
ABFF,
FFFF,
FAAF,
EAA9,
5559,
556A,
AAAF,
AAAA,
E6BF,
EBAA,
AAFB,
FFFF,
FFFF,
AFFE,
BEAA,
A955,
5419,
5555,
5AAA,
AAAF,
FFAF,
ABEA,
ABEA,
EAAA,
BAAF,
BEAA,
ABFF,
EABF,
FFFF,
FFFF,
FFFF,
FFFF,
FFFF,
A995,
55AA,
B956,
BFFF,
BFEA,
9555,
5694,
EBFA,
ABAA,
AABB,
EAFF,
FFFE,
ABFE,
AA9A,
AAFE,
AABA,
AAAA,
6FFF,
FAFE,
BFEA,
FFEA,
BFFF,
AAAA,
FFAA,
AAAF,
EAAF,
ABA9,
ABFF,
EBFF,
EAAF,
AAAF,
FFFF,
EAAB,
FFFA,
ABEA,
AAAA,
AFFF,
A5AF,
BEFA,
BFFF,
FFFF,
FFFF,
FFFE,
BFFF,
FFFF,
FFFA,
AF96,
BBEB,
FFFF,
FEAF,
FAAA,
5559,
556A,
9AAE,
AAAA,
AAAF,
ABFA,
5AAA,
FFFF,
FFFF,
BFFA,
BEAA,
AA95,
541A,
5555,
56AA,
AAAB,
FABF,
AABF,
FFEA,
AE9A,
AAAF,
AEBE,
ABEF,
FAFF,
FFFF,
FFFF,
FFFF,
FFFF,
FFFA,
AA9A,
AA55,
A955,
6FFF,
FFA5,
5554,
4550,
EAAA,
ABAA,
AAFF,
EAFF,
FFFF,
FFFF,
FEAA,
AEFA,
AABF,
EAAA,
ABFF,
FAAA,
FFEA,
AFEA,
BFFF,
FAAA,
AFEA,
AAAF,
EAAF,
AE95,
6BEA,
EAFF,
FEAB,
FFEF,
FFFF,
FEAB,
FEBE,
ABEA,
AFEA,
FFEF,
9AAB,
BFFA,
BFFF,
FFFF,
FBFA,
FFFF,
FFFF,
FFFF,
FFFE,
AE96,
FAAB,
EABF,
FEAF,
FA6A,
5555,
555A,
9ABA,
AAAA,
ABEE,
ABFE,
5ABA,
BFFF,
FFFF,
FFFE,
FFAA,
AAAA,
5415,
55A5,
55A6,
AAAB,
FEBF,
AABF,
AFFA,
AA5A,
AABF,
AFFE,
5AAF,
FBFF,
FFFF,
FFFF,
FFFF,
FFFF,
FFFA,
AAAA,
AAA5,
6A55,
6FFA,
FA55,
5400,
1555,
A56A,
AB95,
AAFF,
EABF,
FAFF,
FFFF,
FFAA,
AAFA,
AAFF,
EAFE,
AFFF,
FFEF,
AFFE,
AAEA,
BFAB,
FFFA,
6BEA,
AAFF,
FA6F,
FE95,
6BE6,
AAAF,
FFAA,
FFFF,
FFFF,
ABFE,
FABF,
ABEA,
AFFB,
FAAA,
96AA,
AFFA,
BFFF,
FFFF,
EAFA,
BFAF,
FFFF,
FFFF,
FFFE,
AA9A,
FAAB,
A5BE,
BFAB,
FA5A,
5555,
5556,
96AA,
AAAA,
BFAA,
AAAF,
9AAA,
FFBF,
FFFF,
FFFF,
FFEA,
AAA9,
5555,
5595,
9595,
AAAF,
FFAF,
AAAE,
ABAA,
696A,
AABE,
AABA,
ABEF,
FFEB,
FFFF,
FFFF,
FFFF,
FFFF,
FFFE,
AFAA,
AAA9,
56AA,
AFFA,
E955,
5401,
555A,
A55A,
AAA5,
AABF,
ABFF,
FEFF,
FFFF,
FFEA,
AAAA,
AAFA,
BEFF,
FFFF,
FFFE,
AFFF,
AAEA,
FFAA,
FFFE,
AAAA,
BFFA,
FAAF,
FE56,
5BE5,
A5AF,
BBFA,
BFFF,
FFFE,
ABFA,
AABB,
AFFF,
AFFB,
FAAA,
56A9,
6BFA,
FEFF,
FFFF,
EAFA,
AABF,
FFFF,
FFFF,
FFFF,
AAAB,
FA9A,
956E,
BEAA,
B96A,
A555,
5556,
A5AA,
AAFF,
FEAA,
AAAE,
9A9A,
FFFF,
FFFF,
FFFF,
FFAA,
AAA9,
5555,
56AA,
9996,
AABF,
FAAA,
AAAA,
AF96,
56AA,
A9AA,
AAAA,
AFFF,
FFEF,
FFFF,
FFFF,
FFFF,
FAFF,
FFFF,
FFE9,
BFA9,
55AA,
FFFA,
A554,
0411,
556E,
A95A,
AAAA,
AAFF,
ABFF,
FFEF,
FFBF,
FFEA,
AAAA,
AAFA,
AEFF,
FFFF,
FFFE,
BFFF,
ABEA,
FFAA,
BFFF,
AAAA,
BFFA,
AAAF,
AA56,
AA95,
95AF,
EAFE,
BFFF,
FFFE,
AAEA,
AAFF,
FFEA,
AFFF,
FAA9,
55A5,
AAFA,
FEBF,
FFEA,
AAAA,
AAFF,
FFFF,
FFFF,
FAAB,
EBFF,
FAAA,
956A,
BAAA,
A55A,
A955,
5556,
A56A,
AEFF,
FA96,
AAAA,
5A96,
BFFE,
FFFF,
FFFF,
EAAA,
A6A9,
5A55,
56A9,
9A6A,
AAAF,
AA5A,
AEAA,
AAA6,
9AAA,
A5AA,
FAAA,
AFFF,
FFEF,
FFFF,
FFFF,
FFFF,
FABF,
FFFF,
FEAA,
BFF9,
556A,
FFFF,
A550,
0000,
01BF,
AAAA,
AAEA,
AFFF,
BFFB,
AFAB,
FFFF,
FFEA,
AAAB,
FFFF,
FEBF,
EAFF,
FFFA,
BFAA,
AAAA,
BFAA,
ABFF,
FEA9,
6FF9,
6ABF,
AA56,
EA95,
95AF,
EABF,
EBFF,
FFFE,
AAAA,
6AFF,
FFEA,
AAFF,
FAAA,
55AA,
AAEB,
FAAB,
FFAA,
95AA,
AAFF,
FFFF,
FFFF,
EAAF,
FFFF,
EAAA,
AAAA,
AAA9,
555A,
5555,
5515,
A56A,
AAEF,
FAAA,
BAA9,
6A56,
AFFA,
FBFF,
FBFF,
FAAA,
96A9,
5A95,
6AAA,
AAAA,
AAAA,
AA5A,
FEAA,
AAAA,
AAAA,
A5AA,
FEBF,
BFFF,
FFEB,
FABF,
FFFF,
FFFF,
FABF,
FFFF,
AAAB,
FFFA,
AA55,
FFEF,
9455,
4000,
01AA,
AAAA,
AFEA,
AFFF,
FFEA,
AAAA,
FFFF,
FFEB,
AAAF,
FFFF,
FEAB,
EBFF,
FFFA,
BEAA,
ABAA,
AFEA,
AAAB,
FEA9,
6BF9,
5AAA,
A55A,
E695,
556B,
EA6F,
FEAA,
AFFE,
AAA9,
6EAF,
FFEA,
AABF,
F96A,
55AA,
AAAB,
FFEA,
FFFA,
955A,
BAFF,
FFFF,
FFFF,
ABFF,
FFFF,
E6FA,
BFAA,
AAA9,
5555,
56A5,
5501,
656A,
AAAF,
EAAA,
FAA5,
6E5A,
AAAA,
FFFF,
FFFF,
FEAA,
AAAA,
AA56,
AAAA,
AAAA,
AAAA,
AA9A,
FEAA,
A5AA,
AA95,
556A,
FEBF,
FFEB,
FEAA,
EAAF,
FFFF,
FFFF,
FEBF,
FFFE,
AAAF,
FAFF,
FA51,
BEAA,
506A,
4000,
05AA,
AAAA,
FFEF,
AFFF,
FFAA,
AAAA,
FFFF,
FFEF,
FFFF,
FFFF,
FFAF,
FFFF,
FFFE,
BEAA,
AFFF,
EFFF,
AAAA,
FFA9,
6AA9,
56AA,
A5AB,
A595,
555A,
A95A,
FEA5,
ABFE,
A595,
BEBB,
FFAA,
AAAA,
F96A,
556A,
5AFF,
FFEA,
FFFE,
AA56,
AABF,
FFFF,
FFFF,
AFEA,
AAAF,
AAFF,
FAAA,
AAAA,
6A55,
95A9,
5540,
655A,
AABF,
ABFF,
FAA9,
6A6A,
AFBA,
FFFF,
FFFF,
FAAA,
A95A,
AA9A,
AAAA,
AAAA,
AAAA,
AAAA,
FAAA,
A5AA,
AA95,
556A,
BEAF,
FFAA,
EAAA,
A5BF,
FFBF,
FFFF,
FFBF,
FFFE,
AABA,
AAAF,
E551,
BEAA,
55BE,
4155,
556A,
5AAB,
FFFF,
FFFE,
AFAA,
AAAA,
FFFF,
FFFF,
FFFF,
AFFF,
FFFF,
FFFE,
FFFA,
AAAA,
BFFF,
EFFE,
AAAA,
FFAA,
A969,
5AAA,
A5BF,
9555,
5555,
A959,
AF96,
AAFA,
AA96,
BFFB,
FFA6,
AAA5,
BAAA,
AAAA,
5AFF,
FFFA,
FFFE,
AA55,
AAAF,
FFFF,
FBAF,
AFA6,
AAAE,
AAFF,
FAAF,
AEAA,
AEA5,
A955,
5550,
555A,
AAAF,
ABFF,
AAA9,
6AAA,
BFFE,
FFEF,
FFAA,
FAAA,
A55A,
AA96,
AAAA,
5AAA,
AAAA,
BAAA,
AABA,
A5AA,
AAA4,
56AA,
BE6B,
FAAB,
ABA5,
56BF,
FFFF,
FFFF,
FFAF,
FFFE,
ABE9,
5AAA,
9010,
6AAA,
AAFE,
5195,
556A,
9AAF,
FFFF,
FFFE,
ABFE,
5AAA,
BBFF,
EFFF,
FFFA,
BFFF,
FFEB,
FFFE,
AFEA,
AAAA,
AFFF,
FFFE,
AAAA,
BFAA,
A959,
5AAA,
95BF,
401A,
5555,
5555,
6BAB,
FFFA,
AA56,
AFBF,
FA95,
96A5,
AAAA,
AAA9,
5AFF,
FFFF,
FEBE,
AAAA,
AAAB,
FFFF,
AAAF,
ABAB,
BFAE,
BFFF,
FFEB,
AFAA,
FEA5,
A955,
56A4,
55AA,
AAAA,
EBFF,
ABEA,
9AAA,
FFEA,
FEAF,
FEAA,
AAA9,
555A,
AAAA,
AAAA,
96AA,
E96A,
AAAA,
96A9,
95AA,
AAA5,
55AB,
BEAB,
EBFF,
AAAA,
AAFF,
FFFF,
FFFE,
BFFF,
FFFA,
ABE5,
6AE9,
5014,
6AFF,
FFFE,
55A5,
5A95,
AABF,
FAFE,
BFFA,
AABE,
5AAA,
BBFF,
EBFF,
FFEA,
FFFF,
FFEB,
FEBF,
AFEA,
AAAA,
AFAF,
FFAA,
AAAA,
AB95,
6A55,
555A,
95BE,
401A,
5555,
5555,
5BFF,
FFEB,
AA5A,
AA6F,
AA55,
56A5,
6AFF,
FFFA,
5BFF,
FFFF,
FABE,
AAAA,
ABAA,
AAAF,
AAAF,
AAAB,
FFFE,
FFFF,
FFEB,
EFFF,
BAA9,
6955,
56A9,
55AA,
AFEA,
AABE,
AAEA,
AAAA,
BFAA,
BEBE,
AA5A,
AFA9,
56AA,
5AAA,
AAAA,
5AAA,
F9AA,
AAAA,
A555,
5555,
AAA5,
556B,
EAAA,
ABFB,
AAAB,
EAFF,
FFFF,
FFFE,
AFFF,
FFFA,
AFAA,
BFE5,
0014,
6FFF,
FFFE,
5595,
6F95,
ABFF,
FABA,
BFFA,
A9AA,
5AAA,
BFFF,
FFFF,
AAAB,
FFFB,
EBAB,
FEAF,
ABFE,
AAAA,
BEAF,
FAAA,
AAA5,
5B95,
5655,
5556,
55AE,
4419,
5555,
5556,
AAAA,
BFAA,
A95A,
555A,
6A5A,
55A9,
AFFF,
FFFE,
5BEB,
FFFF,
EEAF,
FAAA,
ABFF,
ABFF,
AAAF,
AA6B,
FFFF,
FFFF,
FFFF,
FFEA,
AAA5,
6555,
55A9,
16AA,
ABAA,
AAAA,
AAAA,
FFA6,
AAAA,
AAB9,
6955,
AFAA,
5AA9,
55AA,
AAA9,
6AAA,
AAAA,
AAAA,
A565,
4055,
AAA5,
555A,
AAEA,
AFAB,
AAAA,
FAFF,
FFFF,
EBFE,
ABFF,
FFEA,
AFAF,
FFF9,
5555,
6FFF,
FFFE,
5695,
AFEA,
AAFF,
EAAF,
FFFA,
A96A,
AAFF,
FFAB,
FFFE,
AABF,
FFEF,
ABAB,
EABF,
FFFE,
AA6A,
AEAA,
FA5A,
AAA5,
5AA9,
5555,
5555,
5569,
4015,
5559,
9555,
6AAA,
FFEA,
A555,
5416,
5A5A,
956A,
AFFF,
FFFE,
56A6,
FFFF,
FFEB,
FEAA,
ABFF,
AFFF,
EABF,
AA6B,
FFFE,
FFEA,
BFFF,
FFAA,
BEA5,
5455,
5565,
559A,
ABAA,
AAAA,
AAAA,
BFA6,
A55A,
AAB9,
555A,
AAA5,
AA99,
556A,
AAAA,
AAAA,
AAAA,
AAFA,
A96A,
4015,
6AA5,
56AA,
AAEE,
AEAA,
AAAA,
AFFF,
FFFF,
FFFE,
AFFF,
FFAA,
AAAA,
FFFE,
4695,
BFFF,
EFFE,
5BEA,
BFEA,
AAAB,
FAAF,
FEAA,
A96A,
FFFF,
FFAB,
FFAA,
EABF,
ABFA,
FFAA,
AAAB,
FFFE,
AAAA,
ABFA,
AA5A,
A595,
5ABA,
5015,
5555,
5015,
0015,
16AA,
6AA9,
6AAF,
FFFF,
A555,
5016,
AAAA,
556A,
ABFF,
FFFF,
9696,
BEBF,
FFAB,
FEAF,
FFFF,
BFFF,
FABF,
AAAF,
AFFF,
FFAA,
BFFF,
FFAA,
FFE5,
A455,
5555,
5555,
6AA5,
6AAA,
AAAA,
AE96,
955A,
5AA5,
556F,
EAA5,
AA9A,
556A,
AAAA,
AAAA,
AAAA,
AAAF,
A95A,
4015,
6AA5,
6AAA,
AABF,
FAAA,
AAAA,
BFFE,
BBFF,
FFFE,
AFBF,
FFFF,
FE5A,
FFFE,
56AA,
FFFF,
FFFE,
9AFF,
FFFA,
EAAA,
BFAF,
FAAA,
555A,
FFFA,
FFAB,
FEAF,
FEAF,
AAEA,
BFEA,
A9AA,
BFEB,
BEAB,
FBFE,
AAAA,
A956,
ABFE,
5015,
5555,
4000,
0005,
56F9,
AAA9,
69AF,
FFFF,
EA55,
5055,
BFF9,
556E,
ABAB,
FABF,
9595,
AABF,
FEBE,
FFAF,
FFFF,
FFFF,
BAFF,
AABF,
AFFF,
FFAE,
AFFF,
EBEB,
EAA5,
A555,
5655,
5A55,
5A55,
56AA,
AAAA,
AAAA,
A516,
5AA5,
506F,
A6AA,
AA9A,
956A,
AAAA,
AAAE,
AAAA,
FAAB,
EA55,
5555,
6AAA,
AF95,
ABFF,
FEAA,
AEAA,
BFFE,
BAFF,
FFFE,
AFAF,
FFFF,
FE9B,
FFFE,
9AAB,
FFFF,
FFFF,
EBFF,
FFFF,
FEAA,
BFFB,
FA5A,
9696,
FFFF,
FFEF,
EABE,
AAAA,
AAA5,
AFEA,
EAAA,
AFAB,
FEAB,
FFFE,
A5AA,
AA5A,
BFFE,
9541,
4000,
0040,
5000,
06F9,
AAA5,
6ABF,
FFEF,
FAA5,
4065,
BFF9,
5069,
6FAA,
AAAB,
9555,
6ABF,
FABA,
BEBF,
FEAF,
FFFE,
BAFF,
AABF,
AFFF,
FFFE,
AFBF,
EBFF,
AA95,
9555,
5555,
6A95,
6A56,
95A9,
6AA9,
6AAA,
A915,
6AA9,
016A,
95AA,
AAAA,
A96A,
AA55,
AAAF,
AAFE,
FA5A,
AA95,
5555,
A6AB,
FFEA,
AFFF,
FEAA,
FFAA,
FFEA,
BAFF,
FFFE,
AFBF,
FFFF,
FFEF,
FFFF,
FEBF,
FFFF,
FFFF,
FFFF,
FFFE,
FEAA,
BFEA,
BA6A,
AAA6,
BFFF,
FFEF,
EAAA,
AAAA,
AEA6,
BF9B,
EAAF,
FAAB,
FFAB,
FFFF,
A9AA,
AA5A,
AFFA,
A555,
5000,
0141,
5001,
06FA,
AE95,
6AFF,
FFAF,
FAA5,
0155,
BFFA,
5455,
BFEA,
AE9A,
9555,
6AFF,
FEBA,
BEBF,
FFEB,
FFFE,
BAFE,
AAAA,
BFFF,
FFFE,
AEAB,
EAAF,
AAA6,
5555,
5555,
6A95,
6A56,
9565,
5565,
5AA9,
5940,
6AA9,
4569,
655A,
AA9A,
BEAA,
AA55,
AAAF,
AAFF,
FA56,
AAA5,
5555,
56AA,
BFFA,
AFAB,
FAEA,
ABAB,
FFAA,
BEFF,
FFFF,
AABF,
FFFE,
FFFF,
FFFF,
FFFF,
FFFF,
FFFF,
FFFF,
FFFA,
FFAA,
AEA6,
BAAF,
AAAA,
AFFE,
AFAB,
FEAA,
AAAF,
FFAA,
AA5A,
FFFF,
FAAF,
EAAB,
FFFA,
AAAA,
AA5A,
ABEA,
A555,
5000,
0555,
5555,
5AFA,
BE55,
ABFF,
FFAF,
EAA5,
1555,
BFFE,
9455,
BEA9,
BE9A,
5556,
ABFE,
BEFA,
FAAF,
FFAF,
FFFF,
FAFE,
95AA,
BFBF,
FFFF,
FABF,
AAAF,
AAAA,
6955,
5555,
AA55,
5A56,
9554,
5554,
5AA9,
5555,
6AAA,
56A5,
555A,
AA56,
AAAA,
AA95,
AAAB,
ABFF,
FA56,
AA95,
5559,
56AA,
BEFF,
FAAF,
FFFA,
BFEF,
FFEA,
AAFF,
FFFF,
FABF,
FFFA,
FFFF,
FFFF,
FFFF,
FFFF,
FFFF,
FFFF,
FFFA,
BEAA,
AAAA,
BEBF,
FAAA,
AAFE,
BFAB,
FFAA,
AAAF,
FFAB,
A56A,
FFFA,
AAAA,
AAAE,
AEAA,
AFAA,
FA5A,
ABFE,
A555,
9400,
0555,
6AA5,
ABF9,
BE55,
AAFF,
FFAF,
E5A5,
15AA,
BFFF,
9001,
AEAA,
BA95,
6556,
AFFE,
BEBF,
AAAB,
FFFF,
FFFF,
EABE,
5595,
ABFF,
FABF,
FABF,
AAAB,
AAAA,
6955,
5695,
AA55,
5546,
9550,
0550,
5569,
555A,
5A5A,
6AA5,
56AA,
AA56,
6AAA,
AAAA,
AAAA,
ABFA,
AA55,
5555,
5556,
AAAA,
AAAB,
FAAF,
FFFE,
BFFF,
EFEA,
AABF,
FFFF,
FFFF,
FFEA,
FFFF,
FFFF,
FFFF,
FFFF,
FFFF,
FFFF,
FFFA,
AAAA,
5AAA,
FFFF,
EAAA,
AAFF,
FFBF,
EBAA,
AEAB,
EAAB,
A6AF,
FFEA,
AAAA,
AAAA,
AAAA,
AFEF,
FE56,
ABFF,
E555,
5514,
0555,
5AA5,
ABFA,
AF96,
AEAA,
AAAF,
A5A5,
55BE,
6FEA,
9001,
BEAA,
AA55,
655A,
BFFF,
FAAF,
AAEB,
FFFB,
FFFF,
EBAA,
5555,
5BFF,
FAFF,
AFFF,
AA6A,
AAAA,
6955,
6A95,
6555,
5415,
5500,
0554,
5555,
556A,
A955,
6AA5,
5AAA,
AA55,
5AAA,
AAAA,
AAAA,
ABAA,
AA95,
555A,
5A56,
AAAA,
EAAA,
FAAA,
EAAA,
FAAA,
AFAB,
EAAF,
FFFF,
FFFF,
AABF,
FFFF,
FFFF,
FFFF,
FFFF,
FFFF,
FFFF,
FFFE,
6AA9,
5AAA,
BFFE,
AABE,
AAFF,
FFFF,
EBEA,
BE9A,
A5AB,
AAFF,
EBEA,
AAAA,
AAAA,
AAAF,
AFFF,
FE96,
AFFF,
F955,
5415,
5555,
59AA,
BFAE,
BE9A,
AEA9,
AAAA,
9554,
16FE,
5AA6,
9001,
AAAA,
A955,
696A,
BFFF,
FA6A,
ABEB,
BFFF,
FEBE,
ABA5,
6555,
56FF,
FBEA,
AFFF,
FAAB,
AAAA,
AAA6,
AA56,
A955,
5405,
5500,
0555,
4555,
556A,
A955,
5AA9,
6AAA,
A6A5,
5AAA,
5AAA,
AAAA,
AA96,
AAA5,
045A,
5656,
AAAB,
FAEA,
FFAA,
AAAA,
E5AA,
AFAB,
AAAA,
AFFF,
FFFF,
AAAF,
FFFF,
FFFF,
FFFF,
FFFF,
FFFF,
FFFF,
FEAA,
6AA9,
5AAA,
AAFE,
5ABF,
ABFF,
FFEA,
AFEA,
AEAA,
A56A,
EBFF,
ABEA,
AAAF,
FEAA,
AAAB,
AFFF,
FF95,
AFEF,
FA55,
5005,
5555,
55AB,
FFAF,
FAAB,
AFA5,
6AA9,
5554,
05AF,
A955,
5001,
6AAB,
EA55,
6A9A,
AFFF,
FAAA,
ABEA,
BEBF,
FEBE,
AA95,
5555,
56AA,
FFF9,
6BBF,
FAAF,
ABAA,
A9AA,
A95A,
A955,
5000,
1500,
0555,
5555,
556A,
AA55,
5AAA,
AAAA,
A6A9,
6AA9,
556A,
AAAA,
A655,
AAA5,
4055,
56AA,
5AAA,
FFEB,
EBEA,
A5AA,
955A,
AFFF,
EAEA,
AFFF,
FFFF,
EAAF,
FFFF,
FFFF,
FFFF,
FFFF,
FFFF,
FFFF,
FAEA,
6AAA,
AAAA,
AABE,
AAAA,
AAFF,
FFEA,
AFEA,
AABA,
956B,
ABFE,
AAEB,
EAAF,
EEEA,
AAAA,
AFFF,
AA95,
AFAB,
FA55,
5005,
5AA5,
5ABF,
FFFE,
AAAA,
AB95,
6EAA,
6550,
016F,
E551,
5541,
6EAF,
EA55,
AAAA,
ABFF,
FAAF,
BFEA,
BEAF,
EAAE,
9595,
5555,
556A,
BFFA,
6ABF,
FAAF,
EAAA,
A955,
A955,
6956,
9000,
0500,
1555,
5555,
6AAA,
AA95,
56AA,
AA6A,
AAAA,
AAA9,
405A,
AAAA,
A555,
6A95,
4055,
55AA,
9AAA,
FFEF,
EAAA,
956A,
956A,
AABF,
EAEA,
AFFF,
FFBF,
EFFF,
FFFF,
FFFF,
FFFF,
FFAB,
FFFF,
FFFF,
ABFE,
AAAA,
ABFA,
AAAE,
AAAA,
AAFF,
FFAA,
BFEA,
AABE,
956F,
ABFE,
AAAB,
EAAF,
AAF9,
AAAB,
EFFE,
AA95,
9AAB,
EA55,
5505,
6AAA,
AAFF,
FFFE,
96AA,
AA95,
BFFE,
A550,
005F,
A555,
5555,
6EAA,
E556,
ABEA,
ABFA,
FAFF,
FFEA,
ABAB,
AAAA,
9555,
5555,
55AA,
BFFE,
AFAF,
AAAB,
FAAA,
A955,
6405,
55AA,
9500,
0015,
5555,
5555,
696A,
A555,
55A9,
556A,
AAAA,
6BA9,
4016,
AAAA,
A565,
5569,
4015,
555A,
9AAF,
FFAB,
95AA,
956B,
AAAA,
AAAB,
AAEA,
AFFF,
FFAB,
EFFB,
FFFF,
FFFF,
FFFF,
FFEB,
FFFF,
FFFE,
AAAA,
AAAA,
ABFE,
BAAA,
AAAA,
AAAA,
FEAE,
BFEA,
EAEE,
96AB,
FAFA,
AAAB,
FAAA,
AAA9,
AAAF,
AFFE,
A955,
5A5B,
E55A,
5545,
AAEA,
FFFB,
FFAA,
9AAA,
AA96,
BFFE,
9555,
501E,
5555,
5555,
6EAA,
A556,
9AE9,
6FAA,
BBFF,
FFEA,
EA96,
AAA9,
5551,
5555,
55AA,
BFFF,
FFEB,
EAAA,
AAA9,
A955,
5401,
55AA,
AA50,
0055,
9559,
5555,
555A,
9555,
5555,
55AA,
AAE9,
5AA9,
5015,
6A56,
9569,
56AA,
4015,
5556,
AAAF,
EA9A,
91AA,
AAAF,
A9AA,
AAAB,
AAEA,
AFFF,
FFEB,
FFFF,
FFFF,
FFFF,
EAFF,
FFFA,
FFFF,
FFFF,
AAAA,
AA9A,
ABFE,
FAAA,
AAAA,
AAAA,
FE6F,
FFFB,
EBEA,
ABAB,
FEBF,
FAAA,
EAAA,
AAA9,
BAAF,
AFFA,
A955,
5A5B,
E55A,
5555,
6AEA,
FFFF,
FBAB,
ABEA,
AFAA,
ABFF,
A5A6,
901A,
5AA9,
6A45,
6EB9,
5555,
9AE5,
6A55,
BFFF,
FFFF,
EA95,
6A95,
5940,
5555,
55AA,
FFFF,
FEFF,
EAAA,
96AA,
A95A,
5400,
55AA,
6A95,
4055,
5519,
5555,
5556,
9555,
5555,
55AA,
AAE5,
55AA,
5005,
6A45,
9569,
5AAA,
4005,
5455,
BAAE,
AA55,
41AA,
AEAF,
EAAA,
AAAF,
BAAA,
AABF,
FEFF,
FFFF,
FFFB,
FFFF,
EBFF,
FFEA,
AFFF,
FFFF,
EAAA,
AA56,
AAFF,
FAAA,
EABA,
AAAA,
FEAF,
FEFF,
AAA6,
AAAB,
FEBF,
FAAA,
AAAF,
EAAA,
BEBF,
FFEA,
5555,
5A9A,
A516,
4155,
5AEA,
ABFF,
FBEB,
EBEB,
FFFA,
FFFF,
EAAA,
9015,
6BEA,
AA45,
AEB9,
0545,
95A5,
6A55,
BAFF,
FEFF,
EA95,
AA95,
5A40,
5555,
55AA,
FBFF,
FAFF,
EAAE,
959A,
955A,
5401,
56A9,
5A95,
5055,
5555,
5455,
5555,
9555,
5555,
55AA,
AAA5,
A5AA,
9505,
6A55,
9555,
56AA,
4005,
5055,
AAAA,
AA55,
46AA,
AEAB,
AAAA,
6ABF,
FAAA,
AABF,
EAFF,
FFEB,
FFAA,
FFFF,
ABFA,
FFAA,
BFFF,
FFBF,
FAAA,
AAAA,
BAFF,
FAAB,
E9AE,
ABAA,
AEAF,
EAAF,
AA55,
AAAA,
BEAF,
FEAA,
AABF,
EAAA,
FABF,
FFAA,
5155,
5AAA,
5005,
0555,
56EA,
AAFE,
ABEB,
EBEB,
FEFB,
FFFF,
FBAA,
9406,
AFEA,
F955,
6EA9,
5541,
5595,
695A,
BAFF,
FFFF,
FFA6,
A6A5,
1A45,
5551,
55AA,
AAFA,
A6FF,
EAAA,
A59A,
5555,
5501,
56AA,
9A95,
5555,
5595,
5055,
5555,
5555,
5554,
1566,
AAAA,
A5AA,
9556,
AA56,
A555,
56AA,
4005,
4055,
AAA6,
AA91,
56AF,
EAAF,
FAAA,
AAAF,
EAAA,
AABF,
ABFF,
FFAF,
FEAA,
FFAA,
ABEA,
FFFB,
FFFA,
FEAA,
AAAA,
ABEA,
BFFF,
FABF,
FAAA,
AAAA,
AAAF,
AAFA,
A955,
AEAA,
FAAF,
FAAF,
ABFE,
AAAB,
FBFE,
AEAE,
5055,
5565,
5015,
1555,
56A9,
AAAA,
ABEA,
AAEF,
FAAA,
BBFF,
FFEA,
A516,
BFEB,
F96A,
AFAA,
5541,
5555,
5AAB,
ABFE,
BFFF,
FFEA,
9595,
1915,
5550,
55AA,
AAAA,
56BF,
FAAA,
556A,
5415,
5555,
56AA,
AAA5,
A956,
9AA5,
5055,
5555,
5555,
5554,
0556,
AAAA,
55AA,
955A,
AA5A,
AA54,
5AA9,
5000,
0556,
AA96,
AA91,
66BF,
EABF,
EAAA,
9AAF,
FAAF,
FEFE,
AEBE,
FFFF,
FEAF,
FFAA,
ABEA,
BFFF,
FFEA,
FFAA,
AAAA,
AFFF,
BFFF,
FAFF,
FEAA,
AAAA,
AABF,
AFFA,
AA96,
AAAB,
FA6F,
EABF,
AFEA,
AAAF,
FFFE,
AFFF,
9555,
5A55,
5415,
5555,
55AA,
6A65,
ABFA,
5BEB,
FAAA,
ABFF,
BFFA,
AA6B,
FFAF,
FAAA,
FAAF,
A901,
4555,
5AAF,
EBFF,
FEAF,
AB96,
9554,
1515,
5540,
5556,
A9AA,
AABF,
FEA9,
5AAA,
A515,
5556,
56AA,
AAA5,
AAAA,
5A96,
5155,
0155,
5555,
5555,
5155,
6A95,
55A9,
555A,
AAAA,
AA95,
69A5,
5550,
5555,
6A56,
5555,
96AF,
EAAB,
EAAA,
95AA,
FEAB,
FFAA,
BEBA,
BEBF,
FFFF,
BFAA,
AAAA,
BFFF,
FFAA,
FFFA,
ABAF,
BFFF,
FFFF,
FEFF,
FFAA,
AAAB,
FFFA,
AFFA,
BE96,
9AAB,
FAAA,
AFFF,
AFEA,
EAAA,
FBFF,
FFFF,
E555,
5A95,
6955,
5555,
55AE,
ABA5,
6AF9,
6BEA,
FAAA,
EABE,
AFBA,
BEBF,
FEBF,
FBEB,
E96F,
E900,
0155,
5AAA,
AAFF,
FAAA,
A655,
5455,
5555,
4000,
0156,
AAAA,
AABF,
FFB9,
6AAF,
F955,
5556,
56A5,
AAA5,
AAA9,
5655,
5555,
5555,
5555,
5555,
5414,
6955,
0654,
555A,
AAA6,
5AA5,
A5A5,
5555,
5555,
6E55,
4056,
96AA,
AAAA,
EAAA,
95AA,
FA6A,
FFEB,
FFBA,
BFBF,
AFFF,
BFAA,
AAA9,
AFFF,
FFEA,
BFAA,
AFEF,
BFAF,
FFAB,
FAAB,
FFFE,
AAAB,
FEEA,
AFFA,
AA55,
5AAB,
FFAA,
BFFF,
FF96,
EAAA,
AAFF,
FABF,
E555,
5695,
5555,
4555,
55BF,
AFF9,
5BF9,
6FEA,
AAFF,
FAAA,
6FEA,
AFFF,
FFFF,
AAEB,
A5AF,
E900,
0155,
555A,
AABF,
FA69,
9555,
555A,
5555,
5005,
0155,
AAAA,
BEBF,
EFFA,
AAAF,
FA95,
5556,
5555,
5555,
6AA5,
5555,
5555,
5555,
0055,
555A,
5400,
1505,
5650,
5A6A,
A955,
6955,
9595,
5555,
6956,
AA50,
0005,
5AAA,
AAAA,
EAAA,
5AAA,
AA6A,
AAFF,
FFFF,
AEBF,
ABFF,
AEAA,
AAA5,
AFFF,
FFEA,
AEAA,
ABAA,
BFFF,
FFAA,
EAAA,
FFEA,
AFAF,
FEAA,
AFFA,
AA5A,
5BFF,
FFEA,
AAFF,
FFE6,
AAAB,
FFFF,
EAAF,
E955,
5555,
5555,
5555,
55AA,
AAF9,
5AF9,
5AF9,
6BFF,
EAA5,
5BEA,
AFFF,
FFAA,
96EA,
96BF,
E500,
0055,
555A,
EAAF,
FA6A,
6555,
555A,
4555,
5555,
4556,
96BF,
EAFF,
EAFA,
AAFB,
AA95,
AA56,
9569,
5555,
6A95,
5555,
5A55,
5555,
0155,
5555,
5000,
0000,
5550,
5AAA,
A555,
A956,
9555,
5555,
6A96,
5540,
0015,
6AAA,
AAAA,
AAAA,
AAAA,
5AA6,
AAFE,
BFBF,
AABE,
AAFF,
AA5A,
AAA9,
AFFA,
AFEA,
AAAA,
AAAA,
FFFF,
FFAA,
FAAA,
ABAA,
ABEB,
FEAA,
BFAA,
5A6E,
9AFF,
FFEA,
AABB,
FFE6,
BAAF,
FFFF,
EAAA,
AAA5,
5555,
5555,
5555,
55AA,
A9B9,
56A9,
55B9,
6ABF,
96A4,
16AA,
FFEF,
FFAA,
56EA,
5AFA,
E400,
0055,
A55A,
EAAB,
FAAA,
AA55,
556A,
8541,
5555,
555A,
95BF,
EAFF,
FBFA,
ABFA,
AAAA,
AA9A,
A5A9,
4156,
A955,
5555,
5A55,
5555,
0155,
5555,
5400,
0000,
5550,
16AA,
A5AA,
A956,
9555,
5555,
6A95,
4550,
155A,
ABBE,
AAAA,
AAAA,
AAA5,
5A95,
5ABF,
FEAF,
AAAA,
AABE,
AA56,
A969,
AFFA,
AFEB,
AAAA,
AAAA,
FFFF,
FEAA,
FEAA,
AAAA,
6BEA,
FEBA,
AAAA,
56AF,
EBFF,
FFEA,
AEAA,
AAEA,
FABF,
FFFF,
AAAA,
AAF9,
5555,
5555,
5555,
5556,
A5B9,
55A5,
55B9,
556E,
55A5,
0196,
ABAF,
FEA9,
46AA,
5BE6,
A400,
0055,
A55A,
AAAA,
FAAA,
A5A5,
546B,
9005,
5555,
555A,
916F,
AAFF,
FFFA,
AFE9,
5AAA,
AAAB,
A695,
515A,
A955,
5555,
5A55,
5595,
4055,
5555,
5400,
0001,
5554,
15AA,
A9AA,
A955,
5555,
5555,
56A5,
4155,
16AA,
EFAB,
BEAA,
AAA9,
56A5,
5AA5,
5AAF,
FEAF,
FEAA,
AAAA,
AA56,
6A6A,
AFFA,
AFAB,
AAAA,
AAAA,
FFFE,
AAAA,
AAAA,
A56A,
5BEA,
BEBA,
AA6A,
96FF,
FFFF,
EFEA,
AEAA,
AAFE,
FFAB,
FEAA,
AAAA,
56A9,
5555,
5545,
4040,
5046,
A56A,
56A5,
59B9,
556A,
5155,
0055,
6AAF,
FEA9,
05AA,
5AE5,
A400,
0155,
655A,
A9AB,
FAFF,
E565,
556A,
9001,
5655,
555A,
505B,
9AFF,
FFFE,
6FE5,
16AA,
AAAB,
9695,
516A,
9555,
5555,
5555,
5555,
5455,
1555,
5400,
0005,
A554,
056A,
AAA9,
9500,
5541,
5555,
55A5,
5069,
06EA,
FFAB,
FAAA,
AAA5,
55A5,
6BEA,
A9AB,
FFAF,
FEAA,
B9AA,
EA56,
AAAA,
AFBF,
AAAA,
AAAA,
AAAA,
BEAA,
AAAE,
AAAA,
E96A,
5AEA,
BEA9,
956B,
9AFF,
EBFF,
AAFA,
AA9A,
AAFF,
FEAB,
FAAA,
AA5A,
5555,
1555,
5540,
5400,
1545,
A95A,
56E9,
6AF9,
556A,
5015,
0000,
16BF,
FAAE,
0055,
1550,
5500,
0155,
555A,
96BF,
FAFF,
E5A5,
55AA,
9001,
5A95,
55A9,
555A,
ABFF,
FFFE,
AFD0,
05AA,
AAAA,
96AA,
946A,
5555,
5555,
5555,
5555,
5555,
5555,
5400,
0005,
A565,
155A,
A965,
5400,
0541,
5555,
5555,
5569,
06AA,
AAAA,
AAAA,
AAA5,
55AA,
BFEA,
AAAA,
FFFF,
FEAA,
AAAA,
AA5A,
AAAB,
AFBF,
AAAA,
AAAA,
AAAA,
AAAA,
FAAA,
5AAA,
AAAE,
9AFA,
AE95,
556F,
AAFE,
ABEA,
AAFA,
AA56,
A6BF,
FFFA,
AAAA,
AA56,
5554,
1555,
5500,
0500,
1555,
AA5A,
9AFA,
AAFE,
9569,
4000,
0000,
06BF,
FEAA,
0000,
0040,
1500,
0155,
5555,
5AFF,
FEFA,
E5A9,
55AE,
9041,
5695,
A5A5,
555B,
ABFF,
FFFA,
AF90,
056A,
AAAA,
95AA,
945A,
5155,
5555,
5555,
5555,
1555,
5555,
4000,
0005,
A6A5,
555A,
5950,
5400,
0040,
5555,
5550,
1564,
05AA,
AAAA,
AA6A,
AAA5,
55AA,
FFEA,
FAAA,
AFFE,
FAAA,
AAFA,
AAA6,
AAAA,
AAFA,
AAAA,
AAA5,
AAAA,
AAAA,
AA55,
5AAA,
AAAF,
AAAA,
6BA5,
516F,
FAFA,
ABFF,
FFEA,
A95A,
A5BF,
FFFF,
ABEA,
AA55,
5501,
4005,
4115,
0540,
1556,
AA6B,
ABFF,
EAFF,
A5A9,
4000,
0000,
06BA,
FE69,
0000,
0000,
0500,
0055,
4551,
56FF,
FFEA,
A5AA,
95BF,
E000,
56A5,
95A5,
55AF,
FFFE,
BEA9,
6B95,
0055,
AAA5,
55AA,
9555,
5555,
5555,
5555,
5505,
0556,
5501,
4000,
0005,
56A5,
56AA,
5540,
1540,
0054,
5555,
5000,
1554,
16BE,
AAAA,
A96A,
AAA5,
556A,
AA96,
FEAA,
ABEA,
AAAB,
AAFA,
AAAA,
AAAA,
AAAA,
AAAA,
AA95,
AAAA,
AAAA,
AA55,
6AAA,
AABF,
AAAA,
5BA9,
55BF,
FEBA,
BFFF,
FFEA,
995A,
A5BF,
FFFF,
FFEA,
AA95,
4001,
4000,
5515,
5400,
5556,
A55B,
EFFF,
FEFE,
AAAA,
9000,
0000,
16BE,
AA50,
0000,
0000,
0100,
0015,
4150,
56BF,
FFEA,
55AA,
A5AF,
E400,
05A5,
55A5,
56AF,
FABE,
BE95,
5A95,
0056,
AAA5,
4156,
9555,
955A,
9555,
5555,
5505,
1555,
5001,
5000,
0155,
5A95,
56AA,
6550,
1A40,
0054,
5515,
4000,
0500,
5AAA,
AA9A,
556A,
AAA5,
556A,
955A,
FFEA,
ABAA,
AAAF,
EAFE,
AAAA,
AAAA,
AAAA,
AAAA,
AA55,
5AAA,
AAAA,
9A56,
AAAA,
AABF,
A56A,
56A9,
55BF,
FEAA,
BFFF,
FFFA,
995A,
AAFF,
FBFF,
FFAA,
AAA5,
4000,
4001,
5555,
5400,
1556,
A55A,
FFFA,
AAAA,
AA5A,
9000,
0000,
19BE,
9540,
0000,
0000,
0000,
0005,
4151,
56BF,
FAA9,
556A,
A56B,
F540,
0155,
4155,
5AEB,
FAAA,
BE55,
5655,
4016,
AAA5,
4156,
959A,
A55A,
5555,
5555,
5515,
5555,
5555,
5000,
0155,
6A55,
555A,
A950,
6A40,
0055,
5505,
4000,
0500,
6AA5,
AA9A,
55AA,
AAA5,
556A,
956A,
AFFA,
AAAE,
AAAF,
AAAA,
AAAA,
AAAA,
AAAA,
AAAA,
AAA9,
AA9A,
6AAA,
A95A,
AA96,
AAAF,
E555,
5569,
55AF,
FAAA,
ABFF,
FFFA,
959A,
ABFF,
FBFF,
FFAA,
AB95,
4000,
0015,
5545,
5400,
1556,
A95A,
FFFA,
AAAF,
AA5A,
9000,
0000,
55BF,
9550,
0000,
0000,
0000,
0001,
5555,
6ABF,
FAA9,
006A,
955B,
F950,
0155,
0055,
6FAB,
FFEA,
BE55,
5555,
4016,
AAA5,
4155,
55AA,
A555,
555A,
5555,
5555,
5455,
5555,
5400,
16A5,
AA51,
555A,
A540,
5940,
0055,
5400,
5400,
0400,
1A95,
6659,
55A5,
5569,
555A,
A569,
5BFE,
AAAA,
AA6A,
AAA5,
9AAA,
A96A,
AAAE,
AAAA,
AAAA,
A956,
6AAA,
E959,
5696,
ABAA,
E554,
1415,
55AB,
FAAA,
EAAB,
FFEA,
96AA,
AFFF,
BFFF,
FFAA,
5A90,
4000,
0015,
5550,
5400,
1505,
5AAB,
EFEA,
AAAF,
EA9A,
9400,
0000,
55BF,
E954,
0000,
0000,
0000,
4000,
5550,
5AAB,
EAAA,
405A,
951A,
A955,
4055,
0555,
AFAB,
FFEA,
A955,
5555,
401A,
AAA9,
1555,
55AA,
9555,
555A,
5555,
1515,
5415,
5555,
5400,
16AA,
AA41,
556A,
A550,
5540,
1555,
5400,
1500,
0000,
1565,
6955,
55A9,
556A,
555A,
AA94,
5AAB,
EAAA,
AA6B,
FFA5,
56AA,
A96A,
AAAA,
AAAA,
AAAA,
A555,
5AEA,
A955,
6A5A,
AB9A,
A554,
1515,
55AF,
EAAA,
FAAA,
FFE9,
56EA,
6FFF,
FFFE,
BEAA,
5A90,
0015,
0005,
A550,
0000,
0000,
16AB,
ABAA,
AAAF,
FA96,
A400,
0000,
05BF,
FE50,
0000,
0000,
0000,
0050,
5540,
5556,
AAAA,
5556,
A516,
A955,
5055,
56A5,
BFAB,
FFFF,
A555,
55A5,
5419,
6AA5,
5A55,
516A,
A559,
555A,
5554,
1415,
5414,
0555,
5400,
555A,
AA41,
6A6A,
A554,
0540,
1541,
A400,
5500,
0000,
156A,
6955,
55A5,
5566,
9556,
FE90,
6AAB,
A6AA,
AAAB,
FFA9,
56AA,
A96A,
AAAA,
AAAA,
9AA5,
55A9,
6AB9,
6955,
696F,
FE56,
A950,
1555,
55BF,
BEAA,
FA6A,
ABEA,
56FA,
AFFF,
FFFE,
FEAA,
5A50,
5555,
4001,
A954,
0001,
0000,
056A,
AAAA,
AAAF,
AB95,
5550,
0000,
01BF,
EE94,
0000,
0000,
0000,
0150,
5500,
4555,
AABF,
955A,
9415,
6A55,
5555,
5AEA,
FEAB,
FFFF,
E655,
95A9,
555A,
5A95,
5A55,
506A,
A959,
5555,
5555,
0015,
5414,
0555,
5505,
555A,
5541,
555A,
A6A4,
0150,
1541,
9400,
5940,
0040,
006A,
A955,
5555,
5655,
5556,
BF95,
6A6A,
AAA9,
AAAA,
AAE9,
56A6,
AAAA,
AAAA,
AAAA,
9555,
AAAA,
AABE,
AA55,
AABF,
FE56,
AA50,
19AA,
AABF,
FEAA,
F96A,
AAFE,
95AE,
BFFF,
FFFE,
FEAA,
5541,
6555,
5400,
6954,
0005,
5000,
0056,
AFAA,
55AE,
BA95,
5A90,
0000,
01BF,
EB95,
5000,
0000,
0000,
0000,
1400,
0155,
6ABF,
A65A,
9005,
6EAA,
A555,
5AEA,
FAAF,
FFBF,
EAAA,
A6B9,
5AAA,
9555,
5A55,
5015,
6AA5,
5555,
5555,
5015,
5454,
0155,
5515,
5515,
5500,
1559,
56A4,
0155,
1555,
5000,
1555,
0140,
016B,
A555,
5555,
55A5,
545A,
AFE5,
AAAA,
AAAA,
6AAA,
AAA9,
56AA,
AAAA,
BAAA,
AA55,
555A,
AAAA,
BABE,
AAAA,
AAAF,
FEAA,
AE95,
6AAB,
AFBF,
FEBE,
F96A,
AAFF,
A5BE,
BFFB,
EBFF,
FA5A,
9541,
695A,
5500,
1555,
0015,
5400,
0555,
BFEA,
AAAA,
BA50,
6BD4,
0000,
01AF,
AE95,
5500,
0000,
0540,
4000,
0000,
05AA,
AABE,
AAAA,
9000,
6A6A,
A955,
6AFA,
BAAF,
EFEF,
AAEA,
A6A9,
5AFF,
AAA5,
6A5A,
5015,
6555,
5555,
5155,
5555,
5010,
0000,
1555,
5515,
4014,
5165,
55A5,
5569,
5555,
0000,
0005,
5550,
06AA,
9506,
9655,
5555,
515A,
ABEA,
AAAA,
AAAA,
AAAA,
96AA,
5AAA,
AAAA,
FAAA,
A955,
956A,
AAAA,
BABF,
AAAA,
6AAB,
ABBE,
AF95,
BFFF,
FFAF,
FFFE,
A5AA,
96FE,
AAFE,
BFFF,
ABFF,
E96B,
E541,
A55A,
5540,
0555,
0100,
5400,
0555,
BFFF,
FAA5,
B940,
5B94,
0000,
015A,
AA55,
A940,
0014,
0454,
0000,
0000,
05BF,
BFFE,
AAAA,
A400,
695A,
A555,
ABFE,
FFFF,
EFEF,
A6AA,
A555,
5BFF,
FAA9,
6A95,
5005,
5555,
5555,
5155,
5555,
5054,
0000,
0155,
5555,
0015,
5554,
0559,
555A,
9505,
0000,
0005,
56A5,
06AA,
5506,
9540,
5555,
5556,
ABEA,
A5AA,
AAAA,
95AA,
AAAA,
AAAA,
AAAA,
AAAA,
A556,
956A,
6AA9,
FAAE,
AAAA,
6AAA,
ABFF,
AF95,
AEBF,
FFAA,
FFFA,
A5AA,
96BE,
6AFF,
FFAF,
EBFF,
AAAF,
E501,
A555,
5540,
0154,
0000,
1500,
0556,
AFFF,
AAF5,
B900,
5AA5,
1500,
0005,
5545,
9500,
0154,
0054,
0000,
0000,
16BF,
FFFF,
AAAB,
F905,
155A,
A55A,
BFFF,
FFFF,
AFFF,
9696,
A541,
6BFF,
FA55,
6955,
5555,
5595,
5555,
5155,
6955,
5555,
0000,
4155,
5554,
0056,
A555,
5159,
6A9A,
9500,
0001,
0015,
AABE,
5595,
5505,
5554,
5555,
5A55,
AAAA,
AAAA,
A6AA,
556A,
AAAA,
55AA,
AAAA,
AAAA,
A555,
A5AA,
6A5A,
FEAA,
BAAA,
BAFA,
ABEA,
AA95,
6AAF,
FAAE,
AF96,
E96A,
AAFE,
AABF,
FFEF,
FFFF,
AABE,
A941,
5695,
5540,
0140,
4000,
1540,
0555,
AFFE,
ABF9,
A541,
AFF9,
5500,
0006,
9555,
5004,
0155,
4010,
0015,
4014,
1AFF,
ABAB,
FAAF,
F905,
0156,
A56F,
FFFF,
FFFE,
AEAF,
9695,
5545,
6FFF,
FA5A,
6955,
5556,
96A5,
5555,
5141,
5A55,
5569,
0055,
5555,
0555,
0555,
9545,
5556,
AAAA,
A500,
0000,
0155,
B9AF,
AAAA,
5100,
5955,
1555,
5955,
A6AA,
AAAA,
96A5,
56AA,
BAA9,
55AA,
AAAA,
A95A,
A556,
9AA9,
5555,
FFAA,
FAAA,
FABA,
AFA5,
A950,
6BAA,
AAAF,
AF96,
BA5A,
FFEA,
AABF,
FFFF,
FAFF,
FABA,
6940,
5695,
5540,
0000,
4000,
0540,
1555,
6FAA,
AAB9,
5545,
BFFE,
5500,
0006,
E555,
0000,
016A,
5000,
0155,
5555,
5BFE,
ABAB,
FEBF,
A900,
0155,
556F,
FFFA,
FFFA,
5A6F,
95A5,
5556,
AFFF,
FA56,
6556,
5596,
AAA5,
5555,
4101,
5A55,
5569,
0014,
5555,
0555,
5555,
5545,
5555,
AAAA,
9410,
0000,
0156,
F9AF,
AAAA,
5000,
5955,
5555,
5555,
A9AA,
AA55,
5555,
6AAA,
AAA9,
6AAA,
955A,
A95A,
A555,
5555,
5555,
BFAA,
FAAE,
A9AA,
AFE9,
A951,
6ABE,
5ABE,
BEAA,
A95A,
FFAB,
A9AB,
FFFB,
EAFF,
FEAA,
5955,
5A55,
5400,
0000,
0000,
0001,
5555,
AFBE,
A965,
5556,
BFFF,
9000,
005A,
D550,
0004,
15AA,
9555,
0001,
5555,
5BEA,
6BAF,
FFEF,
9900,
0155,
555B,
FFEA,
AAE9,
55AF,
E565,
55AB,
FFFE,
AA55,
5556,
5696,
AA95,
5554,
0105,
5555,
4555,
0000,
1555,
4055,
5555,
4556,
9555,
A95A,
9451,
4000,
01AA,
A96A,
9A95,
5000,
5555,
5555,
5555,
A9AA,
A955,
6956,
AAAA,
AAAA,
AAAA,
555A,
AA96,
A955,
5565,
5555,
BEAA,
AAAE,
A6AA,
ABE9,
AA51,
BEAA,
5AFE,
BEB9,
6556,
FEAF,
A96B,
FFEA,
AAFF,
FEAA,
5A55,
5655,
4000,
0000,
0004,
0505,
4555,
AEAE,
9555,
5556,
BFFF,
9001,
55AA,
E550,
0015,
1AAB,
E555,
4001,
5569,
5BAE,
ABBE,
AFAA,
5500,
5015,
555A,
ABE5,
AAE5,
55BF,
D059,
55BF,
FFFA,
AA96,
955A,
5555,
AA95,
5550,
1515,
5515,
5154,
0014,
1555,
0015,
5555,
5516,
555A,
A955,
5015,
5404,
01AA,
9555,
56A5,
5551,
6A95,
5555,
555A,
A9AA,
5695,
655A,
AAAA,
A95A,
AAAA,
555A,
AAAA,
9555,
55AA,
6555,
FAAA,
AAAB,
AAAA,
6AFA,
AE55,
BEAA,
5AFF,
FFF9,
5556,
FFFE,
A96F,
FEAA,
AAFF,
FAAA,
5A55,
5555,
0000,
0000,
0010,
0555,
0015,
6EAA,
5515,
55AA,
AFFE,
5005,
55BE,
E954,
0059,
5AAF,
EAAA,
9414,
55AA,
ABFE,
AFFA,
6E9A,
4500,
5005,
555A,
ABE5,
AAE5,
A9BF,
9015,
56BF,
FFEA,
AAAA,
956A,
A555,
5555,
5551,
5555,
5415,
5014,
0055,
0154,
0000,
5555,
5515,
555A,
AA55,
4001,
5545,
4156,
5000,
16AA,
5695,
6955,
5555,
556A,
AAAA,
95A5,
AA95,
696A,
5555,
AAA9,
55AA,
AAAA,
555A,
556A,
A555,
FAAA,
ABAB,
EAAE,
5AFF,
FE95,
AEAA,
ABFF,
FFF9,
5516,
FFFE,
FEAF,
FAAA,
9AFF,
EAAA,
5A55,
5555,
4000,
0000,
0054,
0155,
0055,
6956,
5555,
55AA,
AAFD,
5015,
AABE,
B955,
005A,
5AAA,
AAAA,
A555,
016F,
ABFE,
BFE9,
5A55,
5005,
5005,
545A,
AAA5,
96A5,
A97E,
505A,
ABFF,
FFAA,
AAAA,
A55A,
5555,
5545,
5505,
5555,
5415,
5000,
0555,
0004,
0150,
5555,
5555,
5516,
AA95,
4001,
5555,
5555,
4000,
1AA5,
6555,
5555,
5555,
566A,
A96A,
956A,
A6A5,
6969,
5555,
AAA5,
55A9,
AAA5,
556A,
556A,
9555,
EAAA,
ABAA,
E5AE,
AABF,
AA55,
6BAB,
FFFF,
FEA5,
1556,
FFFA,
FFAF,
EAAA,
AABE,
AA95,
6A55,
555A,
5115,
0000,
0050,
0055,
0159,
6505,
5555,
5AAA,
56B9,
4015,
BABF,
BA55,
555A,
AA95,
BFAE,
A555,
016B,
ABFA,
BFA5,
1554,
5015,
5405,
505A,
AA95,
55A5,
B96A,
516A,
AFFF,
FFEF,
EAAB,
A959,
5555,
5555,
5505,
5555,
5405,
5000,
1555,
0004,
0554,
0055,
5555,
5505,
6A6A,
4001,
5555,
A551,
0000,
1555,
9555,
5555,
5555,
5556,
A56A,
955A,
A595,
5969,
5556,
9555,
5565,
55A5,
56AA,
56AA,
5656,
EAAA,
AAA6,
A9AE,
AFAA,
9555,
6BAF,
FFFF,
FA50,
155B,
FFF9,
FFAF,
FFFA,
AAAE,
AAA5,
6A95,
556A,
5555,
4000,
0050,
0155,
41A9,
5401,
5105,
6AAA,
4569,
0005,
AEFF,
BE56,
955A,
AA91,
BFAF,
A5A5,
556A,
AFFA,
BE95,
0150,
1555,
5001,
505B,
FA55,
51A5,
A515,
45BE,
AFFF,
FFFF,
FFAB,
EA59,
5555,
5555,
5405,
5555,
5405,
4000,
1554,
0055,
1554,
0055,
5555,
5401,
695A,
4000,
0155,
5540,
0140,
0555,
9555,
5555,
5456,
A955,
55AA,
9555,
A555,
5AA5,
5556,
5555,
5555,
5555,
5A6A,
5AAA,
569A,
EAAA,
BA96,
AABE,
AFAA,
9506,
BAAF,
FFFF,
F940,
155B,
FFF9,
BBFF,
FFFA,
A9AF,
FAA9,
5555,
566A,
5555,
4000,
5454,
1515,
51A5,
0100,
4001,
6AAA,
5014,
0001,
6AFE,
AA5A,
FAA9,
5A41,
BFBF,
A5A5,
5AAA,
AFBF,
FE55,
0054,
16A5,
5001,
506B,
F955,
5595,
5405,
05BF,
AFFF,
FFFF,
FFEA,
E959,
5555,
5555,
5515,
1505,
5005,
4150,
0414,
0155,
5554,
0055,
5555,
5501,
A955,
4000,
0015,
0000,
0140,
0055,
9541,
5055,
5556,
AA55,
5A96,
5555,
5555,
5595,
555A,
5555,
5555,
5555,
5955,
6AAA,
56AA,
A9AA,
FEAA,
AAFA,
BAAA,
A406,
FAFF,
FFFF,
F940,
156B,
BFFA,
BBFF,
EFFE,
A9AF,
FAA9,
5555,
556A,
9555,
4000,
5555,
5555,
5555,
0150,
0050,
56A9,
5400,
0000,
15FA,
56AA,
FEA5,
5501,
BFBE,
56AA,
6BEA,
AAFF,
A940,
0054,
16A5,
5001,
55AF,
E955,
5A94,
0005,
55AF,
AFFB,
EABF,
FFFA,
A959,
5555,
9455,
5555,
0405,
5015,
5554,
0015,
0555,
5555,
0065,
5554,
5545,
A955,
4000,
0014,
0000,
0150,
0155,
5500,
5555,
5556,
5A55,
AA55,
5555,
5555,
5555,
555A,
9555,
5555,
5555,
5555,
5A56,
555A,
EAAF,
FEAF,
ABFA,
B966,
A406,
ABFF,
FFFF,
FE54,
556A,
ABFF,
FFFF,
EBFA,
AABF,
FAA9,
5555,
556A,
9415,
0000,
1555,
5555,
A454,
0150,
0154,
0155,
5500,
0000,
01A5,
55AA,
FE96,
9401,
BEAE,
56EA,
AFFA,
FABE,
A500,
0010,
16A5,
5145,
A5BF,
9555,
6A94,
0015,
55AF,
FFFF,
EAAF,
EAEA,
9555,
5555,
9455,
5555,
0005,
4055,
5555,
0055,
5555,
5555,
0555,
5555,
5156,
A955,
4015,
0055,
0001,
5055,
55A4,
5500,
5555,
5555,
AA55,
AA56,
5555,
5555,
9565,
5556,
A955,
5555,
5555,
5555,
5555,
5656,
FABE,
BFAF,
AFBE,
BA5A,
9555,
6BFF,
FFFF,
FE95,
506A,
AFFF,
FFBF,
FFFA,
AAFF,
FEA9,
5565,
556A,
9405,
0000,
0556,
AAA5,
5500,
0150,
0554,
0055,
5540,
0000,
01A4,
16AA,
FAA9,
A401,
6EAA,
5AFE,
BEAA,
FAFB,
E500,
0014,
01A5,
5555,
AABE,
966A,
AB95,
4015,
55AF,
FFFF,
FEAF,
A6E9,
9555,
5556,
9555,
5559,
0001,
0040,
0555,
5555,
5555,
5555,
1555,
5555,
5555,
6955,
5015,
0155,
0055,
6555,
56A4,
0000,
5555,
5555,
6A56,
A95A,
5555,
5555,
A5A5,
5555,
6A55,
5555,
5555,
5559,
5555,
5556,
FFFE,
AFAF,
AFAA,
BE56,
9555,
6FFF,
FFFF,
FF94,
0055,
AFFF,
EEFE,
AEBA,
AAFA,
FFAA,
95A9,
5569,
5054,
0000,
0155,
6AA5,
5400,
0054,
0554,
0050,
5140,
0000,
0190,
6AAA,
FAAA,
A915,
6AA6,
9AFE,
AA56,
AAEA,
F900,
0054,
0194,
45A6,
BFFE,
55BF,
AE95,
5415,
556F,
FEBF,
FFBE,
96A5,
5555,
556A,
A555,
5555,
0550,
0150,
0155,
5555,
6A95,
5555,
5554,
1555,
5555,
6555,
5554,
0555,
0155,
695A,
56A5,
4000,
1555,
5555,
5696,
A5AA,
5555,
5555,
6955,
5555,
6955,
5555,
555A,
5555,
5555,
5559,
EFFF,
EBAB,
AAAA,
AA56,
9555,
6FFF,
FFFF,
AA54,
0155,
BFEB,
AAFA,
AAAA,
BFEA,
BFE9,
AAF9,
5065,
5155,
0000,
0555,
AAA9,
4000,
0155,
0100,
0000,
5014,
0000,
0141,
BAAE,
AAAE,
AA55,
AB96,
9AAA,
5A95,
6BA5,
A900,
5054,
0040,
15AA,
FFFE,
55BF,
FA55,
5055,
556F,
FEAF,
FFFE,
5595,
5555,
556A,
AAA5,
4555,
5540,
0050,
0055,
5155,
6A95,
5555,
5555,
0555,
5555,
A555,
5554,
0555,
556A,
5A56,
96A5,
4000,
5555,
5555,
5555,
95A9,
556A,
5555,
6955,
5555,
5A95,
5555,
556A,
5555,
5555,
5559,
AEBF,
EAAA,
AAAA,
AA95,
5A55,
6FFB,
FEAA,
A554,
0156,
FFEA,
9AEA,
AAAA,
FFAA,
BFA9,
BEA5,
4055,
5050,
0000,
0055,
6AAA,
5400,
0015,
5000,
0000,
5515,
0000,
0016,
FE6E,
56AE,
6A56,
AEAA,
56AA,
5AA5,
AFE5,
6900,
5054,
0000,
65BF,
FFFE,
95BE,
FA56,
A555,
556B,
FEAF,
AFFF,
9555,
5695,
55AA,
AAA9,
4155,
5555,
0000,
0055,
5555,
5550,
5555,
5555,
0155,
555A,
A555,
5654,
555A,
55AA,
9AA6,
A5A5,
4000,
1055,
4555,
5555,
5555,
56A9,
5555,
5555,
5555,
6A55,
5555,
5A55,
9555,
5555,
5555,
BEAA,
AAE5,
A96A,
9AE5,
5A55,
6FE6,
FE95,
A914,
0156,
FFFE,
ABEA,
AAAB,
EFAB,
FFA9,
6A95,
0055,
5000,
0000,
0055,
6A56,
9500,
0000,
5400,
0000,
0541,
0550,
055B,
FD6A,
555A,
595A,
FAE9,
55AA,
56EA,
FFA9,
5555,
5054,
5001,
69BF,
FFFF,
E5BA,
F95A,
AAA5,
5AAF,
FEAE,
6FFF,
95A5,
AA9A,
516A,
AAA9,
5541,
5555,
5540,
0041,
556A,
5551,
5555,
5551,
0001,
555A,
A569,
55A5,
55AA,
A5AA,
96E5,
A555,
4000,
0015,
5405,
5555,
5555,
55A5,
5515,
5555,
5955,
A955,
5555,
5955,
5555,
5555,
5555,
AAAA,
ABE5,
A55A,
AA95,
5A55,
6F97,
FF95,
B900,
0156,
BFFA,
BFEA,
ABFA,
EAAB,
FFFA,
5955,
0405,
4000,
0000,
0005,
A955,
5540,
1040,
5500,
0000,
0140,
0550,
155B,
E969,
5505,
5A6B,
FFF9,
5569,
46EA,
FF95,
4155,
5055,
5555,
65BA,
FFFF,
EAA9,
A95A,
AFF9,
5AAF,
FFFF,
ABBE,
A5AA,
BE5A,
9555,
5AA9,
5541,
5655,
5555,
0101,
556F,
9555,
5555,
5540,
0001,
5556,
956A,
5555,
55A6,
AAAA,
56A5,
5456,
4000,
0005,
5005,
5555,
6555,
5555,
5555,
5555,
5A55,
5555,
5554,
5955,
5555,
5555,
5555,
AAAA,
BFF5,
5555,
A555,
569A,
AF96,
FF95,
A900,
0555,
ABFA,
FFFE,
AAFA,
AAAB,
FFBA,
5A45,
0005,
4000,
0400,
0001,
5694,
0540,
1450,
5900,
0000,
0140,
0550,
155A,
E559,
5015,
5AAB,
AAFD,
5055,
05A6,
BA40,
0055,
5055,
5556,
A9A5,
BFFA,
BFF9,
5556,
ABA9,
596F,
FFFF,
EAAA,
AAAA,
FE55,
A555,
5655,
5555,
5555,
5555,
4500,
556F,
9555,
5555,
5501,
0155,
555A,
956A,
5555,
5555,
AA5A,
5590,
5415,
4000,
0015,
4015,
5555,
5555,
5555,
5559,
5556,
AA55,
5555,
5555,
5555,
5555,
5555,
5555,
BFEA,
BFF9,
5541,
5555,
5AFF,
FF96,
FA95,
5540,
0556,
BFFA,
FEBF,
AABA,
AAFF,
FEAA,
5A45,
4055,
4000,
0000,
0000,
0555,
0040,
0000,
1500,
0000,
0100,
5555,
055B,
EA55,
4011,
556A,
AAFE,
5015,
0191,
A900,
0055,
4055,
5556,
AAA5,
BEEA,
ABF9,
5556,
96A9,
AAAF,
FFFF,
F969,
69AF,
FE55,
A950,
0555,
5555,
4551,
5555,
0000,
556A,
9159,
5555,
5504,
0155,
415A,
5555,
5555,
5595,
AA56,
A450,
0015,
4000,
0055,
5055,
5555,
A955,
5555,
555A,
56A5,
5655,
5555,
5555,
5555,
5555,
5555,
5555,
FFEA,
BFE9,
5400,
1169,
ABFF,
FFAA,
FE95,
5540,
1556,
BFFF,
FEBF,
FABA,
ABFF,
AAAA,
5A45,
4155,
0000,
0000,
0004,
015A,
4000,
0000,
0000,
0000,
0005,
5555,
055B,
AE51,
4000,
556E,
AFFE,
5455,
0150,
5400,
0050,
4055,
4006,
AAFA,
FFAA,
ABF9,
695A,
56AA,
FFBF,
FFFF,
FAA9,
556E,
AA55,
A540,
0155,
5545,
4551,
5555,
0100,
1556,
9069,
5540,
5500,
0005,
4155,
5555,
5555,
A695,
695A,
A500,
0155,
5000,
0155,
5455,
55A5,
A9A5,
5555,
5555,
55A5,
55A5,
5555,
5556,
5555,
5555,
5555,
5555,
FFFA,
AAA9,
5000,
55BA,
BFFF,
FFEB,
FF95,
5550,
5555,
FFFF,
FABF,
FEB9,
AFFF,
AAAA,
5941,
4159,
4000,
0000,
0004,
015A,
4000,
0000,
0000,
0000,
0005,
5555,
556F,
BE55,
4000,
05AE,
AFAA,
A555,
0000,
0000,
0000,
0015,
0005,
56FA,
BFAE,
ABF9,
BEAA,
96EB,
FFFF,
FFFF,
FBFA,
A5AA,
A96A,
9400,
0155,
5555,
4505,
5555,
4500,
0555,
5155,
5555,
4500,
0001,
4055,
5555,
5555,
5A95,
555A,
A940,
0155,
5400,
0555,
5555,
5595,
A5AA,
5555,
5555,
5555,
5555,
5555,
5555,
5555,
5555,
5555,
5555,
FFFE,
A555,
5000,
55BA,
FFFF,
FFFF,
FF95,
5550,
1505,
BFFF,
FABF,
FEAA,
BFFF,
AAAA,
6940,
0155,
4000,
0000,
0004,
0016,
4000,
0000,
0000,
0000,
0005,
5555,
6AAF,
BF55,
5400,
15AA,
AF95,
6565,
0010,
0000,
0004,
0005,
4001,
56BE,
AFFF,
ABFA,
FFAE,
A6FF,
FFFF,
FFFF,
FFFF,
EAAA,
556A,
A500,
0155,
5555,
5505,
5555,
4500,
0555,
5555,
5555,
5001,
0000,
0004,
5555,
5555,
5A55,
555A,
A940,
0155,
5400,
0555,
5555,
5555,
5569,
5555,
5555,
5555,
5555,
5555,
5555,
5555,
4055,
5555,
5555,
FFFF,
E555,
A404,
69BA,
FFFF,
FFFF,
FFE5,
5500,
0401,
BFFF,
FAFF,
FAEA,
BFFE,
AAFE,
A940,
0015,
0050,
0000,
0014,
0005,
4000,
0000,
0000,
0001,
4015,
5555,
6EAF,
AF95,
5555,
5A55,
6A55,
5554,
0154,
0000,
0015,
0000,
4001,
56BE,
ABFF,
ABFF,
FBFF,
EAEF,
FFFF,
FFFF,
FFFF,
FBAA,
5AAA,
A555,
5405,
5555,
5405,
5555,
4100,
0555,
5554,
5556,
9405,
5500,
0000,
5555,
5555,
5555,
5556,
A940,
0005,
4000,
0155,
9555,
5555,
5555,
5555,
5555,
5565,
5555,
5555,
5555,
5555,
4155,
5555,
5545,
FFFF,
A545,
A945,
69BA,
FFFF,
FFFF,
FFF9,
5401,
0000,
7FFF,
FEFF,
EAA6,
BFBA,
9AFE,
A940,
0005,
0054,
0001,
4010,
0000,
4000,
0000,
0000,
0150,
5014,
0500,
6E6A,
5B95,
96AA,
6A55,
5945,
5540,
0154,
0100,
0015,
5000,
0000,
46FE,
ABFF,
AFFF,
FAFF,
FFFF,
FFFF,
EBEB,
FAFF,
EAFE,
6AAA,
A565,
5405,
5555,
5400,
1551,
4150,
0555,
5555,
5006,
A555,
5554,
4101,
5555,
5555,
5555,
4505,
6955,
0001,
4000,
0055,
5555,
5555,
5555,
5555,
5555,
5565,
5555,
5555,
5555,
5555,
5554,
5555,
5500,
FFFF,
A506,
F955,
69BF,
FFFF,
FFEF,
FFF9,
5400,
5500,
6FFF,
FFFF,
FA95,
BFFE,
AAFE,
B940,
0001,
0000,
0000,
0000,
5000,
0000,
0000,
0000,
0550,
0014,
0000,
6959,
1A95,
5AFE,
9A95,
5540,
5500,
0054,
5540,
0005,
5400,
0000,
06FA,
ABFE,
AFFF,
FABF,
FFFF,
FFEA,
96EA,
AABF,
AAFE,
AFAA,
A6A5,
5455,
5055,
4400,
1541,
5555,
0555,
5555,
5005,
AA59,
5540,
5505,
5555,
5555,
5555,
0001,
6555,
4000,
0000,
0015,
5555,
5555,
5555,
5555,
5555,
5555,
5555,
5555,
5555,
5155,
5555,
5555,
5501,
FFFF,
955A,
FA55,
BEFF,
FFFF,
FFEF,
FFF9,
5000,
5500,
2FFF,
FEFE,
FE55,
ABFE,
AAFF,
EA50,
0000,
0000,
0000,
0000,
5000,
0000,
0000,
0000,
0050,
0014,
0000,
1415,
1695,
6AFF,
9BE9,
5550,
1555,
0014,
5500,
1401,
5500,
0001,
06EA,
ABFA,
AFFF,
F9AF,
FFFF,
FAAA,
56A6,
56BE,
AAFF,
FFA6,
AAA9,
5555,
4015,
1540,
0145,
5555,
0155,
5555,
5405,
AAAA,
5540,
5001,
5555,
5515,
5555,
0000,
15A9,
4000,
0000,
0055,
5555,
5555,
5555,
4155,
5555,
5555,
555A,
5655,
5555,
4055,
5555,
5555,
5541,
FFAF,
955B,
FF96,
FFFF,
FFFF,
FFEB,
FFF9,
5450,
0500,
1BFF,
FABA,
BAA6,
ABFA,
AAFF,
EA90,
0000,
0000,
0000,
0000,
5000,
0000,
0000,
0000,
0000,
0004,
0000,
0001,
5556,
AFFF,
ABEA,
AA94,
1555,
4004,
5400,
1400,
5400,
0015,
57EA,
AAE9,
6FFF,
F9AB,
FFFF,
FAAA,
55AA,
55AA,
AAFF,
FAAA,
AAAA,
9555,
4004,
1550,
0015,
5565,
0155,
5555,
5555,
6A95,
AA40,
0001,
5555,
5501,
1555,
5000,
06A9,
4000,
0005,
0004,
0150,
5555,
5555,
4155,
5555,
5555,
55AA,
5695,
5555,
4015,
4555,
5551,
5555,
BFAB,
955B,
FFEA,
FFFF,
FFFF,
FFEB,
FEAA,
5050,
0000,
16FF,
F96A,
AAAA,
ABFB,
EAAE,
AA90,
0000,
0000,
0010,
0004,
0000,
0000,
0000,
0000,
0000,
0415,
0000,
0001,
6955,
AFFB,
EFAA,
FF95,
5555,
0000,
5415,
5400,
1000,
0155,
5BEE,
56A5,
6FFF,
FAAF,
AAFF,
FEAA,
AAAA,
95BA,
AAFF,
FEEA,
A9AA,
A954,
5000,
1554,
0055,
5555,
0155,
5554,
5555,
5555,
BE40,
0000,
5555,
5500,
1555,
5400,
06A9,
5000,
0000,
0000,
0040,
5555,
5555,
5555,
5555,
5555,
55AA,
5555,
5555,
0005,
0155,
5540,
5555,
BE5A,
A95B,
FFEB,
FEFF,
FFFF,
BFEA,
AAA9,
5445,
4000,
05BF,
F955,
6AAB,
ABFF,
FEAA,
AA50,
0000,
0000,
0014,
0000,
0000,
0000,
0000,
0000,
0000,
1555,
4000,
0006,
BA55,
AFFA,
FA9B,
FEA9,
5515,
4005,
5555,
5500,
1000,
0555,
16BE,
A555,
6FFF,
FBFF,
BFFF,
FFFF,
FAAA,
56BA,
AABF,
FFAA,
A566,
A550,
5540,
1555,
5555,
1554,
0155,
5554,
5555,
5555,
BE40,
0000,
1555,
5000,
1555,
9550,
16A5,
5000,
0000,
0000,
0000,
5455,
5555,
5555,
5555,
5555,
55AA,
9555,
5555,
0140,
0005,
4000,
5555,
FE55,
6A6B,
FEAB,
FAFF,
FFFE,
BFEA,
A5A9,
5005,
9000,
016F,
E955,
6BAB,
EBFF,
FF9A,
A940,
0000,
0000,
0014,
0000,
0000,
0000,
0000,
0000,
0000,
1555,
5000,
0016,
FA5A,
AFAA,
FF9B,
FEAA,
9555,
5555,
555A,
5540,
0000,
0550,
05BE,
FA69,
AFFF,
EAFF,
FFFF,
FFFF,
FFFA,
56FA,
AABF,
FEAA,
9555,
5540,
5550,
5555,
5555,
1404,
0055,
4554,
5555,
5555,
AA40,
0000,
1555,
0000,
5556,
A555,
5555,
5000,
0000,
0000,
0141,
5015,
5555,
5155,
5555,
5555,
5555,
5555,
5555,
0154,
0005,
5001,
5555,
F955,
6EAF,
FEAA,
EAFF,
BFFE,
BFFA,
A955,
4006,
9000,
416F,
EA96,
BFAF,
ABFF,
EE56,
A941,
0000,
0000,
0014,
0000,
0000,
0000,
0000,
0400,
0000,
0555,
5400,
0556,
AAAF,
FEAA,
BFEA,
AEAA,
A955,
5696,
A5AF,
A940,
0015,
5550,
05BE,
BEBA,
BFFE,
AAFF,
FFFF,
FEFF,
FFFE,
56BF,
FABF,
FEAA,
9555,
5541,
5555,
5559,
5555,
5400,
1555,
4555,
5555,
5555,
5550,
0000,
1554,
0000,
5556,
AAAA,
9500,
5000,
0500,
0000,
0551,
5015,
5555,
5555,
5555,
5555,
5555,
5555,
5555,
5555,
0015,
5501,
5555,
E954,
6FBE,
FFEA,
ABFF,
AFFE,
BFFE,
AA50,
0006,
8000,
01BF,
FAAA,
FFBF,
9BFF,
FE56,
6951,
5000,
0000,
0000,
0000,
0000,
0000,
0000,
5540,
0000,
0164,
1554,
1556,
AABF,
FEAA,
EBEA,
6AAA,
5945,
5AAA,
A5BF,
F940,
0015,
5555,
55BA,
AAFE,
FFEA,
6AFF,
FAFB,
FABF,
FFFF,
96FF,
FEFF,
FEAA,
9555,
6555,
5555,
5569,
5555,
5500,
15AA,
5555,
5550,
0555,
5555,
0000,
1554,
0010,
4155,
AAAA,
9500,
1000,
0540,
0000,
0541,
5555,
5555,
5505,
5555,
5555,
5555,
5555,
5695,
5555,
4015,
5541,
4555,
E5A5,
6EAE,
AFFA,
ABFF,
FFFA,
BFFE,
AF94,
0405,
4000,
06FF,
FFEB,
FEBF,
9BFF,
FF9A,
5955,
5400,
0000,
0000,
0000,
0000,
0000,
0000,
5040,
0100,
0065,
56A5,
6AAA,
EBFF,
FE6A,
EAE9,
5AAA,
5501,
5AAA,
556E,
F900,
0015,
5555,
65A9,
5AFF,
FFFA,
6ABF,
EBFA,
E6BF,
FFFF,
96BF,
FFFF,
FE5A,
5555,
6955,
5555,
5569,
5555,
5500,
5AAA,
A555,
5554,
5015,
5555,
4000,
1450,
0554,
0556,
AA96,
9140,
1400,
1555,
0000,
0001,
5555,
5554,
0400,
0155,
5555,
556A,
9555,
5695,
A955,
4055,
5540,
0155,
EAFA,
6A6E,
ABFA,
ABEA,
BFE9,
BFEA,
6B94,
0000,
0000,
1AFF,
FFFF,
FFFF,
9BFF,
FE9A,
9555,
A500,
0000,
0000,
0000,
0000,
0000,
0000,
0000,
5540,
016A,
ABFA,
AAAB,
ABFF,
FEAB,
E5A5,
456F,
8001,
6BAA,
555A,
B905,
1015,
5455,
AAA9,
AAFF,
FFFE,
6AFF,
AFFA,
E5BF,
FFFF,
96BF,
FFFF,
AA55,
5555,
5555,
1555,
5555,
4055,
5540,
5A96,
9541,
1555,
5455,
5555,
5400,
0000,
5555,
0556,
AAA6,
9150,
1400,
1555,
5400,
0550,
1595,
5555,
1400,
0155,
5555,
555A,
A555,
5655,
A555,
4155,
0000,
0155,
EAFA,
6AAE,
ABFE,
BFE9,
6FA6,
AAA9,
5650,
0000,
0000,
6AFF,
FFFB,
FFFF,
9AFF,
FFAA,
A555,
6900,
0000,
0000,
0000,
0000,
0000,
0000,
0001,
5550,
156F,
BFFA,
AAAB,
E6BF,
FEAB,
9016,
406F,
8015,
6BEA,
6A55,
6505,
0055,
545A,
BFFA,
FAFF,
FFFA,
ABFF,
AFFA,
A5AB,
FFAF,
9AFF,
FFFE,
AAA5,
6955,
5555,
5555,
5555,
4005,
5540,
5555,
9500,
5555,
5554,
1A95,
5500,
0000,
5A55,
5555,
AAA6,
5550,
5400,
5515,
5501,
4000,
0555,
5555,
5500,
0554,
0150,
55AA,
A555,
5555,
5555,
0554,
0000,
0155,
ABE9,
5BFA,
ABFF,
FEF9,
5A96,
AA95,
5540,
0000,
0140,
6ABF,
FFFF,
FFFE,
96FF,
AAAA,
A555,
5500,
0000,
0000,
0040,
0054,
0000,
0000,
0001,
5055,
56AE,
ABFA,
AAAF,
AABF,
F956,
5005,
401A,
9415,
6FAA,
5A94,
5505,
0155,
555A,
BFFF,
FEFF,
FFEA,
ABFF,
ABFE,
56AA,
AAAA,
6BFE,
AFFF,
FAE5,
A915,
5559,
5555,
5554,
0001,
5401,
5555,
9505,
5555,
5550,
5A95,
A555,
5551,
5555,
5555,
5AA9,
5555,
5000,
5555,
4015,
0000,
1555,
5555,
5500,
0550,
1555,
55A5,
A559,
5555,
5550,
0154,
0001,
4155,
BFE5,
5BFE,
AFFA,
FAF9,
5556,
EA94,
1540,
0000,
0001,
6ABF,
FFFF,
BFFE,
96AB,
AAAA,
9555,
5500,
0000,
0000,
0000,
0015,
0000,
0000,
0000,
5055,
5BFE,
ABE9,
56BF,
AAAF,
E501,
4001,
4005,
5555,
6F96,
9AA5,
5545,
0155,
555A,
BFFF,
FAFA,
FEA5,
AAFF,
ABFE,
AAAF,
EAAA,
6BFE,
AFFF,
FFE5,
A515,
515A,
5554,
5150,
0005,
5405,
5555,
9515,
5415,
5540,
16A5,
5555,
5550,
5555,
5555,
5555,
5555,
4000,
5555,
5555,
0150,
0555,
5555,
5500,
0540,
5555,
55A6,
A555,
5555,
5555,
0000,
0001,
5155,
FFE5,
ABBF,
AFFA,
BAA9,
5556,
F990,
1550,
0000,
0001,
5AAF,
FFFF,
FFFE,
5AAB,
EAAA,
9555,
5540,
0000,
1400,
0000,
0014,
0000,
0000,
0000,
015A,
6BFA,
ABE5,
16BF,
FEAF,
E400,
0000,
4001,
1555,
AEAA,
ABEA,
A555,
45A5,
5556,
BFFF,
E5AA,
B955,
6AFF,
FFFE,
AABF,
EAAA,
6BFE,
BFFF,
EFA5,
9555,
515A,
A550,
5150,
0015,
0405,
5555,
5555,
5555,
5550,
1555,
5555,
5540,
1554,
5555,
5541,
5555,
4000,
5955,
5500,
5554,
1555,
5555,
5500,
0000,
5505,
5166,
A555,
9555,
5555,
0000,
0001,
5015,
FEE6,
AFAF,
AFFE,
BEA5,
5555,
A950,
0550,
0000,
0005,
5AAA,
FFFF,
EFFE,
5AAF,
FAAA,
AA55,
5540,
0000,
1500,
0000,
0000,
0000,
0000,
0000,
055A,
ABFA,
AAA5,
55BF,
FEAB,
9554,
1000,
5000,
555A,
AFEA,
AFFF,
A955,
55A5,
5656,
BFFF,
E569,
A995,
6FFF,
FFFE,
BFAF,
EAFA,
AFFF,
BFFA,
EBAA,
A955,
5155,
A540,
0140,
0014,
0015,
5555,
5550,
0555,
5555,
5555,
5555,
5400,
1000,
5555,
4040,
5555,
4000,
5555,
5540,
5555,
5555,
5415,
5500,
0000,
1405,
5565,
5555,
9555,
5555,
4000,
0001,
5015,
BAA5,
AFAF,
AFFF,
AAA5,
5555,
6400,
0140,
0000,
0000,
5AAB,
BFFF,
EFAE,
6BAF,
FAAE,
AA95,
5500,
0000,
1500,
0000,
0000,
0000,
0000,
1000,
0156,
AFFE,
ABEA,
55AF,
AA6A,
5455,
5401,
5541,
695A,
FFFF,
FFFF,
FA55,
56A9,
5AAA,
FFEB,
E5AA,
5695,
6FFF,
FFEA,
BFBF,
EBEA,
BFFF,
FFEA,
AAAB,
EA55,
5555,
5540,
0040,
0054,
0055,
5555,
5550,
1555,
556A,
5555,
5555,
5500,
5005,
5555,
0015,
5555,
0000,
0555,
5555,
5015,
5555,
5014,
5400,
0000,
0001,
5555,
5555,
5555,
5555,
1000,
0000,
5415,
AAA5,
AFAF,
FFFF,
A954,
5554,
1400,
0000,
0000,
4140,
16BF,
FFFF,
AAAA,
AFEB,
FEAF,
AA95,
5540,
0500,
0000,
0000,
0000,
0000,
0000,
1400,
0555,
AAAE,
ABEA,
95AE,
A56A,
5555,
5501,
5691,
BE5A,
FFFF,
FFFE,
AA55,
5BFA,
5AAB,
FFAB,
95BE,
9695,
BFFF,
EFA5,
BFFF,
FBEA,
FFFF,
FFEA,
5BFF,
EA95,
5555,
A540,
0000,
0055,
0055,
5555,
5550,
1555,
55AA,
5555,
5555,
5500,
5405,
5155,
0015,
5555,
0000,
0555,
5555,
5455,
5555,
4000,
0000,
0000,
0001,
5554,
1555,
5545,
5555,
5400,
0000,
5455,
AAAA,
6BEF,
BEBF,
A554,
1554,
0000,
0000,
0001,
5555,
06AA,
BFFF,
EA5A,
AFEB,
FEAA,
BA55,
5540,
0155,
5000,
0000,
0000,
0000,
0000,
1414,
0555,
6AAA,
AAAA,
A56E,
555A,
4155,
5555,
5A95,
BFAA,
FFFF,
EBEA,
AAAA,
ABFF,
AABF,
FEAA,
A6BF,
AA96,
BFFE,
AA56,
BFFF,
FFFA,
FFFF,
FFE9,
6BFF,
EAA5,
5555,
A950,
0000,
0155,
5050,
5555,
1554,
1555,
5595,
5555,
5550,
1541,
5405,
4155,
0016,
5555,
5000,
1555,
5555,
5555,
5540,
4000,
0000,
0000,
0001,
5554,
1555,
5541,
5555,
5400,
0000,
1555,
EBA9,
5BFA,
AAAE,
9000,
5554,
0000,
0000,
0155,
5555,
01A6,
AFFF,
F95A,
EFEA,
FAAA,
AA55,
5540,
0055,
5554,
5000,
0000,
0000,
0000,
0014,
1555,
AAAA,
A556,
A55A,
4015,
4169,
555A,
9695,
6FAA,
FFFF,
EAE6,
AABF,
AFFF,
EBFF,
FEFA,
AAFF,
FFAA,
FFF9,
5A56,
BBFF,
EFFA,
FFFF,
FFFA,
ABFA,
AAA9,
556A,
A950,
0015,
5555,
5400,
1540,
1550,
0555,
5555,
5155,
5540,
0141,
5505,
4554,
0005,
5155,
5540,
0155,
0000,
0555,
5540,
0000,
0000,
0000,
0000,
5150,
1555,
5555,
4155,
5000,
0000,
1554,
EA95,
17EA,
AA69,
5000,
6955,
0000,
0000,
0195,
5555,
0156,
AFFF,
F95B,
FF96,
FAEA,
AA55,
5540,
0041,
5555,
5400,
0001,
0040,
0000,
0014,
1A55,
AAAA,
A555,
645B,
4001,
5169,
555A,
9655,
5FA6,
BFFE,
A6AA,
AAFF,
EBFF,
FFFF,
FFFF,
FFFF,
FFEB,
FFE5,
6A9A,
FFFF,
ABFA,
FFFF,
FFFA,
FAFA,
AAA9,
956A,
A950,
0415,
5555,
A400,
0400,
0500,
0055,
5555,
4055,
5400,
0040,
5554,
5555,
0015,
4155,
5540,
0014,
0000,
0155,
5540,
0000,
0000,
0000,
0000,
4050,
5555,
5555,
5555,
5000,
5500,
0550,
A650,
06A5,
6A55,
4540,
5555,
4000,
0015,
0195,
5555,
005A,
AFFF,
A95B,
FF95,
AFFA,
BE55,
5554,
0040,
0555,
5400,
0001,
5040,
0014,
0154,
1AA5,
5A56,
A954,
541F,
4005,
556A,
556A,
A955,
5FA5,
AFE9,
55AA,
FBFF,
FBFF,
FFFF,
FFFF,
FFFE,
FFFF,
FFA9,
AAAA,
FFFE,
ABFA,
FFFF,
FFFF,
FFFA,
A965,
9569,
5554,
1555,
5555,
5400,
0000,
0501,
0055,
5555,
0015,
5400,
0000,
0555,
5555,
0055,
4155,
5550,
0000,
0000,
0055,
5500,
0000,
0000,
0000,
0000,
0155,
4555,
5555,
5555,
5000,
5540,
0150,
A550,
0555,
6955,
0550,
5655,
4000,
0015,
55AA,
A955,
006A,
6BFA,
A96B,
BF95,
AFFA,
BE95,
5554,
0150,
0155,
5400,
0000,
5044,
0014,
0554,
06E5,
0515,
A955,
541A,
4555,
55AA,
55AE,
AA56,
AFA5,
6A95,
55AA,
FBFF,
FFFF,
FFFF,
FFFF,
FFFE,
FFFF,
FAEA,
BFEA,
BBFA,
ABEA,
AFFF,
FFFF,
FFFA,
A955,
5555,
5555,
5555,
5545,
5550,
0000,
0015,
4055,
5555,
4005,
5500,
0000,
0055,
5554,
0055,
5555,
5555,
5500,
0000,
0055,
5500,
5000,
0000,
0000,
0001,
5554,
0015,
5555,
0554,
1501,
5550,
0150,
5594,
1555,
5504,
0154,
5A95,
4000,
001A,
55BF,
E514,
006A,
AFE9,
696B,
AF95,
BFEA,
BE55,
5554,
0150,
0155,
5000,
0000,
1045,
0000,
0555,
46E5,
4001,
A96A,
A51A,
4554,
56AA,
956A,
AFAB,
FEA9,
5551,
556B,
FAFA,
FFFF,
FFFF,
FFFF,
FFFF,
FFEA,
FAFA,
FFFA,
AAAE,
ABEA,
AFFF,
FBFF,
FFF9,
A555,
5555,
5555,
5555,
5555,
5555,
0000,
0055,
5015,
4055,
5001,
5540,
0000,
0155,
5554,
0155,
5555,
5555,
5540,
0000,
0016,
5405,
5400,
0000,
0000,
0005,
5555,
0055,
5014,
0501,
1541,
5555,
0141,
56E4,
1A5A,
9505,
0015,
5A94,
0014,
541B,
AAFF,
F900,
006A,
AFEA,
6AAF,
EA95,
BFA6,
A955,
5500,
0050,
0145,
4000,
0000,
0005,
0000,
0155,
41A5,
0055,
6AAA,
B905,
5555,
5AEA,
956A,
BFAB,
FEAA,
A555,
556B,
FAEA,
FFFF,
FFFF,
FEBF,
FFFF,
FFEA,
AAAB,
FFFA,
FEAA,
ABFF,
FFFF,
FBFB,
FFF9,
555A,
5955,
5555,
5541,
5555,
5555,
5540,
0055,
5014,
0005,
5000,
5595,
0000,
5555,
5555,
0541,
5505,
5555,
5540,
0010,
0005,
5555,
5400,
5000,
0000,
0005,
5555,
5555,
5054,
1541,
1551,
5555,
0001,
96F9,
5AAF,
E415,
5455,
AA90,
0555,
695A,
ABFF,
F954,
106A,
AFFF,
ABFF,
EA95,
AEAA,
A955,
4000,
0050,
0001,
4000,
0000,
0015,
4000,
0056,
41A5,
4054,
556A,
A901,
5AA5,
AAEA,
A96E,
BFAB,
FABE,
AA54,
555B,
FFFA,
BBFF,
FFFA,
FABF,
FAFF,
FFEB,
E9AB,
FFEB,
FFAA,
ABFF,
FFFF,
FFAA,
FAFA,
555A,
9955,
5555,
5505,
5555,
5541,
5550,
0055,
4004,
0005,
5001,
56A5,
0015,
5555,
5555,
5540,
0500,
0555,
5550,
0050,
0005,
5555,
5000,
1000,
0000,
0005,
5555,
5455,
5455,
5555,
1555,
5540,
0000,
A6A9,
16BF,
F406,
A55A,
BE90,
0556,
BF9A,
AAFF,
FA55,
55B9,
6BFF,
EFFF,
EA95,
AEFA,
A959,
4000,
0000,
0001,
4000,
0014,
0005,
5400,
0016,
4595,
9064,
146A,
5500,
6AAA,
AAAA,
AAAE,
BFEB,
FABF,
BA95,
555B,
FFFA,
AAFA,
FBFA,
FABF,
EAFF,
FFEB,
FABF,
FFAB,
FFEA,
FBFF,
FFFA,
FFAA,
ABFE,
A556,
A955,
5555,
5555,
5555,
5545,
5550,
0015,
0000,
0015,
5055,
56A5,
005A,
5555,
5055,
5540,
0100,
0154,
1540,
1540,
0001,
5554,
0000,
0000,
0000,
0541,
5554,
0000,
5455,
5555,
5555,
5540,
0000,
E9A4,
06FF,
E406,
B96A,
FF90,
015A,
FFAA,
EABF,
FA6A,
95AA,
ABFF,
FFFF,
EA95,
6FFE,
A955,
4000,
0000,
0000,
0000,
0005,
4001,
5501,
5015,
56AA,
9555,
541A,
5500,
1AAA,
A5AA,
AAAA,
AFEB,
FEAF,
AA95,
545B,
FFEA,
A6FA,
FAEB,
FFFF,
FFFE,
FFEA,
FBFF,
BFEB,
AFEB,
FFFF,
FFFA,
BE55,
AFFF,
A55A,
9555,
5555,
5569,
5555,
5555,
0540,
0015,
4001,
4005,
5455,
56A4,
0069,
5555,
5055,
5540,
0100,
0014,
0500,
1540,
0005,
5540,
0000,
0000,
0000,
0541,
5554,
0000,
5545,
5555,
5555,
5550,
0000,
E950,
1BFF,
9406,
BAAF,
FEA4,
01BF,
FFAA,
AAAF,
FAAB,
956B,
EAFF,
FFFE,
F950,
6BFA,
A555,
4000,
0000,
0000,
0000,
0005,
5000,
0545,
5459,
5AAA,
A694,
101A,
9415,
55AA,
56AA,
AAAA,
AABF,
FEAF,
AA55,
551B,
EAE5,
55A6,
BBFF,
FFFF,
FFFA,
FEAA,
FFFF,
AFEF,
AFFF,
FFFF,
FFFA,
AA55,
BFFF,
A555,
5555,
5555,
55A9,
5555,
5554,
0100,
0045,
5415,
5041,
5501,
56A5,
15A9,
6555,
5055,
5500,
0500,
0000,
0400,
1540,
0555,
5540,
0000,
0000,
0015,
5551,
5550,
0055,
5555,
5555,
5555,
5555,
5540,
A550,
1BFA,
9406,
AABF,
FAA4,
02FF,
FFA5,
6AAA,
AFFF,
E9AB,
EABF,
FAFE,
F955,
5AAA,
A555,
4000,
0000,
0000,
0000,
5415,
5004,
0155,
5455,
5AFA,
AA95,
001A,
A415,
A6AA,
56AA,
96AA,
AABE,
BAAE,
A556,
A55B,
AAA5,
55A5,
AFFF,
FFFF,
EFE9,
BAAF,
FFFF,
AFAB,
EFFA,
FEBF,
FFF9,
AAAA,
FFAA,
9555,
5555,
5555,
55A9,
5555,
5555,
4000,
1401,
5155,
5555,
5545,
5555,
5555,
5405,
4055,
4000,
1500,
0000,
0000,
0550,
5555,
5500,
0000,
0000,
0005,
5550,
5550,
0555,
5555,
5555,
5555,
5555,
5555,
5694,
1BFA,
955A,
AAAF,
F954,
06FF,
FBA5,
AEAA,
ABFF,
FFAB,
A5BF,
FABA,
A955,
5AAA,
A545,
5000,
0000,
0000,
0015,
5555,
5400,
5545,
5555,
6BFF,
FFA9,
0005,
6416,
AABE,
556A,
56AA,
AABE,
A96B,
A556,
A55B,
A955,
15A9,
ABFF,
FFFF,
AAA9,
A9BF,
FAAF,
EF9A,
EFFA,
BEBF,
FFEA,
AAAA,
FAAA,
AAA9,
5555,
5555,
0565,
5555,
5555,
5000,
1000,
0055,
5555,
5555,
5555,
5555,
5401,
0055,
0001,
5400,
0000,
0000,
0555,
5554,
5500,
0000,
0000,
0015,
5540,
5555,
5555,
5555,
5555,
5555,
5555,
5555,
9BA5,
6BF9,
556A,
AAAF,
E550,
06FF,
FAAA,
AA9A,
ABFF,
FFAF,
95BF,
EABA,
A950,
5AAA,
A505,
5000,
0000,
0000,
0015,
5555,
5550,
1545,
5555,
6FFF,
FF95,
0000,
545A,
5AAA,
556A,
56AA,
AAAA,
556F,
A55A,
AAAF,
A555,
55A9,
6BFF,
FBFF,
AAF9,
5ABA,
AAAF,
AB96,
ABE9,
AABF,
FFAA,
96AF,
EAAA,
AAA5,
5555,
4155,
4555,
6555,
5555,
5000,
4000,
0155,
5555,
4555,
5555,
5555,
5000,
0154,
0000,
1400,
0000,
0000,
0155,
5554,
0000,
0000,
0000,
0015,
5550,
1555,
5555,
5555,
5555,
5545,
5555,
5555,
ABAA,
BFF9,
56AA,
A6AE,
9565,
05BF,
FA95,
5A56,
BFFF,
EAAB,
916A,
AAAA,
AA55,
5AAA,
9555,
4000,
0000,
0000,
0015,
5555,
5650,
0505,
5516,
AFFF,
AA80,
0000,
5455,
6BAA,
5556,
AA55,
AAAA,
56BF,
A55A,
6BAF,
9555,
56A9,
6BFF,
EAFA,
ABFA,
56AA,
AEBF,
AB9A,
ABE5,
69AB,
FA55,
56BF,
EAFA,
AA95,
5565,
4145,
5555,
A955,
5555,
5401,
4055,
0155,
5555,
4155,
5555,
5554,
0140,
0554,
0000,
0000,
0000,
0000,
0155,
1540,
0000,
0000,
0000,
0055,
5550,
0555,
4555,
5555,
5555,
5555,
5555,
5555,
AAAA,
FFFE,
5BEA,
96BE,
5069,
556F,
FA55,
555B,
FFFF,
A556,
946A,
AAAA,
AA55,
5AAA,
9540,
0000,
0000,
0000,
0015,
5555,
9540,
0005,
541A,
BFAE,
A680,
0400,
5556,
ABAA,
5596,
AA55,
AABA,
96FF,
A555,
6FEF,
9595,
56AA,
ABFF,
A6BA,
ABFE,
56AA,
BFFF,
EBAB,
AAA5,
555A,
AA55,
5AFF,
FBF9,
6A55,
5555,
5501,
5551,
5555,
5555,
5501,
4055,
4155,
1555,
5555,
5515,
5555,
0154,
0554,
0000,
0000,
0000,
0000,
0150,
0000,
0000,
0000,
0000,
0005,
5050,
0545,
4155,
5555,
5555,
5555,
5555,
5555,
9AAA,
FEAA,
ABE9,
56FE,
5415,
556B,
E955,
405B,
FFFF,
9556,
945A,
AAAA,
AA55,
5AAA,
5440,
0000,
0000,
0010,
0015,
559A,
A940,
0000,
5016,
BFA9,
5540,
0000,
5AAA,
AAAA,
559A,
A955,
AAFF,
9AFE,
A555,
6BFF,
AAA9,
5AAB,
FFFA,
A6FA,
ABFE,
ABEA,
BFFF,
AAAF,
EA95,
555A,
9555,
6BAB,
BFF9,
5555,
5555,
5541,
5551,
5555,
5540,
5555,
0000,
0154,
1555,
5555,
5505,
5555,
5555,
5554,
0000,
0000,
0000,
0000,
0000,
0000,
0050,
0000,
0000,
0005,
0000,
0505,
5555,
5555,
5555,
5545,
5555,
5000,
AAAE,
FAAA,
AFEA,
AAFE,
5415,
556F,
E540,
006F,
FFFE,
5555,
905A,
FFEB,
AA55,
5AAA,
9540,
0000,
0000,
5554,
0005,
56AA,
9A40,
0000,
0016,
BF55,
5140,
0000,
6FFA,
AAAA,
A96A,
9556,
AAFF,
ABFE,
A555,
5BFF,
FFAA,
AAAF,
FFEA,
AAFA,
ABFA,
ABFB,
FFFF,
AAAF,
E955,
555A,
5595,
AFAF,
BFFA,
5555,
5554,
0555,
5555,
5555,
5500,
1555,
0000,
0500,
5554,
1505,
5545,
5555,
5551,
5550,
0000,
0000,
0000,
0000,
0000,
0015,
5150,
0000,
0000,
0005,
0000,
0405,
0555,
5555,
5545,
5501,
5505,
5000,
AAAF,
E96A,
BFAA,
BFFE,
9016,
A9AF,
A540,
156F,
FFFE,
4151,
505A,
FFFF,
AA96,
56AA,
9550,
0150,
0000,
5569,
5405,
56AA,
9690,
0000,
0006,
6A40,
0140,
0055,
BFFE,
AAAA,
AA5A,
9556,
AFEF,
ABFE,
5555,
5AFF,
FEAA,
AAAF,
FFEA,
ABEA,
AAEA,
BFFF,
FFFF,
AAAB,
E955,
5695,
5556,
BFBF,
FFFE,
5555,
5554,
0155,
5555,
5555,
5500,
5554,
0000,
5401,
5555,
0500,
5554,
5555,
5550,
5540,
0000,
0000,
0000,
0000,
0000,
0015,
0140,
0000,
0000,
0011,
5400,
0000,
0555,
5405,
5540,
1540,
5541,
5000,
EAAF,
E9AA,
FF96,
FFFE,
501A,
AABF,
E955,
556F,
AFF9,
0051,
556A,
FFFF,
FFAA,
56AF,
9540,
0150,
0001,
555A,
5505,
5555,
5550,
0000,
0001,
1500,
0150,
155A,
BFFF,
AA5A,
AE56,
95AA,
AAAB,
FFFE,
AA55,
5BFF,
FA5A,
AAAB,
FFFA,
FFEA,
BFAA,
BFFF,
FFEF,
EA5B,
A5A9,
56A5,
5556,
BFFF,
FFFE,
5555,
5550,
0155,
5555,
5555,
5501,
5550,
0001,
5400,
5555,
0540,
1554,
0000,
5400,
5540,
0014,
0000,
0000,
0000,
0000,
0000,
0150,
0000,
0000,
0055,
5400,
0000,
1555,
5001,
5540,
1540,
0000,
4000,
FAAE,
EABF,
FF96,
BFFE,
505A,
FFFF,
FA5A,
956F,
AAA5,
0001,
56BF,
FAAF,
FFEA,
56FF,
A500,
0140,
0055,
005A,
5005,
5155,
5400,
0000,
0000,
0000,
0150,
156F,
EAFF,
AA5A,
AA45,
96AA,
AAAB,
FBFE,
AA55,
6BFF,
FAAA,
AAAF,
FFFF,
FFEB,
FFAA,
FFFF,
FFAB,
EA9A,
95AA,
5AE5,
5555,
BFFF,
FEAA,
9655,
5400,
0555,
5555,
5555,
6415,
5100,
0001,
5550,
1555,
0540,
1414,
0000,
1000,
0501,
5555,
0000,
0000,
0000,
0000,
0000,
0555,
0000,
0000,
0055,
5014,
0000,
1555,
4001,
5540,
0540,
0000,
0000,
FFFA,
AAAB,
FF96,
BFFE,
556B,
FFFF,
FA5A,
AABF,
E954,
0001,
56FF,
FAAB,
FFF9,
56FE,
E900,
0000,
0010,
0015,
4015,
516A,
A900,
0000,
0000,
0000,
0154,
05AF,
AABF,
AA5A,
AA41,
56AA,
AA9A,
EAFF,
9A55,
6BFF,
FAAF,
AEFF,
FFFA,
FFFF,
AFAA,
FFFF,
FFAB,
AAA5,
55BA,
ABE6,
A955,
ABFE,
AA6A,
9641,
5400,
1555,
5555,
5555,
6514,
0000,
0000,
5554,
0154,
0500,
1400,
0000,
1404,
0545,
5551,
0000,
0000,
0000,
0000,
0000,
0554,
0000,
0000,
0055,
4014,
0000,
1555,
0001,
5540,
0000,
0000,
0000,
FFFE,
556B,
FFAA,
AFFA,
556A,
FFFF,
A959,
6AFF,
E540,
0005,
ABFF,
FA6B,
FEA5,
56FA,
F900,
0000,
0100,
5555,
5415,
056E,
A950,
0000,
0000,
0010,
0154,
16BE,
96BF,
AA56,
E940,
5AAA,
AA56,
E6BE,
9555,
56FF,
AABF,
FFFF,
FFFE,
FFFF,
ABEA,
FAFF,
BFAA,
AAA5,
55BE,
BFAA,
FAA9,
5BAA,
555A,
A540,
5040,
5555,
5555,
5555,
5554,
0000,
0000,
5554,
0114,
0500,
1400,
0001,
1515,
0550,
4000,
0000,
0000,
0000,
0000,
0000,
0154,
0100,
0000,
0145,
4015,
0000,
0554,
0000,
5550,
0000,
0000,
0000,
FFAE,
505B,
FFFF,
AAFA,
5556,
AFFF,
E415,
6FFF,
E400,
0016,
AFFF,
EAAB,
FE55,
16FF,
F900,
0000,
0001,
5555,
5504,
01AA,
5554,
0000,
0000,
0015,
5555,
1AAE,
AAAF,
EA56,
E940,
6AAA,
6A5A,
A5BE,
5555,
56FF,
AABF,
FFFF,
FFFE,
FFFF,
AFEA,
BAFF,
FEAA,
AAA5,
56BF,
FE9B,
FFFA,
5A95,
555A,
9540,
5055,
5555,
5541,
5555,
1554,
1554,
0155,
5555,
1545,
4000,
5500,
5505,
5555,
5540,
0000,
0000,
0000,
0050,
0000,
0005,
5550,
0000,
0000,
0001,
4015,
0000,
0540,
1500,
0555,
0000,
0000,
0000,
EAAA,
955B,
ABFF,
EAA9,
5555,
ABFF,
E559,
5BFE,
9400,
5556,
6BFF,
AAAA,
B954,
1AFF,
F900,
0000,
0005,
5154,
1540,
01A9,
4540,
0000,
0000,
0001,
5555,
156F,
AAAF,
E955,
A940,
6BAA,
5A6A,
956A,
5555,
56FE,
AFFF,
BFFF,
FFFF,
FFFF,
FFEA,
BAFB,
FABA,
BE95,
6AFF,
FAAB,
FFFE,
AA96,
A555,
9541,
5155,
5555,
5500,
5555,
5554,
5554,
0555,
5555,
5555,
5501,
5500,
5515,
5555,
5540,
0000,
0000,
0000,
0055,
0000,
0015,
5555,
4000,
0000,
0001,
0004,
0000,
0400,
1540,
1555,
4000,
0000,
0000,
AA6B,
F96A,
AAAF,
AA95,
555A,
AAAF,
A555,
5BFE,
9005,
56A5,
56FE,
AABE,
A940,
1BFF,
E900,
0000,
0055,
5404,
0100,
0165,
0140,
0000,
0055,
0001,
5A55,
156F,
EAAF,
E955,
A905,
5BE5,
555A,
9459,
5555,
55BA,
BFFF,
EBFF,
FFFF,
FFFE,
AFEA,
E9AA,
FBFF,
BEAA,
BAAA,
AAAF,
FFFE,
BFAB,
FA95,
5501,
5545,
5555,
5500,
5555,
5554,
5554,
1555,
9555,
5541,
5555,
5500,
5555,
5515,
5540,
0000,
0000,
0000,
0055,
5504,
0155,
5155,
4101,
5000,
5010,
1401,
0000,
0000,
1554,
1555,
5500,
0000,
0000,
AAAB,
F95A,
6AAA,
AA55,
5559,
5AAA,
5555,
6FAA,
A456,
AAE5,
56EA,
AABA,
9550,
1AFF,
A450,
1500,
0151,
5554,
0000,
0055,
4150,
0500,
0055,
4001,
5A95,
556F,
FAAB,
E965,
5505,
AAA5,
555A,
A455,
5555,
69BE,
FFFF,
FAFF,
FFFF,
FFFA,
ABAA,
E96A,
FFFF,
FFFF,
FEAA,
AAFF,
FFFF,
FFEB,
FFA9,
5541,
5550,
5555,
5500,
5555,
5555,
5555,
5555,
5555,
5555,
5555,
5541,
5405,
5000,
5400,
5000,
1555,
4000,
0056,
9555,
5555,
5555,
5401,
5555,
4050,
0000,
0000,
0000,
0540,
5555,
5500,
0000,
0000,
6AAB,
F96F,
A96A,
AA55,
545A,
96AA,
5555,
5A55,
A556,
AAE9,
55AA,
AABA,
5551,
56AA,
9440,
0000,
0141,
5554,
0000,
0050,
0154,
0100,
0055,
5001,
96E5,
556F,
FEAB,
EA6A,
A955,
9695,
5555,
5555,
5555,
6ABF,
FFFF,
FFAB,
FFFF,
FFF9,
6AAA,
A5AA,
FFFF,
FFFF,
FFFF,
EAEB,
FFFF,
FFFF,
FAAA,
9550,
5555,
5555,
5555,
5555,
5555,
5555,
5556,
A555,
5555,
4155,
5555,
5400,
5401,
5401,
5555,
5555,
5000,
0055,
5555,
5555,
5555,
4001,
5415,
4000,
0000,
0000,
0000,
0500,
5545,
5400,
0000,
0000,
6FEF,
FEAF,
EA6F,
E955,
556B,
A6BE,
5695,
5A55,
955A,
AAA9,
41AA,
EABA,
5555,
5555,
4000,
0000,
0001,
5540,
0000,
0000,
0054,
0150,
5001,
5001,
91A5,
556F,
FFEA,
A96A,
AE51,
51A5,
5555,
5555,
5555,
6ABF,
EFFF,
FFAB,
FEAF,
FFEA,
AAAB,
AABF,
FFFF,
FFFA,
FFFF,
FFFB,
FFFF,
FFEE,
AAAA,
9551,
5555,
5555,
0555,
5555,
5555,
5555,
5555,
5555,
5555,
4155,
5555,
9400,
5501,
5505,
5555,
5555,
5405,
0014,
0141,
0150,
5000,
0101,
4015,
0000,
0000,
0000,
0000,
0000,
1505,
5400,
0000,
0000,
6BFF,
FEBF,
EA6F,
E555,
55AF,
EAFE,
56A5,
5695,
55AB,
FAA9,
41AF,
BEBE,
5555,
5055,
4000,
0000,
0001,
A940,
0000,
0000,
0055,
0555,
5400,
0001,
5150,
556F,
FEEA,
555A,
BF95,
5155,
5455,
416A,
AA94,
6EBF,
EFFE,
FFAF,
FEAF,
FAEB,
EAAB,
EABF,
FFFF,
FFFA,
FFFF,
FFFF,
FFFF,
AFAA,
AAA5,
5555,
5555,
5555,
4555,
5555,
5555,
5555,
5555,
5555,
5565,
416A,
9555,
5401,
5541,
5415,
5555,
5155,
5400,
0000,
0100,
0540,
0000,
0505,
4014,
0000,
0000,
0000,
0000,
0000,
0001,
5500,
0000,
0010,
5BFF,
FAEB,
E96F,
E569,
55BF,
FBEA,
56A9,
5696,
56AB,
FAAA,
55BF,
BEBA,
555A,
5415,
5000,
0000,
0001,
AA40,
0000,
0000,
0155,
0555,
5400,
0000,
5000,
555B,
FAE5,
5569,
AF95,
9555,
5415,
516E,
AB94,
6EBF,
FFFE,
FEBF,
FFAB,
EAAB,
EAAF,
EABF,
FFFF,
FFFA,
FFFF,
FFFF,
FFFF,
ABA9,
ABEA,
A545,
5555,
5555,
4555,
5555,
5555,
5555,
5555,
5555,
5565,
45BF,
E555,
5015,
5541,
5405,
5005,
5155,
5400,
0000,
0000,
1400,
0000,
0005,
4000,
0000,
0000,
0000,
0000,
0000,
0001,
5500,
5000,
0014,
5AFF,
FAAA,
A5AF,
E55A,
96BF,
FFE9,
56A9,
555A,
AAAB,
EA9B,
AABF,
FAA9,
556A,
9555,
5400,
0000,
0001,
6E40,
0000,
0001,
0555,
0555,
5400,
0000,
0000,
1556,
FEE5,
5569,
6B95,
A955,
5456,
95BF,
AFE5,
5ABF,
FAFE,
FFBF,
FFAB,
EAAF,
EABF,
EAFF,
FFFF,
FFEB,
FFFF,
FFFF,
FFFF,
ABEA,
6BAA,
A541,
5555,
5555,
4555,
5555,
5555,
5555,
5555,
5555,
1555,
46FF,
E555,
5455,
5541,
5401,
5000,
1555,
5500,
0000,
0000,
1400,
0000,
0005,
0000,
0000,
0000,
0000,
0000,
0000,
0000,
5005,
5500,
0015,
96FF,
E556,
9ABF,
E556,
A5AF,
FFE5,
56A5,
415B,
EAAA,
AA9B,
EAFF,
FAA9,
045A,
9540,
5400,
0000,
0000,
6940,
0000,
0001,
5555,
4555,
5500,
0000,
0000,
1556,
BFA5,
5559,
5B95,
B945,
555A,
96FE,
AFE5,
5AFF,
FAFE,
AFAB,
FFAA,
AAAF,
AFAF,
EBFF,
FFFF,
FFEB,
FFFF,
EFFF,
FFFF,
ABFE,
AAAA,
AA55,
5551,
5555,
4555,
5555,
5555,
5055,
5555,
5554,
0555,
46FF,
E555,
5555,
6A40,
5405,
5500,
1555,
4500,
0000,
5015,
5000,
0000,
0001,
4000,
0000,
0000,
0000,
0000,
0000,
0000,
5005,
5500,
0015,
96FF,
E545,
5AEB,
E556,
A56A,
FFF4,
5AA5,
401B,
AA55,
AF96,
EBFF,
FEAA,
4056,
9540,
5040,
0000,
0000,
5500,
0000,
0001,
5695,
4001,
5500,
0000,
0015,
5A56,
BFA5,
5555,
5B95,
AE45,
555A,
AAFE,
AFE9,
AAFF,
EAFE,
ABAA,
FFAB,
EFAF,
EFAF,
FFFF,
FFFF,
EBEA,
FFFF,
EBFE,
FFFE,
AFFF,
BAA6,
AA95,
5541,
5555,
4555,
5555,
5555,
5555,
5555,
5555,
1555,
56FF,
E455,
5555,
AF90,
1055,
5514,
1540,
0000,
0011,
5555,
5000,
0000,
0541,
5540,
0000,
0000,
0000,
0000,
0000,
0001,
4055,
5415,
4015,
56AB,
E501,
5AEA,
E556,
9556,
FEE4,
1AA5,
001A,
9555,
6F96,
ABFF,
FEAA,
5555,
5400,
5050,
0000,
0100,
1000,
1050,
0005,
5AA5,
5000,
0000,
0000,
001A,
AAA6,
BFE5,
5554,
5B96,
AE45,
AAAB,
ABFE,
AFE5,
AAFF,
EAFE,
AA96,
FFAB,
FFAF,
FEAF,
FAFF,
FFFF,
EBEA,
AFFF,
EBAB,
FFFE,
ABAE,
BAAA,
AAA9,
5541,
5556,
5555,
5555,
5555,
5555,
5555,
5555,
5555,
56BF,
9455,
5556,
BFE4,
1054,
5514,
1500,
0000,
0155,
5555,
4000,
0000,
0551,
5500,
0000,
0000,
0000,
0000,
0000,
0001,
0051,
5005,
0055,
9AAA,
A501,
56A5,
9556,
9556,
BAA4,
06A5,
505A,
5540,
6F9A,
ABFF,
FEAA,
9555,
5500,
5050,
0400,
0100,
0000,
0054,
1404,
1AA9,
5000,
0000,
0000,
001F,
FFA9,
AFF9,
5554,
5B96,
9A55,
AAAB,
FFEA,
AAA5,
6AFF,
AAAA,
AA96,
BFAA,
FFBE,
FEAA,
AAEA,
FFFF,
EAE6,
ABFF,
EFAB,
FFFE,
AFAE,
AAAA,
AAAA,
5551,
555A,
5555,
5555,
5555,
5555,
5555,
5555,
5A95,
55AA,
5555,
5556,
FFE4,
5555,
5554,
0541,
4000,
0155,
5555,
4000,
0000,
0140,
4000,
0000,
0000,
0000,
0000,
0000,
0000,
0011,
5000,
0055,
AA96,
9501,
6595,
5556,
A555,
BAA5,
01A9,
5555,
5500,
1B5F,
9AFF,
FEAA,
A555,
5540,
0150,
5500,
0000,
0000,
1050,
1400,
1AA5,
5005,
4000,
0000,
005B,
FEA9,
6FF9,
5655,
5A96,
9555,
ABEB,
FFEA,
AA95,
6ABF,
A6AA,
AEAA,
BEAB,
FFFA,
FA5A,
A6AA,
FFFF,
EAA6,
ABFF,
EBAF,
FBFE,
FFBF,
AAAA,
AAAA,
9555,
56AA,
5555,
5555,
5555,
5555,
5555,
5556,
AAA5,
5555,
5515,
5556,
FFE5,
5555,
5555,
4155,
0000,
0556,
9555,
0000,
0000,
0000,
0000,
0000,
0000,
0000,
0000,
0000,
0000,
0001,
4000,
0055,
EA95,
5501,
6555,
5596,
AAAA,
FEA5,
006A,
A500,
0000,
1BAF,
96BE,
FE96,
A56A,
AA40,
0551,
5500,
0004,
0500,
1400,
0000,
1AA9,
5455,
5500,
0000,
005A,
AEA5,
6FE9,
5A95,
5A96,
9555,
6BEA,
FFEA,
9696,
6EBE,
56AA,
AEAA,
AAAB,
FFFA,
FA56,
A6AB,
FEAF,
EA96,
AABF,
ABFF,
EAEA,
BFFE,
AAAA,
AA95,
5555,
696A,
5555,
5555,
5555,
5555,
5555,
555A,
A965,
5555,
5515,
5556,
BF95,
5551,
5555,
5555,
0055,
0555,
5555,
0540,
0000,
0000,
0000,
0000,
0000,
0000,
0000,
0000,
0000,
0000,
0000,
0055,
EA55,
5501,
6940,
55AA,
AAAA,
FF95,
006B,
E500,
0001,
5BBF,
A6FF,
FE95,
556A,
AA50,
0555,
5540,
0004,
0400,
5400,
0000,
1AE9,
5555,
5500,
0000,
0055,
6A65,
6FA9,
5BA5,
AA5A,
5555,
5BE7,
EFFA,
9696,
AEAE,
56AA,
AAAA,
BEAF,
FEFA,
BAAA,
EAAF,
FA6F,
E956,
EAAF,
AFFF,
EAFA,
BFBA,
55AA,
AA55,
5556,
A55A,
5555,
5555,
5555,
5550,
5555,
5555,
6955,
5555,
5555,
5555,
AA55,
5540,
5015,
5540,
0151,
0555,
5554,
1541,
5500,
0000,
0000,
0000,
0000,
0000,
0000,
5540,
0015,
0000,
0000,
0055,
A956,
9555,
BE40,
06FA,
96FB,
FE94,
105A,
A940,
0005,
AFFF,
ABFF,
FE95,
556A,
BE90,
0555,
5550,
0000,
0000,
5400,
0000,
06F9,
5555,
5100,
0000,
0000,
6A55,
AEA5,
5BFA,
AA95,
5555,
5696,
ABFA,
A695,
AA69,
56AA,
AAAA,
FEAF,
FEA9,
A9AB,
FABF,
F96A,
A96A,
AAAB,
FFFF,
FBFF,
FFA9,
55AA,
6A95,
5A5A,
9555,
5555,
5555,
5555,
5554,
5555,
5555,
A559,
5555,
5555,
5555,
5555,
5500,
1505,
5540,
1551,
0515,
5554,
5540,
5400,
0000,
0000,
0000,
0000,
0000,
0001,
5141,
5015,
4000,
0000,
0154,
AA5A,
A45A,
FE40,
06FF,
9AFF,
FD51,
5505,
BA55,
0005,
BFFF,
FFBF,
FA95,
6AAA,
FE90,
0555,
5555,
0000,
0000,
0000,
0000,
05B9,
5155,
5000,
0000,
0000,
6AAA,
BEA9,
5BFF,
EAA5,
5555,
9556,
ABEA,
A694,
5555,
5AA9,
6AAA,
EAAF,
FEA5,
A9AB,
FAFF,
FA5A,
A96B,
AAAB,
FFBF,
FFFF,
FFE9,
56A5,
AA55,
595A,
5001,
4555,
5555,
5555,
5550,
1555,
5555,
5559,
5555,
5555,
5550,
0001,
5400,
5555,
5555,
5555,
5001,
5405,
5400,
0000,
0000,
0000,
0000,
0000,
0000,
0015,
5055,
4015,
4010,
0000,
0554,
AA9A,
945B,
FA40,
06FF,
ABFF,
FE55,
6901,
6955,
4005,
AFFF,
AFAF,
FA96,
9AAA,
AA40,
1955,
5500,
0000,
0000,
0000,
0000,
0069,
4155,
4000,
0000,
0000,
6FEA,
FEFE,
ABFF,
EAA5,
5555,
A55A,
ABA5,
9554,
0015,
6AA5,
6AAA,
A6AB,
FE55,
AABE,
EBFF,
A95A,
95AF,
AAAB,
FFBF,
FFFF,
FFE9,
5AE5,
A56A,
5555,
4000,
0055,
5555,
5155,
5550,
1555,
5555,
5056,
A555,
5555,
5540,
0000,
0000,
5555,
9555,
5555,
5000,
0001,
0000,
0000,
0000,
5400,
0000,
0000,
0000,
0555,
5455,
0005,
4010,
0000,
1550,
6F95,
555B,
E955,
56FF,
ABFF,
FE55,
6940,
5555,
5400,
5BFF,
FFFF,
FAAA,
AA5A,
AA50,
1955,
5500,
0000,
0000,
0000,
0000,
00A5,
0055,
4000,
0000,
0000,
7FFF,
FABF,
AFAF,
EAA9,
5551,
A55A,
5B95,
5550,
0015,
6AA5,
AAAA,
A65B,
AA55,
AAFF,
EBEA,
AAAA,
95AB,
EAFF,
FFBF,
FFFE,
BFA5,
6BEA,
A565,
5555,
4001,
4155,
5555,
5555,
5540,
1555,
5955,
4056,
A555,
5015,
5540,
0000,
0555,
0555,
5555,
5555,
4000,
0000,
0000,
0000,
0015,
5500,
0000,
0000,
0000,
0555,
5555,
0115,
4000,
0000,
0000,
6FE5,
556A,
9516,
5BFF,
9BFF,
EF55,
6500,
1555,
5940,
6FFF,
FFFF,
FEAA,
AA55,
5550,
1555,
5500,
0000,
0000,
0000,
0000,
0154,
0000,
4000,
0000,
0000,
6FFF,
FABF,
BFAA,
A6A9,
5541,
555A,
5A95,
5695,
4015,
6956,
A996,
555A,
9556,
ABFF,
ABAB,
FFAA,
A5AA,
AAFE,
ABFF,
FFFE,
BFA5,
6FEA,
9555,
5555,
0001,
5555,
5555,
5554,
1505,
5655,
5555,
5555,
6555,
4005,
5541,
5000,
1555,
5555,
5555,
5555,
5400,
0000,
0000,
5555,
5555,
5500,
0000,
0000,
0000,
0551,
5555,
5555,
5554,
0000,
0000,
AFF9,
5AA9,
5515,
56AF,
9BEA,
AA55,
6400,
0559,
A945,
BFFF,
FFFF,
FAAA,
A951,
5540,
1055,
4000,
0040,
0540,
4000,
0000,
0040,
0015,
5000,
0000,
0041,
5BFF,
F9BF,
BFAA,
96A5,
6540,
555A,
AAA5,
5AA9,
4055,
6956,
A555,
5556,
9416,
EFFA,
ABFF,
FFAA,
AA95,
5AAE,
9AFF,
FFFA,
AAA5,
6FAA,
9551,
5555,
0005,
5559,
5555,
5555,
0001,
5556,
AAAA,
5555,
5501,
5001,
4141,
5000,
5555,
5555,
4155,
1555,
5400,
0000,
0000,
5595,
5555,
5540,
0000,
0000,
0000,
0540,
5555,
5550,
1555,
0000,
0000,
FFF9,
56AA,
A55A,
56AF,
ABEA,
5555,
6400,
056E,
FA55,
BFFF,
FEAF,
FA56,
A500,
1655,
5415,
4000,
0140,
5540,
5500,
5400,
0000,
0055,
5400,
0000,
0055,
5AFF,
EABF,
FFAA,
96A5,
A955,
555A,
AAA9,
6BE9,
0056,
AA55,
9565,
5556,
A51B,
EFF9,
6BFF,
AAA5,
5695,
5AAA,
5BFF,
FFFA,
AAF9,
BFAA,
9551,
1555,
4015,
5555,
5955,
0555,
0000,
1556,
AAA6,
5555,
5500,
1001,
4055,
5001,
5555,
5555,
4014,
0555,
5000,
0000,
0100,
5555,
5055,
5555,
5400,
0000,
0000,
0000,
5555,
4150,
0155,
4000,
0000,
FFE5,
569A,
A55A,
96FF,
FFF9,
4154,
1000,
05BF,
FA56,
FFFF,
FFAF,
E955,
5400,
1BEA,
9455,
4000,
0041,
5555,
5555,
5500,
0545,
4515,
5000,
0000,
0055,
5BFA,
A6FF,
FFAA,
96A9,
A955,
6A9A,
AAB9,
6FE9,
015B,
FA95,
55A5,
5556,
A55A,
ABE5,
5BFF,
AAA9,
56A9,
5A9A,
5BFF,
FFFA,
BFEA,
BFEA,
9A54,
1555,
0015,
5555,
5555,
0555,
4000,
1555,
AA55,
5555,
5540,
0001,
4015,
5405,
5555,
5554,
5015,
0055,
5500,
0000,
0400,
1554,
5055,
5555,
5400,
0000,
0000,
0000,
1541,
0140,
0155,
5000,
0000,
FFE5,
555B,
E56B,
EAFF,
FFF9,
4010,
0000,
55BF,
F9AA,
FFFF,
FFFF,
9550,
0000,
1BFA,
5459,
4000,
0001,
5555,
5555,
6940,
0155,
4155,
5400,
0000,
0055,
6BFA,
AAFF,
FFAA,
96A9,
B955,
AAAA,
AAA9,
6FE5,
555A,
BE95,
66A5,
5556,
A95A,
9AA5,
16EA,
AFA9,
6AF9,
6BAA,
ABFF,
EBFA,
BFEA,
BFEA,
A655,
5555,
4055,
5415,
5555,
5555,
4000,
5555,
9545,
55A5,
5554,
0140,
5055,
5555,
5555,
5555,
5401,
0001,
5554,
0000,
0400,
0050,
0001,
5555,
4000,
0000,
0000,
0000,
0551,
0140,
0150,
4000,
0015,
FA95,
556B,
E56B,
FAFF,
FFE5,
4000,
0005,
41AA,
B9A5,
AFFF,
FFFF,
9551,
0000,
1BFE,
5455,
4000,
0000,
555A,
95A9,
A900,
01A9,
4555,
5400,
0014,
0055,
AFFE,
ABFF,
FFAA,
95A9,
B955,
AEAA,
AAA5,
6F95,
5556,
AA95,
6595,
569A,
F96A,
AA95,
56A9,
AFE9,
6BFA,
BFEA,
ABFF,
EBFA,
BBAA,
BFEA,
9555,
5555,
5555,
5015,
5555,
5555,
5555,
5555,
5555,
56A5,
5554,
0540,
5455,
556A,
4155,
5555,
5515,
5001,
5554,
0000,
0000,
0000,
0001,
5555,
4000,
0000,
0000,
0000,
1055,
5400,
0051,
4000,
0055,
EA55,
5AAB,
E55A,
FABF,
FFE5,
4000,
0015,
415A,
A5A5,
ABFF,
FFEB,
E555,
0000,
05A9,
4055,
0000,
0150,
0556,
96AA,
B900,
01BA,
5555,
5400,
0005,
0051,
AFFE,
FFFF,
AEAA,
95A9,
6A55,
AEAA,
A955,
6A95,
5555,
AA55,
5555,
5AAA,
F9AA,
BE95,
56AA,
AAA9,
6FFF,
FFFF,
ABFA,
ABFA,
FAAA,
AFFA,
9555,
55A9,
5555,
4014,
1555,
5A55,
5555,
5555,
5555,
56A9,
5155,
0540,
5415,
56BE,
4555,
5555,
5555,
5415,
5155,
0540,
0000,
0000,
0001,
5555,
4000,
0000,
0000,
0000,
5055,
5400,
0051,
5405,
5055,
EA55,
6AAB,
E556,
FAFF,
FFF5,
0000,
0059,
5556,
56AA,
AFAA,
BFEB,
E559,
4100,
0055,
4054,
0000,
0540,
0555,
56FA,
F940,
01BA,
AA5A,
9000,
0005,
5501,
6FFF,
FFFF,
AFAA,
AAAA,
6A95,
AAAA,
A955,
5A55,
5555,
A955,
5555,
6AAA,
AA5A,
BEAA,
5BFA,
AAA9,
6FFB,
FFFF,
ABFA,
ABEA,
FFAF,
AAAA,
9555,
5569,
5555,
0004,
1555,
5A95,
5555,
5555,
9695,
56A5,
4555,
0000,
5415,
56FE,
9555,
5555,
955A,
A555,
5055,
4150,
0000,
0000,
0101,
5155,
5000,
0000,
0000,
0005,
5414,
5500,
0001,
5455,
5555,
FEA5,
6BEF,
F956,
FFFF,
FFE4,
0000,
0069,
5556,
AABF,
AA55,
6FEA,
E5AA,
5555,
0005,
0050,
0000,
0400,
0555,
46FF,
F940,
01AA,
BE56,
9400,
0005,
5501,
6BFF,
FFFF,
EBFA,
ABAA,
AA95,
555A,
AA55,
5555,
5556,
A955,
5555,
5555,
6A59,
AAAA,
ABFE,
AAAA,
AAAA,
FFFF,
EBFE,
9AAA,
FBAB,
EAAA,
A555,
5969,
6555,
4005,
1555,
5A55,
5555,
556A,
AA95,
AA55,
5565,
0015,
5555,
56FF,
9555,
5555,
955A,
AA59,
5500,
0054,
0140,
0000,
0100,
0555,
5000,
0000,
0000,
0005,
5010,
5555,
5401,
5015,
5555,
FFEA,
AFFF,
E96A,
BFFB,
FFE4,
0000,
0069,
55AA,
BFFF,
A554,
5BEA,
E9BE,
AA69,
0505,
4000,
0000,
1400,
0050,
06FF,
F944,
0055,
BE45,
5500,
0015,
5501,
6BFF,
FFFF,
EBFA,
AAAA,
AB95,
5556,
5A56,
5554,
1556,
AA55,
5555,
5555,
555A,
AABF,
EBFE,
AAAA,
BA6B,
FFFB,
EBFE,
9A9A,
EBEA,
A9AA,
A955,
5955,
6A55,
4005,
5555,
5555,
5555,
56AA,
AA96,
AA55,
0569,
5005,
5555,
56FF,
A555,
5555,
5556,
AA5A,
9500,
0054,
0140,
0000,
0400,
0541,
4000,
0004,
0000,
0005,
5055,
5555,
5401,
4001,
5555,
FFFA,
FFFF,
A5AA,
AFEA,
BFA5,
0000,
0055,
5ABF,
FFFF,
9554,
16AA,
EAFF,
FAA9,
555A,
9014,
0000,
1400,
0000,
06FF,
A505,
0001,
A900,
1500,
0005,
5501,
5AFF,
EBEF,
EAFA,
AAAA,
AF95,
5456,
5555,
55A5,
56AA,
AA95,
5555,
5515,
555A,
AAFF,
EAFE,
AAAA,
FE6F,
AAAA,
ABFA,
AAAB,
AAAA,
AAAA,
A556,
5555,
6AAA,
4015,
5555,
5555,
5555,
5AAA,
AA96,
BA55,
55AA,
9405,
5515,
56FF,
E555,
5555,
5565,
AA6A,
9500,
1555,
4000,
0000,
0014,
1500,
0000,
0000,
0000,
0005,
5545,
5555,
5405,
4000,
5555,
FFFB,
FFFE,
9569,
6FEA,
BEA5,
0000,
0155,
6BFF,
FFFF,
A6A9,
01AE,
A6BF,
FAA9,
5AAA,
9005,
0000,
5515,
0000,
41BE,
5001,
0001,
5500,
0000,
0004,
1545,
9AFF,
EAAB,
EAFE,
AEAA,
BFA5,
556A,
5555,
55A9,
5AEA,
AA55,
5555,
5400,
155A,
AFFE,
AAFE,
A9AB,
FFAF,
AAAA,
ABEA,
AEAF,
AA9A,
9AA6,
9556,
5556,
AAAA,
5055,
5555,
5555,
5555,
6AAA,
AAAA,
AA55,
55AF,
E405,
5415,
5AFF,
E555,
5555,
55A9,
AAAA,
9540,
1541,
4005,
0000,
0015,
0400,
0000,
4000,
0000,
0005,
5555,
5555,
0545,
5000,
5541,
FFFA,
FFFA,
56A9,
ABEA,
AFE9,
0150,
05A5,
BFFF,
FFFF,
EAF9,
01BE,
556F,
FEA5,
6BFA,
A400,
0015,
5555,
0000,
4155,
4000,
0000,
0400,
0000,
0000,
1555,
ABFF,
EAEB,
EAFE,
AFAA,
ABA5,
556A,
9650,
556A,
ABEA,
A555,
5540,
0000,
0556,
5ABA,
6AFA,
A56B,
FFAF,
AA6A,
ABE5,
BFFF,
FAAB,
AAA5,
5555,
555A,
9A9A,
5055,
5554,
1555,
5555,
6A95,
6AAA,
AAAA,
AABF,
E505,
5415,
6FFF,
F955,
5555,
55A5,
5AAA,
A555,
5541,
4005,
0040,
0014,
0000,
0001,
4000,
0400,
0005,
5555,
5554,
0101,
5501,
5555,
AFEA,
FFFE,
5AA9,
ABEA,
BFF9,
4155,
56FA,
FFFF,
EFFF,
FAF9,
01AA,
556F,
FE55,
6AAA,
A000,
0065,
5554,
0001,
5550,
0000,
0000,
0000,
0000,
0000,
5555,
BFFF,
EAFF,
EAAA,
AFAA,
9A55,
556A,
9650,
556A,
AEA9,
5555,
1000,
0000,
0115,
5AA9,
5ABA,
556B,
FEAB,
AAAB,
EFA5,
AFFF,
FAAB,
EAA5,
5555,
56AA,
5655,
5555,
5554,
1555,
555A,
AA95,
AAAA,
AAAA,
AAFF,
E555,
5415,
BFFF,
F955,
5555,
5555,
5BAA,
A555,
5555,
4015,
0050,
0005,
0000,
0015,
5010,
0400,
0015,
5555,
5555,
0000,
5545,
5554,
EFEA,
FFFE,
AAA9,
AAA6,
BFFE,
4155,
6BFF,
FFFF,
ABFF,
FEBA,
416A,
556F,
F955,
696A,
A055,
5169,
6554,
0000,
5695,
0000,
0000,
0000,
0000,
0000,
5555,
BFFF,
E6FF,
F96A,
AAAA,
5555,
556A,
5595,
5AAA,
AA95,
5555,
0000,
0000,
0005,
5555,
6ABE,
A95B,
FA56,
AAAB,
FFEA,
BFEA,
EAAB,
AAA5,
5555,
5AAA,
5655,
6555,
5155,
5555,
555A,
A696,
AAAA,
AAAA,
6BFF,
E555,
5516,
FFFF,
FE55,
5555,
556A,
AAAA,
BAA5,
5555,
5515,
0050,
0005,
4000,
0054,
5015,
0000,
0015,
0555,
5555,
4001,
5555,
5555,
EFFA,
FFFF,
EAA6,
A555,
BFEF,
9695,
BFFF,
FFEF,
ABFF,
FAAA,
9015,
5AAF,
AA95,
556A,
A456,
AAA5,
6550,
0000,
56A9,
4000,
1400,
0000,
0000,
0000,
1555,
AFFF,
96FF,
B95A,
AAAA,
955A,
955A,
56A6,
AAAA,
AA55,
5540,
0000,
0554,
0000,
1555,
AAAA,
A95A,
EA56,
A96B,
FFEB,
FEAA,
AA6E,
A5A9,
5555,
6AA9,
5555,
5555,
5055,
5555,
5555,
6AAA,
AA5A,
96AA,
6BFA,
A555,
656B,
FFFF,
FE95,
5555,
56AA,
AAAA,
AA95,
5555,
5500,
0000,
0555,
4000,
5055,
5005,
0000,
0000,
0155,
5555,
5005,
5055,
5555,
FFEA,
BEBF,
E96A,
9406,
BFEA,
9BEA,
FFFA,
AFFF,
EBEF,
AA55,
5005,
ABFF,
A955,
55A9,
5416,
FFA9,
5454,
0001,
55BE,
5055,
5400,
0000,
0000,
0000,
0555,
BFFF,
A5BA,
A95A,
956A,
9016,
9516,
56EA,
FAAA,
9555,
5400,
0005,
5400,
0000,
15A9,
AAEA,
AAAA,
A956,
F96A,
FFFF,
FEAA,
AA6A,
A5A5,
5555,
A695,
5554,
555A,
5055,
5555,
0155,
6AA5,
6A56,
96A9,
5BFA,
A556,
A6BF,
FFFF,
FFAA,
A955,
55AB,
AAAA,
AA55,
5555,
5500,
0145,
0555,
4014,
5555,
5400,
0000,
0001,
5155,
5555,
0055,
5415,
5555,
FFFA,
BEAF,
E5AA,
A406,
AF95,
6FFF,
EAFA,
AFFF,
EBAA,
96A9,
5001,
6FFF,
EAA9,
65A9,
515B,
FBFA,
5415,
5005,
55AA,
5155,
5500,
0000,
0000,
4015,
4556,
FFFF,
E969,
A95A,
95AA,
5056,
A506,
96AB,
EAA9,
5555,
0000,
0000,
0000,
0001,
5AAA,
AAEA,
ABEA,
AA5A,
BEAB,
FFAB,
AAFA,
EAAA,
A595,
5556,
5656,
5554,
555A,
5545,
5450,
0016,
AA54,
6955,
9A95,
56AA,
A956,
AAFF,
FFFF,
FFFA,
AAAA,
AAAA,
AAAA,
AA95,
5555,
5500,
0101,
5555,
5555,
1554,
1415,
0000,
0001,
5555,
5555,
4555,
5415,
5555,
FFF9,
AFFE,
AAAA,
A416,
AB94,
5AFF,
EBFF,
FFFF,
ABEA,
AAA9,
5001,
6BFF,
ABFA,
6955,
5016,
EAF9,
5444,
4040,
55A9,
516A,
A500,
0000,
0000,
5515,
515B,
FFFF,
FAAA,
A516,
5555,
5456,
A516,
AAAA,
AA95,
5550,
0000,
0000,
0000,
0000,
5AAA,
AAA6,
ABEA,
FEAE,
AFFF,
FE96,
EBFF,
FFAA,
A555,
5555,
5556,
5555,
5569,
5545,
5550,
001A,
EA95,
A955,
5555,
5565,
5556,
A6FF,
FFFF,
FFFA,
AAFA,
AAA9,
AAEA,
AA95,
5141,
5500,
0100,
1555,
5555,
4554,
0154,
5500,
0501,
5555,
5555,
5515,
5415,
5555,
FFEA,
ABFE,
6AAA,
5515,
5690,
16FF,
EBFA,
FFFF,
AFAA,
9695,
0001,
6BEA,
AFF9,
5555,
9406,
AAA5,
5044,
0051,
55B9,
505A,
A500,
0000,
0001,
555A,
55AF,
FFFF,
FAAB,
E555,
4555,
555A,
955A,
AAAA,
AA55,
5500,
0000,
0000,
0000,
0000,
5AAA,
AAAA,
6BFF,
FEBF,
AFFE,
AA56,
FFFF,
FFEA,
A565,
5555,
5555,
5555,
555A,
A555,
0555,
015B,
FAAB,
E955,
5555,
5555,
5555,
A6BF,
FFFF,
FFFA,
AAAA,
AAAA,
5AAA,
AA95,
5551,
5555,
5500,
1555,
4155,
4150,
0540,
5500,
1540,
5555,
5555,
5555,
5415,
5555,
FFEA,
ABFA,
6FBE,
5515,
4550,
16FF,
FEFA,
AAEA,
FFA6,
9555,
4000,
5AEA,
BFE9,
5555,
B955,
AA95,
1000,
0055,
55A9,
5016,
9000,
0000,
0005,
A95A,
A9AA,
AFEB,
E96B,
E555,
1565,
5555,
556A,
AAAA,
9955,
5400,
0000,
0000,
0000,
0001,
56AA,
AAAA,
5AFF,
FEFF,
FFFE,
AA5B,
EAFF,
FFEA,
AAA9,
5555,
5555,
5A95,
6995,
6555,
5695,
556B,
FFFF,
FAAA,
9555,
5555,
5AAA,
AABF,
FFFF,
FFEA,
AAAA,
AAAA,
AA95,
A555,
5540,
5555,
5400,
5555,
0155,
4050,
0500,
1540,
5555,
5555,
5555,
5555,
5415,
5555,
FEAA,
ABF9,
6FFF,
9505,
0141,
5BFF,
FEAA,
56FA,
AFAA,
9555,
4000,
15AB,
FFF9,
AAAA,
F901,
5695,
5554,
0015,
9569,
4005,
5000,
0000,
0005,
AA5A,
AA96,
AA9A,
A556,
A559,
56A9,
6A59,
55AA,
A965,
5555,
5000,
0000,
0000,
0000,
0016,
AAAA,
AAAA,
6BFF,
FFBF,
FFFF,
FE9B,
EAFA,
FFEA,
AAA9,
5555,
5555,
AAAA,
AA95,
555A,
5695,
55AB,
FFFF,
FFFA,
A955,
5AAA,
ABFF,
FFFF,
FFFF,
FFAA,
AAAA,
AAAA,
AA95,
5555,
5501,
5555,
5155,
5555,
5555,
5550,
0500,
0550,
5555,
5555,
5555,
5555,
5555,
5555,
FEAA,
FFB9,
6FAF,
9150,
0155,
5BEA,
FEAA,
5BF9,
AAAA,
A455,
4050,
055B,
FFFA,
AAEA,
EA41,
56A5,
5565,
1516,
9469,
0000,
1000,
0000,
0001,
6AAA,
BE9A,
A956,
A555,
955A,
AAA9,
AAAA,
56AA,
A9A5,
5555,
4000,
0000,
0000,
0000,
001A,
AAAA,
A96A,
AFFF,
FEBF,
EFFF,
FFAF,
EAE9,
BFEA,
AAA9,
5555,
5556,
AAAA,
AAA5,
556A,
A959,
556B,
FFFF,
FFFF,
FAAA,
AAFF,
FFFF,
FFFF,
FFFF,
FFAA,
AAAA,
AAAA,
AAA5,
5555,
5500,
5555,
5055,
5555,
5555,
5554,
0500,
1555,
5555,
5555,
5555,
5555,
5555,
5555,
FAAF,
FEAA,
6B9A,
9510,
0055,
5A96,
BE95,
5BEA,
AABA,
E501,
0055,
055A,
FFFE,
AFFF,
E555,
6AA5,
55A9,
5555,
55A9,
0000,
0000,
0000,
1400,
6AAB,
FFAF,
E956,
9556,
945A,
AAA6,
BEAA,
AAAA,
9AA5,
5555,
5414,
0000,
0000,
0000,
001A,
AA9A,
A96A,
ABEA,
FABF,
AFFF,
FFFF,
EBE5,
AAAB,
AAAA,
56A9,
5556,
ABAA,
AAA5,
556A,
AA55,
556B,
FFFF,
FFFF,
FFFF,
FFFF,
FFFF,
FFFF,
FFFF,
FFEA,
AAAA,
AAAA,
AAAA,
6555,
5501,
5555,
4015,
5555,
5555,
5555,
1555,
5555,
5555,
5555,
5555,
5555,
5555,
5555,
AAAF,
FFAE,
AA55,
5400,
1555,
5556,
FF95,
6BEA,
F9AA,
A955,
4069,
5556,
AFEA,
6BFF,
E555,
6A95,
55BA,
5A55,
55A5,
0000,
0014,
0001,
5500,
6BAF,
FFFF,
A55A,
9546,
556A,
AAAA,
AFAA,
AAAA,
AA95,
5555,
5554,
0000,
0000,
0000,
001A,
AAAA,
A969,
AAAA,
AAFF,
EFFF,
FFFF,
EBEA,
AAAA,
AAAA,
5AAA,
65AA,
ABAA,
AAA5,
556A,
AA99,
A96B,
FFFF,
FFFF,
FFFF,
FFFF,
EBFF,
FFFF,
FFFF,
FAAA,
AAAA,
AAAA,
AAAA,
5955,
5555,
5555,
0015,
5555,
5555,
5555,
5555,
5555,
5555,
5555,
5555,
5555,
5551,
5555,
AA6B,
FFAF,
A541,
4000,
5905,
5106,
FFE5,
ABEA,
F969,
5555,
5569,
5556,
ABA5,
5BFF,
E455,
6955,
55BA,
AA90,
05A5,
0015,
0015,
1541,
5505,
6BFF,
ABFE,
AAAA,
9546,
656A,
AAAA,
AAAA,
A9AA,
AA55,
5555,
5954,
0400,
0000,
0001,
406A,
AAAA,
6969,
AAAA,
AAFF,
FFFF,
FFFF,
EBFA,
FFAA,
AAAA,
9AAA,
AAAA,
AAAA,
AAA5,
555A,
AAAA,
AA6F,
FFFF,
FFFF,
FFFB,
FFFF,
FFFF,
FFFF,
FFFF,
EAAA,
AAAA,
AAAA,
AAAA,
5555,
5555,
5554,
0555,
5401,
5555,
5555,
5555,
5555,
5555,
5555,
5555,
5555,
4141,
5555,
AA6A,
FFAB,
9500,
0001,
6901,
5057,
FFEA,
ABEA,
FA55,
5555,
5555,
5556,
AA95,
5BAB,
F941,
5551,
5569,
5A90,
0165,
0050,
0055,
5545,
5555,
5AFE,
AAFE,
FEAA,
E506,
A96A,
9AAA,
AAAA,
A956,
A955,
5555,
6940,
0400,
0000,
0015,
4069,
6AA9,
596A,
AAAA,
AAFF,
FFEA,
FFFF,
EBFF,
FFEA,
AAAA,
A56A,
AAAA,
AAAA,
AAAA,
5556,
AAAA,
AA6F,
FFFF,
FFFF,
FFFA,
FFFF,
FFFF,
FFFF,
FFFF,
EAAA,
AAAA,
AAAA,
AAA9,
5555,
5555,
5554,
0555,
5001,
5555,
5555,
5555,
5555,
5555,
5555,
5555,
5555,
4001,
5555,
AAA6,
BFAA,
9400,
0001,
6500,
505B,
FFFE,
ABFF,
FE55,
0055,
5555,
5556,
A555,
5BEA,
E945,
5555,
5554,
5AE5,
0054,
1540,
4155,
5555,
AA55,
5ABF,
FEFF,
FEAB,
E516,
A96A,
AAAB,
AAAA,
A955,
5555,
5555,
A900,
4000,
0000,
0055,
4069,
AAA9,
596A,
AAAA,
EAFF,
EFEA,
FFBF,
EBFF,
FFFA,
AAAA,
A9AA,
AAAA,
AAAA,
AAAA,
9595,
AAAA,
A96F,
FFFF,
FFFF,
FFFF,
BFFF,
FFFF,
FFFF,
FFFA,
AAAA,
AAAA,
AAAA,
6A55,
5555,
5541,
5554,
1554,
1401,
5555,
5555,
5555,
5555,
1555,
5555,
5555,
5555,
5155,
5555,
AA56,
BFE5,
5400,
0141,
A400,
015B,
FFFF,
FFFF,
FA55,
5505,
5555,
5556,
A555,
5AEA,
A505,
55A9,
5500,
16E5,
4010,
1551,
5155,
5556,
FE95,
5BAA,
FFFE,
FEAA,
A956,
FD56,
AAFA,
AAAA,
A955,
5555,
5559,
A505,
4000,
0000,
0555,
006A,
AAA5,
556A,
AAAA,
EAFF,
EFFB,
FEBF,
EBFF,
FFFE,
AA9A,
AAAA,
AAAA,
AAAA,
AAAA,
AAA5,
6AAA,
A56F,
FFFF,
FFFF,
BFFF,
FFFF,
FFFF,
FFFF,
FAFF,
AAAA,
AAAA,
AAA5,
5955,
5555,
5541,
5555,
5554,
5555,
5555,
5555,
5555,
5540,
5555,
5555,
5555,
5555,
5555,
4555,
AA5A,
ABE5,
5014,
0141,
A400,
016B,
FFFF,
FFFF,
E955,
5555,
5555,
5555,
A554,
16F9,
5505,
56BA,
5940,
05A5,
5050,
5550,
5054,
15AA,
FE95,
6AAA,
FFFE,
BFEA,
B95B,
FE55,
AFFE,
AAAA,
A555,
5555,
5569,
5415,
0000,
0000,
1555,
005A,
AAA5,
5AAA,
AAAA,
AFFF,
ABFF,
FFBF,
EBFF,
FFFE,
BE9A,
AAAA,
AAAA,
AAAA,
AAAA,
AAA5,
6AAA,
956F,
FFFF,
FFFF,
BFFF,
FFFF,
FFFF,
FFFF,
FFFF,
FAAA,
AAAA,
AAA5,
5555,
5555,
5541,
5555,
5555,
5555,
5555,
5555,
5555,
5545,
5555,
5555,
5555,
5555,
5555,
4555,
FA5B,
E694,
0014,
0001,
9000,
017F,
FFFB,
FFFA,
A555,
A555,
5556,
9555,
AA94,
16F9,
0005,
56BE,
6A40,
0155,
5550,
0555,
4014,
16AA,
F955,
AAAA,
AEAB,
EAEA,
A95B,
FE95,
AFFE,
AAAA,
A555,
5555,
55A9,
4050,
0000,
0001,
5555,
015A,
AAA9,
5AAA,
AAAA,
AFEA,
ABFF,
FFAF,
FFFF,
AFBE,
BEAA,
AAAE,
AAAA,
AAAA,
AFEA,
AAAA,
AAAA,
A56F,
FFFF,
FFFF,
AFFF,
FFFF,
FFFF,
FFFF,
FFFF,
FEAA,
AAAA,
BA95,
5515,
5555,
5555,
5555,
5555,
5555,
5555,
5555,
5555,
5555,
5555,
5555,
5554,
0555,
5555,
5555,
FAAF,
E550,
1455,
0001,
4000,
017F,
FFEA,
FFF9,
5505,
6955,
555B,
9541,
6AA4,
05B9,
0015,
A5BE,
AE40,
0015,
5554,
0055,
5414,
05A6,
A955,
AAAA,
AAAA,
AAFE,
A96B,
AFFA,
AFFA,
AAAA,
5555,
5555,
56A4,
0540,
0000,
0005,
5555,
015A,
AAA9,
5AAA,
AAAA,
BFEA,
ABFF,
FFFF,
FFFF,
AAAE,
BFAA,
AAAF,
AAAA,
AAAA,
BFEA,
AAAA,
AAAA,
AAAF,
FFFF,
FFFF,
BFFF,
FFFF,
FFFF,
FFFF,
FFFF,
FFFB,
BAAA,
EA95,
5555,
5555,
5555,
5555,
5555,
5555,
5555,
5555,
5555,
5555,
5555,
5555,
5555,
4555,
5555,
5555,
FABF,
E540,
5555,
4000,
0000,
016F,
FF96,
FBE5,
5405,
6954,
55AB,
E500,
5AA4,
05A9,
0056,
E9BF,
FE50,
0005,
9554,
0155,
5555,
5555,
AA56,
AAAA,
AAAA,
BAFE,
95BF,
AFFA,
AFFA,
AAA9,
5555,
5555,
5550,
1540,
0000,
0015,
5554,
019A,
AAA9,
5AAA,
6AFA,
FFEA,
FFFF,
FFFF,
FFFF,
FFFF,
FEAF,
AAAF,
AAAA,
AAAA,
BFFA,
AAAA,
AAAA,
AAAF,
FFFF,
FFFF,
FFFF,
FFFF,
FFFF,
FFFF,
FFFF,
FFEA,
FEAA,
AA55,
4055,
0555,
5555,
5555,
5555,
5555,
5555,
5555,
5555,
5555,
5555,
5555,
5555,
5555,
5555,
5555,
EAFF,
E501,
6AAE,
9400,
0000,
016F,
FF96,
AB90,
0015,
5555,
56FF,
F900,
1554,
0569,
4156,
F9AA,
FE94,
0106,
A955,
5555,
5555,
5555,
6A5A,
AAAA,
AAAA,
BFFE,
95BF,
AFEA,
ABFF,
EA95,
56A9,
5555,
5554,
1400,
0000,
0155,
5554,
0195,
56A5,
56AA,
AAAA,
BFEF,
FFFF,
FFFF,
FFFF,
FFFF,
FEAF,
AAAB,
EAAA,
AAAA,
BFFA,
AAAA,
A6AA,
A6AF,
FFFF,
FFFE,
AFFF,
FFFF,
FFFF,
FFFF,
FFFF,
FABA,
EAEA,
AA55,
5000,
0555,
5555,
5555,
5555,
5555,
5555,
5555,
5555,
5555,
5555,
5555,
5555,
5555,
5555,
5555,
96FF,
E415,
6BFF,
A401,
4001,
56AB,
FF96,
FF90,
0015,
5555,
5BFF,
F900,
0440,
156E,
5696,
F956,
FE94,
1556,
B96A,
A955,
9555,
5695,
5A9A,
AAAE,
FAA6,
BFFE,
95AF,
AFEA,
AABF,
A555,
6AA5,
5555,
56A5,
1000,
0000,
0555,
5554,
0155,
5555,
55AA,
EABA,
AAAF,
FFFF,
FFFF,
FFFF,
FFBE,
BFFF,
EBAB,
EAAA,
AAAA,
BFF9,
AAAA,
AAA6,
956B,
FFFF,
FFFE,
AFFF,
FFFF,
FFFF,
FFFF,
FFFF,
FAFA,
AAEA,
AA55,
5400,
0555,
5555,
5555,
5555,
5555,
5555,
5554,
1545,
5555,
5555,
5555,
5555,
5555,
5555,
5555,
56FE,
E559,
6FFE,
A404,
0005,
5BEA,
FE9B,
FF50,
0155,
6A95,
5BFF,
F900,
0100,
156F,
9A96,
F955,
BF95,
016B,
E9AF,
E96A,
A955,
56A4,
5A95,
96BE,
FA95,
BEFE,
556F,
FFEA,
AABA,
9555,
6AA5,
5556,
AAA9,
0000,
0000,
1555,
5554,
016A,
A941,
55AB,
AAA9,
AAAF,
FFAF,
FFFF,
FFFF,
FFFB,
EAFF,
ABAB,
EAAA,
AAAA,
FFF9,
6AAA,
9AAA,
956B,
FFFF,
FEFA,
AFFF,
FFFF,
FFFF,
FFFF,
FFFF,
EAFA,
AAAA,
AA55,
5000,
0555,
5555,
5555,
5505,
5555,
5555,
4410,
0000,
5455,
5555,
5555,
5555,
5555,
5555,
5555,
ABFA,
A555,
6FEA,
5555,
0001,
5A96,
AA9B,
FF95,
55A9,
6A95,
6FFF,
E501,
0015,
555A,
AAAB,
FE55,
BFE5,
45BF,
E5BF,
E5AA,
A955,
5A95,
5A55,
55AA,
AAA5,
6ABE,
557F,
FEAA,
ABEA,
5555,
6AA5,
5556,
AAA9,
0000,
0001,
5555,
55A4,
06AF,
FE40,
6AAB,
FFAA,
BEAF,
FFFF,
FFFF,
FBFF,
FFFF,
EAFF,
ABAB,
AAAA,
AAAA,
FFF9,
6A9A,
AA96,
A96B,
FFFF,
FEAA,
BFFF,
FFFF,
FFFF,
FFFF,
FFFE,
FBEA,
AAAA,
AA55,
5000,
0015,
5555,
5555,
4145,
5555,
5555,
5514,
5400,
0155,
5555,
5555,
5555,
5555,
5555,
5555,
EBFA,
A555,
5AAA,
5A95,
4540,
155A,
AAAB,
FF95,
55A9,
6AA5,
6FFF,
A405,
505A,
9456,
A9AF,
FE56,
BFEA,
56BA,
E56B,
A6AA,
5555,
5A55,
5541,
55AF,
EAA9,
AAAF,
957F,
FEAF,
AAA9,
5555,
6A95,
555A,
AA69,
0000,
0005,
5555,
5AA4,
0BFF,
FF90,
6ABF,
EBAA,
AFFF,
FFFF,
FFFF,
EBFF,
FFFF,
EAFF,
EAAB,
EAAA,
AAAB,
FFE5,
AAAA,
A69A,
A5AB,
FFFF,
FAAA,
BFFF,
FFFF,
FFFF,
FFFF,
FFFA,
FAAA,
AAAA,
AA55,
5401,
5015,
5555,
5555,
5555,
1555,
5555,
5555,
5400,
0155,
5555,
5555,
5555,
5555,
5555,
5555,
EBFA,
56A5,
16AA,
6BA9,
0150,
055A,
AABF,
FEAA,
5569,
6AA5,
6AAB,
9005,
505B,
E55A,
AABF,
FE56,
AFFA,
96AA,
E96F,
96AA,
5455,
5A95,
5400,
16AF,
AAAA,
AA9B,
A56A,
FEAF,
EA95,
5559,
6A55,
555A,
AAA5,
0000,
0015,
5555,
5AA4,
1BFF,
FE90,
1ABF,
EAAA,
AFFF,
FFFF,
FFFF,
EBFF,
FFFF,
FFFF,
EAFF,
EAAA,
AAAB,
FFE5,
AAAA,
556A,
956B,
FFFF,
FAAA,
BFFF,
FFFF,
FFFF,
FFFF,
FABE,
FAAA,
AAAA,
AA55,
5555,
5055,
5555,
5555,
5555,
5555,
5555,
5555,
5550,
0555,
5555,
5559,
5655,
5555,
5555,
5555,
FFFA,
5695,
56AA,
6AA9,
0150,
0015,
6AFF,
FEAA,
96A5,
6BE9,
555A,
9545,
405B,
F95B,
EAFF,
FA5B,
EAFE,
95AF,
EA6F,
AA95,
415A,
5695,
5000,
06AF,
AAAA,
AA96,
A56A,
BEAA,
A555,
5556,
AA55,
555A,
AAA5,
0000,
0055,
5555,
6A90,
1FFF,
FA50,
1AAB,
FAAE,
AFFF,
FFFF,
FFFF,
FFFF,
FFFF,
FFFF,
EBFF,
EAAA,
AAAB,
FFE5,
AAAA,
96A9,
555A,
FFFE,
AAAA,
BFFF,
FFFF,
FFFF,
FFBF,
EAFA,
AAAA,
AAAA,
9555,
5555,
5555,
5555,
5555,
5555,
5555,
5555,
5555,
5515,
1555,
5555,
5555,
5AAA,
9555,
5555,
5555,
FFF9,
5554,
56BA,
A555,
0050,
5415,
6BFF,
FEBE,
AAA9,
5BFA,
5555,
5555,
416A,
FAAF,
EAFF,
F96F,
FBFE,
A56B,
EAAA,
AA95,
556A,
56AA,
9400,
06AA,
AAAA,
AA96,
E5AA,
BEAA,
5555,
5556,
AA55,
955A,
AA94,
0000,
0055,
5555,
AA90,
2FFF,
A954,
5AAA,
FAAE,
BFFF,
FFFF,
FFFF,
FFFF,
FAFF,
EFFF,
EBFF,
EAAA,
AAAB,
FF95,
AAAA,
9AA9,
5556,
AAAB,
AAAA,
BFFF,
FFFF,
FFFF,
FEAA,
AAAA,
AAAA,
9559,
5555,
5555,
5541,
5555,
5555,
5555,
5555,
5555,
5555,
5555,
1155,
5555,
5555,
556A,
95A5,
5555,
5555,
FFF9,
5555,
56BE,
A554,
0000,
5401,
6BFF,
FFBF,
EBF9,
5BFE,
9555,
5554,
01A5,
BFFF,
FAFF,
F9AF,
FFFE,
A96B,
EAAA,
AAA9,
56AA,
5A6A,
A414,
06AA,
AAAA,
AAAA,
EAAA,
BEA5,
5551,
556A,
A955,
5556,
A550,
0000,
1555,
5556,
AA50,
6FFA,
9555,
5A96,
BAAF,
FFFF,
FFFF,
FFFF,
FFFF,
FFFF,
ABFF,
FFFF,
AAAA,
AA6B,
FE95,
AAAA,
5AA9,
5501,
AAAA,
AAAA,
BFFF,
FFFF,
FFEA,
AAAA,
AAAA,
A695,
5555,
5555,
5555,
5555,
5555,
5555,
5555,
5555,
5555,
5555,
5555,
0155,
5555,
5555,
5555,
55AA,
5555,
5555,
FFAA,
5555,
56FF,
A954,
0000,
5040,
6FFF,
FFBF,
FFF9,
6ABF,
A555,
5565,
0165,
BFFF,
FAAF,
F9AF,
FFFE,
A56A,
AAAB,
AAA9,
5A95,
6A6A,
A555,
56FA,
9AAA,
AAAA,
FAAA,
BA95,
5541,
56AA,
A955,
5555,
5400,
0000,
5555,
5556,
A940,
6FA9,
5555,
6AAA,
AAAF,
FFFF,
FFFF,
FFFF,
FFFF,
FFFF,
ABFF,
FFFF,
AAAA,
AA6F,
FE95,
AAAA,
5AA9,
5501,
AAAA,
AAAA,
BFFF,
FFEA,
AAAA,
AAAA,
AAAA,
AAAA,
9555,
5555,
5555,
5555,
5555,
5555,
5555,
5555,
5555,
5555,
5555,
5555,
5555,
5555,
5555,
595A,
9555,
5555,
FFAF,
AA55,
56FF,
B955,
5400,
5000,
6FFF,
FFFF,
FEAA,
AABF,
E955,
5AA5,
1555,
AFFB,
F9AB,
FAAF,
FFFF,
A56A,
AAAB,
EAAA,
6A99,
6AAA,
AAAE,
56FA,
96AA,
BFFA,
BEAA,
A955,
5505,
5AAA,
AA51,
5501,
0000,
0001,
5555,
555A,
A540,
6A95,
5555,
69AA,
AAAF,
FFFF,
FFFF,
FFFF,
FFFF,
FFFE,
ABFF,
FFFF,
AAAA,
AA6F,
FE95,
AAA9,
5AA9,
5501,
AAAA,
AAAA,
BFFF,
FAAA,
AAAA,
AAAA,
AAAA,
AAAA,
9555,
5555,
5555,
5555,
5555,
5555,
5555,
5555,
5555,
5555,
5555,
5555,
5555,
5555,
5555,
595A,
9555,
5555,
FFBF,
EE55,
46FE,
BE56,
5400,
1001,
6FFE,
AFFF,
AAAA,
AAFF,
FE55,
6A95,
6596,
AFEA,
EABF,
FFFF,
FFFF,
A56A,
AAAF,
AAAA,
AAA9,
5AAA,
AABE,
56AA,
5ABF,
FFFA,
BFAE,
9555,
5505,
5AAA,
AA51,
5400,
0000,
0005,
5555,
555A,
A500,
1955,
5555,
656A,
AFAA,
FFFF,
FFFF,
FFFF,
EBFF,
FFAA,
ABFF,
FAAA,
AAAA,
A96F,
FE95,
AAA9,
5AA5,
5555,
AAAA,
AAAA,
AAAA,
AAAA,
AAAA,
AAAA,
AAAA,
AAAA,
5555,
5555,
5555,
5555,
1555,
5555,
5555,
5555,
5555,
5555,
5555,
5555,
5555,
5555,
5555,
5555,
5555,
5555,
FEBF,
EE95,
46AA,
AE56,
A500,
0005,
6FAF,
AFFF,
AAAA,
A6FF,
FE55,
6FA5,
AAAA,
BFE6,
BEFF,
FFFF,
FFFF,
EAAB,
AFBE,
AAAA,
AAAA,
AAAA,
AAAA,
6AAA,
AABF,
FFFE,
AFA9,
5555,
5515,
6AAA,
AA55,
5400,
0000,
0055,
5555,
556A,
9500,
1555,
5555,
555A,
AFAA,
BFFF,
FFFF,
FFFF,
ABFF,
FEAA,
FEFF,
FAAA,
AAAA,
A96F,
FE95,
AAA6,
9555,
5555,
6AAA,
AAAA,
AAAA,
AAAA,
AAAA,
BFFF,
EAAA,
AAA9,
5555,
5555,
5565,
5655,
5555,
5555,
5555,
5555,
5555,
5555,
5555,
5555,
5555,
5555,
5556,
5555,
5555,
5555,
FEAF,
EE95,
0595,
AE95,
A500,
0000,
5AAF,
FFFF,
ABAA,
ABFF,
EA55,
BFE5,
BFFF,
FFA6,
BFFF,
FFFF,
FFAF,
EAAB,
FFFA,
AAAA,
AAAA,
AAAA,
AAA9,
6AAA,
BABF,
EFFF,
AFA5,
5555,
5556,
AAAA,
AA55,
5400,
0000,
0155,
5555,
516A,
9500,
1555,
5555,
555A,
AAAA,
BFFF,
FFFF,
FFFF,
EBFF,
FEAB,
FABF,
EAAA,
AAAA,
A96F,
FE95,
AAAA,
A555,
5555,
5AAA,
AAAA,
AAAA,
AAAA,
AAAA,
FFAA,
AAAA,
AA95,
5555,
555A,
556A,
AA95,
5555,
5555,
5555,
5555,
5555,
5555,
5555,
5551,
4555,
5555,
5555,
5555,
5555,
5556,
FFAB,
FEA5,
5555,
AF95,
6500,
0000,
6AAB,
FFFF,
FAAA,
ABFF,
EA56,
BEA5,
BFFF,
FFAA,
BFEA,
FEAB,
FEAF,
FFEB,
FFBA,
AAAA,
AAAA,
AAAA,
BAAA,
AAAA,
FAAB,
FFFF,
EA95,
5555,
5556,
AAAA,
AA55,
5400,
0000,
0155,
5555,
55AA,
5500,
0555,
5555,
5556,
AAAA,
AFFF,
FFFF,
FFFF,
AFFF,
FEAF,
FAAA,
AAAA,
AAAA,
A56F,
FF95,
AAAA,
A655,
5AA5,
55AA,
AAAA,
AAAB,
EAAA,
AAAA,
AAAA,
AAAA,
AA95,
5555,
556A,
55AA,
AA96,
AA95,
5555,
5555,
5555,
5555,
5555,
5555,
5550,
5555,
5565,
5555,
5555,
5555,
5555,
FFAB,
FEAA,
556A,
AB95,
5540,
0000,
6AAB,
FFFF,
FAAA,
FFFF,
FA5A,
FA55,
BFFF,
FFFF,
BFEA,
FABF,
FE6F,
FFFA,
BFEA,
AAAA,
AAAA,
AAAA,
EAAA,
EAAA,
F96B,
FFFF,
E955,
5555,
515A,
AAAA,
AA55,
5400,
0000,
1555,
5555,
55AA,
5500,
5555,
5555,
555A,
AAAA,
AFEA,
FFFF,
FFFF,
FFFF,
FFAF,
FABE,
AAAA,
AAAA,
A56B,
FF95,
AAAA,
AAAA,
AAAA,
AAAA,
AABF,
FFEA,
AAAA,
AAAA,
AAA9,
6AAA,
AAA5,
5556,
A5AA,
A55A,
AA5A,
AA95,
5555,
5555,
5555,
5555,
5555,
55A5,
6955,
5555,
55A5,
5555,
5555,
5555,
5555,
FFAF,
FBEF,
A5AA,
AA96,
A551,
5000,
6AFF,
FFFF,
EA6A,
FFAB,
FEA6,
A955,
BEBF,
FAFF,
FFAB,
FEFF,
FE6F,
FFEA,
AFFA,
AABA,
A96A,
AAAA,
AB96,
AAAA,
AA5A,
FFFA,
9555,
5555,
156A,
AAAA,
A955,
5400,
0000,
1555,
5555,
55A9,
5400,
0155,
5555,
556A,
A5AA,
BFAA,
FFFF,
FFFF,
FFEF,
ABFF,
EABF,
AAAA,
AAAA,
A56B,
FF96,
AAAA,
AABE,
AAAA,
AAAA,
AFFF,
FFEA,
AA95,
6A56,
AAA9,
6AAA,
AAAA,
AAAA,
A5AA,
AA5A,
A95A,
AA95,
A655,
5555,
9555,
5555,
5555,
5565,
9555,
5555,
5595,
5555,
5555,
5555,
5555,
EABF,
EBFF,
EAAA,
AEAA,
AA95,
5001,
AFFF,
FFFF,
E56A,
FE96,
FFE5,
55AA,
BABF,
FAFF,
ABEA,
FFFF,
FEAF,
FFEA,
AFFF,
FAAA,
556A,
AAAA,
9695,
5AAA,
9956,
AAEA,
5555,
5055,
55AA,
EABE,
A955,
0000,
0001,
1555,
5155,
56A9,
5400,
1555,
5555,
555A,
A9AA,
BEAA,
FFFF,
FFFF,
FFFE,
AFFF,
FABE,
AAAA,
AAAA,
A56A,
FE56,
FFFF,
FFFE,
BFFF,
FFFF,
FFFF,
FFEA,
AA55,
5555,
5555,
5AAA,
AAAA,
AAAA,
96AB,
FE5A,
AAAA,
965A,
5555,
5555,
555A,
556A,
9555,
5555,
5555,
5555,
5555,
5555,
5515,
5555,
5555,
FFFF,
EBFF,
FA9A,
BFFA,
BAA5,
0055,
BFFF,
FFFF,
AA9A,
FE96,
FF94,
16BA,
AABF,
EAEB,
ABEA,
BFFF,
FFFF,
FFFF,
AFFF,
FAAA,
5555,
5595,
5555,
5555,
5555,
5AA9,
5555,
5155,
56AA,
AAAA,
A554,
0000,
0001,
1555,
5555,
5AAA,
9401,
5555,
5555,
5556,
AA56,
AFFB,
FFFF,
FFFF,
FFFF,
FFFF,
EAAA,
AAAA,
AAAA,
A56A,
FE56,
AAAA,
AAAA,
AAFF,
FFFF,
FFFF,
FFFF,
AAA9,
5555,
5555,
5555,
55AA,
AAAA,
96A6,
AE5B,
FAFF,
AAAA,
9565,
5555,
5555,
556A,
9555,
5555,
5555,
5555,
5555,
5A55,
5515,
5555,
5555,
FFEB,
9BFA,
BEAB,
FFEA,
BEA9,
416A,
FFFF,
FFEA,
AAAA,
AA96,
FF94,
56BF,
ABFF,
FFEB,
FBE9,
6FFF,
FFFF,
FFFF,
EAAA,
AA95,
5555,
5555,
5051,
5101,
5555,
5A55,
5555,
0555,
6AAB,
ABA9,
5554,
0000,
0000,
0000,
0015,
55A9,
5401,
5555,
5555,
5555,
AA95,
AAAA,
AAAA,
AAAA,
AAAA,
AAAA,
955A,
AAAA,
AAAA,
A56A,
A956,
AAAA,
AAAA,
AABF,
FFFF,
FFFF,
FFFF,
FFEA,
A955,
5555,
5555,
5555,
55AA,
96A6,
AA5A,
AAFF,
FFFA,
AAA5,
5555,
5555,
556A,
A55A,
5555,
5555,
5555,
5555,
5A55,
5555,
5555,
5555,
ABEB,
ABFA,
BEAF,
FFE5,
BEAA,
55AA,
FFFF,
FFF9,
5ABE,
96AA,
FFA5,
56FF,
EBFF,
FFFF,
FAA5,
5BFF,
FFFE,
FFFA,
9555,
5555,
1514,
0555,
5555,
0001,
0155,
A555,
5551,
0555,
AAAB,
EA55,
5554,
0000,
0000,
0000,
0015,
5555,
5400,
5555,
5555,
5555,
5555,
5555,
5555,
5555,
5555,
5555,
5516,
AAAA,
AAAA,
AAAA,
9555,
6A95,
556A,
AAAB,
FFFF,
FFFF,
FFFF,
FFFF,
EAA5,
5555,
5555,
5555,
5555,
56AA,
AA96,
AAAA,
FFFF,
FFEA,
A95A,
A555,
55A9,
A55A,
5555,
5555,
5555,
5555,
5555,
5555,
5555,
5555,
5AFF,
EFFA,
BEBF,
FFE5,
BE6A,
55AA,
EBFF,
FFF9,
AABE,
56FB,
FFE5,
6BFF,
EBFF,
FFFF,
F9A5,
5BFF,
FFFE,
AA95,
5555,
5555,
5515,
5555,
5555,
5001,
4555,
5555,
5050,
0156,
AAEA,
A555,
5554,
0000,
0000,
0000,
0015,
5555,
5400,
5555,
5555,
5555,
5555,
5555,
5555,
5555,
5555,
5555,
555A,
AAAA,
AAAA,
AAAA,
5155,
6AA9,
5555,
5AAA,
FAFF,
FFFF,
FFFF,
FFFF,
FAFA,
5569,
5555,
5555,
5555,
56A6,
9556,
9AAA,
AAAF,
FFFF,
FEAA,
A555,
5556,
A556,
5555,
5555,
5555,
5555,
5555,
5555,
5595,
5555,
56FF,
FAAE,
AAFF,
AFE5,
6955,
55AA,
AFFF,
FEA9,
AABE,
5AFE,
AFE5,
6AFF,
EBFF,
FFFF,
E955,
5AFF,
FAAA,
9555,
5555,
5555,
5555,
5555,
5555,
5505,
5555,
5540,
0000,
155A,
AEAA,
55AA,
A550,
0000,
0000,
0155,
5555,
5555,
5555,
5555,
5555,
5555,
5555,
5555,
5555,
5555,
5555,
5555,
516A,
AAAA,
AAAA,
BEA9,
5595,
6AAA,
5555,
56AA,
BFFF,
FFFF,
FFFF,
FFFF,
FFAA,
9555,
5555,
5555,
5555,
5555,
5556,
A9AA,
AAAA,
AFFF,
FFFF,
AAA9,
555A,
9555,
6955,
5555,
5555,
5555,
5559,
5555,
55A5,
5555,
96FF,
FABF,
EABF,
AAA4,
5555,
55AF,
FFFF,
FEA9,
AAAE,
ABFA,
ABE9,
6AAB,
EFFF,
EFFE,
A555,
6ABF,
AA55,
5555,
5555,
5555,
5555,
1555,
5555,
5515,
5555,
5554,
0000,
55AA,
AAA5,
5AFE,
A550,
0000,
0000,
0155,
4041,
5555,
5555,
4155,
5555,
5555,
5555,
5555,
5555,
5555,
5555,
5555,
416A,
AAAA,
AAAA,
FFE9,
5555,
6AAA,
A555,
56AA,
BEFF,
FFFF,
FFFF,
FFFF,
FFAE,
A555,
5555,
5555,
5555,
5555,
5555,
A9AA,
AAAA,
AAAA,
AAFF,
FBFA,
AA5A,
A955,
5555,
5555,
5555,
5555,
5555,
5555,
5555,
5555,
96FF,
FABF,
FAAE,
AA95,
5505,
55BF,
FFFE,
FEA9,
56AF,
AFFA,
9AFA,
AAAF,
FFFE,
ABFE,
AAAA,
AAAA,
5555,
5555,
5555,
56A9,
5554,
1555,
5555,
5555,
5555,
5014,
0055,
56AA,
AA56,
BFFE,
9550,
0000,
0000,
0000,
0000,
0055,
5555,
0055,
5555,
5555,
5555,
5555,
5555,
5555,
5555,
5555,
006A,
AAAA,
AAAA,
FFFA,
5655,
AAAA,
A955,
55AA,
BFFF,
FFFF,
FFFF,
FFFF,
FFAE,
A955,
5555,
5555,
5555,
5555,
5565,
6A6A,
AAAA,
AAAA,
AAAA,
ABFF,
FEAA,
A955,
5555,
5555,
5555,
5555,
5555,
5555,
5555,
5565,
96FF,
FBFF,
FAAA,
AAA5,
5505,
56FE,
FFEA,
FA6A,
95AF,
FFEA,
56FA,
AFFF,
FBFE,
ABFA,
AAAA,
AA95,
5555,
5555,
5555,
55A5,
5500,
0105,
5555,
5555,
5550,
0000,
5555,
5AAA,
A56B,
FFFE,
9540,
0000,
0000,
0000,
0000,
0005,
5400,
0000,
0005,
5555,
5555,
5555,
5555,
5555,
5555,
5555,
006A,
AAAA,
AAA6,
FFFA,
5556,
AAAA,
AA55,
55AA,
FFFF,
FFFF,
FFFF,
FFFF,
FFEF,
EA55,
5555,
5555,
5555,
5555,
55A5,
6A5A,
556A,
AAAA,
A555,
6AAA,
FFFA,
AA55,
5556,
5565,
5555,
5555,
5555,
5555,
5555,
5955,
ABFF,
AFFF,
FFAA,
AAEA,
9556,
ABFA,
BFEA,
EA6A,
A5AF,
BFEA,
5AEA,
BFFF,
FAFF,
ABFA,
EAAA,
5555,
5555,
5555,
5555,
5555,
5400,
0005,
5555,
5555,
5550,
0001,
5555,
AAAA,
96BF,
FEAA,
5540,
0000,
0000,
0000,
0000,
0000,
0000,
0000,
0000,
0000,
1555,
5555,
5555,
5555,
5555,
5554,
01AA,
AAAA,
AA96,
FFFA,
5556,
AAAA,
AA95,
556A,
FFFF,
FFFF,
FFFF,
FFFF,
FFEA,
FA95,
5555,
5555,
5555,
0555,
55A5,
6A9A,
5555,
6AAA,
A955,
6AAA,
AAAB,
FA95,
5555,
5555,
5555,
5555,
5555,
5555,
5555,
5555,
EBFE,
AFFA,
BFAA,
AAFE,
955A,
BFFF,
BFAA,
AAAA,
BAFF,
AFA9,
6BEB,
FFFF,
EABF,
EBFE,
FAA5,
5555,
5A55,
5555,
5555,
5554,
5000,
0005,
5555,
5555,
5554,
0015,
5956,
AFA9,
5BFF,
AA95,
5540,
0000,
0000,
0000,
0000,
0000,
0000,
0000,
0000,
0000,
0000,
0000,
0555,
5555,
5555,
5100,
01AA,
AAAA,
AA56,
FFFA,
5556,
AAAA,
AA95,
556A,
BFFF,
FFFF,
FFFF,
FFFF,
FFFA,
BFA5,
5555,
5555,
5400,
1555,
5565,
ABA5,
9555,
55AA,
AA95,
6AAA,
AAAA,
BEAA,
9555,
5555,
5555,
5555,
5555,
5555,
5555,
5555,
EFFE,
AFEA,
AFEA,
AAFF,
AAAB,
FFFF,
FFAA,
AAAA,
FFFF,
AAAA,
6FFF,
EFFF,
EABF,
FAFE,
EAA5,
5A55,
5A55,
5555,
5555,
5555,
5555,
5505,
5555,
5555,
5555,
0155,
A96A,
AAA5,
AFEA,
A545,
A500,
0000,
0000,
0000,
0000,
5400,
0000,
0000,
0000,
0000,
0000,
0000,
0000,
0000,
0000,
0000,
01AA,
AAAA,
A956,
FFFE,
5555,
A955,
AA95,
016A,
BFFF,
FFFF,
FFFF,
FFFF,
FFFB,
EFA9,
5555,
5555,
5551,
1555,
5555,
ABE5,
A555,
5555,
5AAA,
AAAA,
AA5A,
AAAA,
AA95,
5555,
5555,
5555,
5555,
5555,
5555,
5555,
FFFE,
AFEA,
AFEA,
AABE,
FFBF,
FFFF,
FFAA,
A5AB,
FFFF,
AAAA,
ABFF,
AFFF,
FABF,
EAAA,
AAAA,
AA55,
5555,
4050,
1015,
4155,
5555,
5555,
5555,
5555,
5555,
555A,
A5AB,
EA56,
FEA9,
5405,
A900,
0000,
0000,
0000,
0005,
5400,
0000,
0000,
0000,
0000,
0000,
0000,
0000,
0000,
0000,
0000,
01AA,
AAAA,
A95B,
FFFE,
5555,
A555,
5555,
416A,
BFFF,
FFFF,
FFFF,
FFFF,
FFFF,
ABE9,
5555,
5555,
5555,
5055,
5555,
6FE5,
6555,
5555,
5AAA,
EAAA,
AAAA,
65AA,
AAAA,
A555,
5555,
5555,
5655,
5556,
9555,
5555,
BFFF,
FFEA,
ABEA,
BFFA,
FFAA,
BFFF,
FFAA,
A6AA,
ABFF,
ABAA,
AAFF,
ABFF,
FFFF,
AAAA,
AAAA,
A955,
5555,
4050,
0015,
5150,
1405,
5554,
0554,
5555,
5555,
55AA,
9AAB,
A96B,
EA55,
4006,
B900,
0000,
0000,
0000,
0015,
5000,
0000,
0000,
0000,
0000,
0000,
0000,
0000,
0000,
0000,
0000,
06AA,
AAAA,
A95B,
FFFA,
5555,
5555,
5555,
556A,
BFFF,
FFFF,
FFFF,
FFFF,
FFFF,
AAFA,
5555,
5550,
1555,
5005,
5555,
6BE5,
5955,
5555,
5A9A,
AAAA,
AAAA,
A95A,
AAAA,
AA5A,
A569,
5555,
5569,
5556,
5556,
A555,
BFFF,
FFEA,
AAAA,
FFFA,
BFAA,
ABFF,
BF96,
96A5,
9BFA,
AF9A,
AAAF,
ABFB,
FFFE,
95AA,
96AA,
AA95,
5555,
5155,
5555,
5540,
5015,
5540,
0555,
5555,
5555,
6AA9,
6AAE,
95AE,
A554,
0006,
A500,
0000,
0000,
0000,
0055,
0000,
0000,
0000,
0000,
0000,
0000,
0000,
0000,
0000,
0000,
0000,
06AA,
AAAA,
A95B,
FFFA,
5555,
5555,
5555,
556A,
BFFF,
FFFF,
FFFF,
FFFF,
FFFF,
FAFA,
9555,
5554,
5555,
5555,
5555,
5BE5,
5A55,
5555,
5AAA,
AAA6,
AAAA,
AA96,
AAAA,
AAAA,
AAAA,
6555,
556A,
A555,
5556,
A555,
FFFF,
FFEA,
AAAA,
FFFA,
AAAB,
EBFF,
FEA9,
5AA5,
5BFA,
AF96,
AAAF,
ABFF,
FFAA,
56AA,
56A6,
A555,
5555,
4050,
5555,
5555,
5415,
5400,
0555,
5555,
4015,
AA56,
ABEA,
56AA,
9540,
001A,
A400,
0000,
0000,
0000,
0000,
0000,
0000,
0000,
0000,
0000,
0000,
0000,
0000,
0000,
0000,
1554,
06AA,
AAAA,
A55B,
FFFA,
5555,
5555,
5555,
556A,
BFFF,
FFFF,
FFFF,
FFFF,
FFFF,
FEAE,
A555,
5555,
5555,
5555,
5555,
5BE5,
5655,
0145,
5A5A,
95A5,
AAAA,
AAAA,
AAAA,
AAAA,
A695,
6555,
556A,
6955,
5555,
5555,
FFEA,
FFFE,
FAAA,
FFEA,
AAAB,
FBFF,
FAAA,
5AA5,
5AFF,
AFA6,
AFFF,
FFFF,
FAAA,
AAAA,
96AA,
5555,
5555,
0015,
5555,
5555,
5555,
0001,
5555,
5555,
015A,
A956,
AAA9,
6AA5,
5400,
001A,
A400,
0000,
0000,
0000,
0000,
0000,
0000,
0000,
0000,
0000,
0000,
0000,
0000,
0000,
0000,
0000,
06AA,
AAAA,
A56B,
FFF9,
5555,
5555,
5555,
55AA,
BFFF,
FFFF,
FFFF,
FFFF,
FFFF,
FFEA,
A555,
5555,
5555,
5555,
5555,
5BE5,
5695,
5541,
5A6A,
9555,
6AAA,
AAAA,
AAAA,
AAAA,
AAAA,
A555,
5555,
5555,
5555,
5A56,
FFEA,
FABF,
AAAB,
FFEA,
AAAB,
FFFF,
FAAA,
5AA5,
6AFA,
AEAA,
AFFF,
FFFA,
AA95,
6AA9,
5555,
5555,
5555,
0405,
5555,
5555,
5154,
0005,
5555,
5540,
156A,
A96A,
BEA5,
A955,
5000,
005A,
9000,
0000,
0000,
0000,
0000,
0000,
0000,
0000,
0000,
0000,
0000,
0000,
0000,
0000,
0000,
0000,
15AA,
AAAA,
A56F,
FFE9,
5555,
5555,
5555,
556A,
BFFF,
FFFF,
FFFF,
FFFF,
FFFF,
FFEA,
A555,
5555,
5155,
5556,
5555,
5BE5,
55A5,
5551,
555A,
5055,
5AAA,
AAAA,
6AAA,
AAAA,
AAAA,
A555,
956A,
5565,
5555,
555A,
FFEA,
BAAF,
AAAB,
FFA5,
56AB,
FFAA,
FA5A,
9A55,
AAAA,
EAAB,
FFFF,
FFAA,
AA56,
AA55,
5555,
5555,
5455,
5555,
5555,
5555,
5540,
0015,
5555,
5515,
56AA,
A5AA,
BE56,
A555,
0000,
016A,
9000,
0000,
0000,
0000,
0000,
0000,
0000,
0000,
0000,
0000,
0000,
0000,
0000,
0000,
0000,
0000,
15AA,
AAAA,
A56F,
FFA9,
5556,
A555,
5555,
556A,
BFFF,
FFFF,
FFFF,
FFFF,
FFFF,
FFEA,
E955,
5555,
5555,
556A,
A695,
5BE5,
55A9,
5555,
5555,
5401,
56AA,
AAAA,
AAAA,
AAAA,
AAAA,
AA95,
5569,
5569,
5555,
555A,
FFAA,
BEAA,
AAAB,
EAA9,
56BF,
FFEA,
AA5A,
9555,
BFAB,
FAAF,
FFFB,
FEAA,
AA5A,
AA95,
5555,
5569,
5555,
5555,
1555,
5555,
5400,
1555,
5555,
5455,
6AAA,
96AF,
E96A,
9554,
0000,
05AA,
5000,
0000,
0000,
0000,
0000,
0000,
0000,
0000,
0000,
0000,
0000,
0000,
0000,
0000,
0000,
0000,
15AA,
AAAA,
956F,
FEA9,
5556,
A555,
5555,
556A,
BFFF,
FFFF,
FFFF,
FFFF,
FFFF,
FFAA,
A955,
5555,
5555,
56AA,
95A9,
5FEA,
A969,
5555,
5555,
5551,
15A5,
5AAA,
AAAA,
AAAA,
AAAA,
AAA9,
56A5,
5565,
6A95,
5955,
BAAA,
FEAA,
AAAA,
A5AA,
96BF,
FFE5,
AAAA,
A956,
FEAB,
EABF,
FFEB,
EA6A,
AAAA,
AAAA,
9695,
556A,
5555,
5555,
5555,
5555,
5000,
5555,
5551,
5555,
AAAA,
AAAF,
A5A9,
5550,
0000,
55AA,
4000,
0000,
0000,
0000,
0000,
0155,
0000,
0000,
0000,
0000,
0000,
0000,
5555,
5555,
5540,
0000,
15AA,
AAAA,
956F,
FE59,
5545,
5555,
5555,
556A,
BFFF,
FFFF,
FFFF,
FFFF,
FFFF,
FFFE,
BA55,
5555,
5555,
5555,
55A5,
5FEA,
AA5A,
AAA5,
5555,
5555,
1565,
556A,
AAAA,
AAAA,
AAAA,
AAAA,
56AA,
55A5,
AAA5,
5A69,
F9AF,
AAAA,
AAAA,
A5A6,
AAFF,
FFEA,
AAAA,
AA56,
AAAB,
FAFF,
FFAB,
EA5A,
AA95,
5A9A,
AA5A,
556A,
5555,
5555,
5555,
5555,
4005,
5555,
5515,
556A,
AAAA,
AABE,
96A5,
5500,
0005,
55A9,
4000,
0000,
0000,
0000,
0000,
0155,
5400,
0000,
0000,
0000,
0000,
0155,
5555,
5555,
5554,
0000,
16AA,
AAAA,
95BF,
FE95,
5555,
5555,
5555,
55AA,
BFFF,
FFFF,
FFFF,
FFFF,
FFFF,
BFEA,
BA55,
56A5,
5555,
5555,
55A5,
5FEA,
695A,
AAAA,
AA55,
5555,
5569,
5155,
6AAA,
AAAA,
AAAA,
AAAA,
A96A,
5555,
AAA9,
56AA,
FAAA,
AFEA,
69AA,
A5A6,
AAFF,
ABEA,
95AA,
BE55,
AAFF,
FFFF,
FAAA,
AA55,
AA55,
55AA,
AA5A,
95AA,
5555,
5540,
0000,
5550,
0045,
5555,
5555,
55AA,
A56A,
AAE9,
6A95,
5400,
0015,
56A9,
0000,
0000,
0000,
0000,
0000,
0055,
5500,
0000,
0050,
0000,
0000,
5555,
5555,
5555,
5555,
0000,
56AA,
AAAA,
55BF,
FEA5,
5555,
5555,
5555,
55AA,
FFFF,
FFFF,
FFFF,
FFFF,
FFFF,
FFFA,
BA55,
55A9,
9545,
5559,
55A5,
6FE5,
5556,
AAAA,
AA95,
5555,
555A,
5155,
5556,
AAAA,
AAAA,
AAAA,
A96A,
9555,
A6AA,
AAAA,
FAAA,
AFFA,
69AA,
A5A5,
5AFA,
AAAA,
95BE,
AE56,
AAFF,
FFFA,
AAAA,
A955,
AA55,
556A,
A96A,
A5AA,
5555,
5505,
0550,
5540,
0151,
5555,
5555,
5AAA,
555A,
AEA5,
AA55,
5000,
0055,
56A9,
0000,
0000,
0000,
0000,
0000,
0005,
5500,
0000,
0054,
0000,
0005,
5555,
5555,
5555,
5555,
0000,
56AA,
AAAA,
55BF,
FEA5,
5555,
5555,
5555,
556A,
FFFF,
FFFF,
FFFF,
FFFF,
FFFF,
FFFE,
BA55,
5556,
AA55,
5555,
A56A,
6FE5,
9556,
A555,
5A95,
5A95,
5556,
9500,
1555,
AAAA,
AAAA,
AAAA,
AAAA,
AA56,
96AA,
AAA9,
FAA9,
6FFA,
AAA5,
6AA5,
5AEA,
AA6F,
95BA,
6A5A,
AAFF,
AFAA,
A96A,
5555,
5555,
555A,
A956,
A56A,
AA55,
5555,
5555,
5400,
0155,
5555,
5555,
6A55,
55AB,
BE96,
A555,
0000,
0555,
56A5,
0000,
0000,
0000,
0000,
0000,
0001,
5500,
0000,
0054,
0000,
0055,
5555,
5555,
5555,
5555,
0000,
56AA,
AAAA,
55BF,
FEA5,
5555,
5555,
5555,
556A,
FFFF,
FFFF,
FFFF,
FFFF,
FFFF,
FFFE,
AA95,
5555,
5555,
5556,
A56A,
AFE5,
AA55,
A955,
5555,
55AA,
5556,
A555,
5155,
6AAA,
AAAA,
AAAA,
AAAA,
AA56,
A95A,
AAA9,
FEAA,
6BE9,
AA95,
6AA6,
AAAA,
AA6F,
95AA,
5A5B,
EAFE,
BEAA,
A55A,
5555,
5555,
555A,
A956,
A955,
AA95,
5555,
5555,
5000,
0555,
5555,
5556,
A955,
56AB,
BA5A,
9554,
0000,
1555,
5AA4,
0000,
0000,
0000,
0000,
0000,
0000,
5500,
0000,
0054,
0000,
0555,
5555,
5555,
5555,
5555,
4000,
56AA,
AAAA,
55BF,
FEA5,
5501,
5555,
5555,
55AA,
AFFF,
FFFF,
FFFF,
FFFF,
FFFF,
FFFE,
AA95,
5556,
9554,
5556,
556A,
AFE5,
6955,
6A65,
5555,
5555,
5555,
A955,
5555,
5A9A,
AAAA,
AAAA,
AAAA,
AA96,
AA6A,
AAAA,
FEAA,
AAE9,
6A95,
AAA6,
AAAA,
AA5A,
A56A,
556F,
EABF,
FAAA,
9555,
5555,
5555,
555A,
AA55,
5555,
5A95,
5555,
5555,
0010,
1555,
5555,
555A,
9555,
5ABF,
A5AA,
5550,
0000,
5555,
5A94,
1500,
0000,
0000,
0000,
0000,
0000,
1540,
0001,
5554,
0000,
1555,
5555,
5555,
5555,
5555,
4000,
56AA,
AAA9,
55BF,
FFA5,
5500,
1555,
5555,
55AA,
AFFF,
FFFF,
FFFF,
FFFF,
FFFF,
FBFE,
AA95,
55AA,
AA94,
5555,
AAAA,
AFE5,
5AA9,
6AA9,
56A5,
5555,
5555,
6A55,
5555,
5695,
6AAA,
AAAA,
AAAA,
AAA9,
AAAA,
AAAA,
FEAA,
AAA5,
56A9,
AA96,
AAAA,
A95A,
AAAA,
A5AF,
EABF,
AA69,
5555,
5555,
5555,
5556,
AA55,
5555,
5555,
5555,
5554,
0050,
1555,
5555,
5555,
5555,
6ABA,
96A9,
5540,
0001,
5555,
6A90,
0500,
0000,
0000,
0000,
0000,
0000,
0550,
0000,
4000,
0000,
5555,
5555,
5555,
5555,
5555,
4001,
56AA,
AAA9,
55BF,
FFA5,
5501,
5555,
5555,
55AA,
AFFF,
FFFF,
FFFF,
FFFF,
FFFF,
FBFF,
AAA5,
56AA,
AAA4,
5555,
AAAA,
AFE9,
5AAA,
6AA9,
AAA5,
5555,
5555,
5A55,
5555,
55A5,
56AA,
AAAA,
AAAA,
AAAA,
AAAA,
AAAA,
FAAB,
EA95,
556A,
AA96,
BAAA,
A55A,
AAFA,
AABE,
AAAA,
A955,
5555,
5555,
5555,
5556,
A955,
5555,
55A5,
5555,
5550,
0040,
1555,
5555,
5A55,
4555,
AEFA,
5AA5,
5400,
0015,
5555,
6A90,
0000,
0000,
0000,
0000,
0000,
0000,
0154,
0000,
0000,
0001,
5555,
5555,
5555,
5555,
5555,
0005,
56AA,
AAA9,
55AF,
FFA5,
5501,
5555,
5555,
55AA,
AFFF,
FFFF,
FFFF,
FFFF,
FFFF,
FFFF,
AAAA,
AAAA,
AAA5,
1555,
AAAA,
AFE9,
56AA,
9AAA,
AAAA,
5555,
5555,
5695,
5555,
5569,
556A,
AAAA,
AAAA,
AAAA,
AAAA,
AAAA,
FAAA,
AAA9,
556A,
A956,
F96A,
A55A,
EFFE,
AAAA,
AA96,
AA55,
5555,
6955,
AA55,
5556,
AA55,
5555,
55A5,
5555,
5540,
0000,
5555,
5555,
6A55,
555A,
AFE9,
6A55,
5000,
0055,
5555,
6A40,
0004,
0000,
0000,
0000,
0000,
0000,
0055,
0000,
0000,
0005,
5555,
5555,
5555,
5555,
5555,
0015,
5AAA,
AAA9,
55AB,
FF95,
5505,
5555,
5556,
95AA,
AFFF,
FFFF,
FFFF,
FFFF,
FFFF,
FFAF,
BEAA,
AAAA,
AAA5,
1555,
6AAA,
AFA9,
55AA,
AAAA,
AAAA,
9555,
5555,
56A5,
5555,
556A,
5556,
AAAA,
AAAA,
AAAA,
AAAA,
AAAA,
FAAA,
AAAA,
5555,
5956,
AA5A,
A55B,
FABE,
AA55,
5555,
AA95,
AA56,
AAAA,
AA95,
5696,
AAAA,
AA69,
55AA,
AA55,
5500,
0001,
5555,
5556,
A955,
556A,
AAA5,
A955,
4000,
0055,
5555,
AA40,
0000,
0000,
0000,
0000,
0000,
0000,
0015,
4000,
0000,
0005,
5555,
5555,
5555,
5555,
5555,
0055,
5AAA,
AAA5,
55AB,
FF95,
5505,
5555,
5556,
55AA,
AAFF,
FFFF,
FFFF,
FFFF,
FFFF,
FFAA,
AAAA,
AAA5,
AA55,
1555,
5695,
AFAA,
55AA,
AAAA,
AAAA,
5555,
5555,
55AA,
5555,
A55A,
9555,
6AAA,
AAAA,
AAAA,
AAAA,
AAAA,
FAFF,
EAAA,
A555,
5555,
6A5A,
AAAA,
F96A,
9555,
5555,
5555,
6956,
AAAA,
AEA5,
5696,
AAAA,
9A59,
556A,
9A95,
5400,
0005,
5555,
555A,
A955,
55AA,
FA56,
A555,
0000,
0015,
5555,
A940,
0000,
0000,
0000,
0000,
0000,
0000,
0005,
5000,
0000,
0015,
5555,
5555,
5555,
5555,
5555,
0069,
5AAA,
AAA5,
45AB,
FE95,
5505,
5555,
55AA,
55AA,
AAAF,
FFFF,
FFFF,
FFFF,
FFFF,
FFAA,
AAAA,
AAAA,
AA55,
1555,
5695,
AFAA,
9555,
A9AA,
AAAA,
56A5,
5555,
956A,
9555,
AA56,
A555,
5AAA,
AAAA,
AAAA,
AAAA,
AAAA,
FEAF,
EAAA,
A559,
5516,
6A6A,
AAAA,
A965,
5155,
6556,
9555,
5555,
556A,
AAA5,
5556,
AAAA,
55AA,
9555,
6A95,
5000,
0015,
5555,
5656,
A555,
56AF,
E95A,
9554,
0000,
0015,
5555,
A915,
0000,
0000,
0000,
0000,
0000,
0000,
0001,
5400,
0000,
0015,
5555,
5555,
5555,
5555,
5554,
01A5,
5AAA,
AAA5,
45AB,
FE95,
5505,
5555,
55A9,
55AA,
AAAF,
FEBF,
FFFF,
FFFF,
FFFF,
FFAA,
BAAA,
A96A,
AAA5,
0555,
5695,
6EAA,
5555,
A56A,
AAAA,
5AAA,
555A,
955A,
A955,
5555,
A955,
55AA,
AAAA,
AAAA,
AAAA,
AAAA,
FEAA,
AA96,
A56A,
541A,
AAAA,
AAA5,
6A55,
556A,
AA6A,
AA55,
5555,
555A,
A955,
5555,
AAAA,
556A,
A955,
5A55,
4000,
5015,
5555,
69AA,
5559,
5AAA,
A569,
5540,
0000,
0015,
5556,
A815,
0000,
0000,
0000,
0000,
0000,
0000,
0000,
5500,
0000,
0055,
5555,
5555,
5555,
5555,
5554,
05A5,
5AAA,
AAA5,
456A,
FA95,
5405,
5555,
56A5,
55AA,
AAAA,
FEAA,
AFFF,
FFFF,
FFFF,
FFAA,
BAAA,
A9AA,
56A5,
4555,
56A9,
6AAA,
5555,
556A,
AAAA,
5AAA,
955A,
5556,
A955,
5555,
6A55,
556A,
AAAA,
AAAA,
AAAA,
AAAA,
FFAA,
AA95,
A56A,
511A,
AAAA,
A5A9,
6955,
55AF,
AAAA,
AAAA,
A555,
565A,
A955,
556A,
AAAA,
9A6A,
AA55,
5555,
4001,
5055,
5556,
A5A5,
5555,
AAAA,
95A5,
5500,
0000,
0005,
555A,
A415,
0000,
0000,
0000,
0000,
0000,
0000,
0000,
1540,
0000,
0015,
5555,
5555,
5555,
5555,
5550,
16A5,
5AAA,
AAA5,
456A,
FA55,
5405,
5555,
5AA5,
55AA,
AAAA,
FAAA,
AFFF,
FFFF,
FFFF,
FEAA,
BAAA,
A569,
56A5,
4555,
556A,
5AA5,
5555,
5A9A,
AAA5,
5AAA,
A555,
5555,
A955,
55A9,
6A95,
555A,
AAAA,
AAAA,
AAAA,
AAAA,
ABEA,
AA95,
956A,
555A,
FFAA,
A5AA,
9555,
5AAA,
AA55,
A96A,
AAA9,
555A,
9555,
555A,
AAAA,
6AAA,
95A5,
5555,
0055,
4055,
556A,
9695,
5696,
AAAA,
5A95,
5400,
0000,
0005,
555A,
A415,
0000,
0000,
0000,
0000,
0000,
0000,
0000,
0550,
0000,
0015,
5555,
5555,
5555,
5555,
5540,
5695,
6AAA,
AA95,
05AA,
AA51,
5015,
5555,
5AA5,
55AA,
AAAA,
AAAA,
FFFF,
FFFF,
FFFF,
FAAA,
BE96,
AAAA,
AAA9,
4555,
556A,
AAA9,
5555,
569A,
AA95,
AAAA,
5555,
5555,
A955,
5555,
AAA9,
5696,
AAAA,
AAAA,
AAAA,
AAAA,
AFAA,
56A6,
556A,
595B,
AAEA,
AAAA,
5555,
6AAA,
9555,
55A9,
AAAA,
5555,
5555,
5556,
AAA9,
5AAB,
A956,
A554,
0155,
0015,
55AA,
5655,
595A,
AAA5,
6A55,
5000,
0000,
0005,
555A,
9000,
0000,
0000,
0000,
0000,
0000,
0000,
0000,
0154,
0000,
0000,
5555,
5555,
5555,
5555,
5501,
6A95,
6AAA,
AA95,
056A,
AA41,
5015,
5555,
6A95,
55AA,
AAAA,
AAAF,
FFFF,
FFFF,
FFFF,
FAAA,
BA55,
AAAA,
AA69,
4555,
55AA,
A5AA,
9555,
55AA,
A955,
6AAA,
9555,
5555,
6A55,
5555,
6AA9,
5AA6,
AAAA,
AAAA,
AAAA,
AAAA,
FFAA,
A6A5,
556A,
5A5A,
AAAA,
AAAA,
5555,
5555,
5555,
5555,
5955,
5555,
5555,
5555,
6AA5,
56AA,
AA55,
5550,
0554,
0015,
5AAA,
5555,
556A,
AA95,
A955,
0000,
0000,
0001,
556A,
9000,
0000,
0000,
0000,
0000,
0000,
0000,
0000,
0015,
4000,
0000,
0555,
5555,
5555,
5555,
5505,
5555,
6AAA,
AA95,
0569,
6941,
5415,
5555,
5A55,
55AA,
AAAA,
AABF,
FFFF,
FFFF,
FFFF,
FAAA,
BA5A,
6AA9,
6A69,
4555,
55AA,
A56B,
EA95,
5AAA,
A955,
5A56,
5555,
5555,
5AA5,
5555,
5AAA,
A5A6,
AAAA,
AAAA,
AAAA,
AAAA,
FEAA,
A9A5,
556A,
5AAA,
AAAA,
AAA9,
6955,
5555,
5555,
5555,
5555,
5555,
5555,
5555,
6AA9,
56AA,
AAA5,
5550,
0550,
0005,
AA6A,
9555,
55AA,
AA56,
9554,
0000,
0000,
0001,
556A,
5005,
0050,
0000,
0000,
0000,
0000,
0000,
0000,
0005,
5000,
0000,
0000,
0005,
5541,
0555,
5555,
6555,
6AAA,
AA95,
0555,
6941,
5015,
5555,
5555,
55AA,
AAAA,
AABF,
FFFF,
FFFF,
FFFF,
FAAA,
BA6A,
AAAA,
AAA9,
4555,
55AA,
A95A,
BFAA,
AAA5,
AA55,
5555,
5555,
5A55,
56A9,
5555,
56AA,
A5A6,
AAAA,
AAAA,
AAAA,
AAAA,
AAAA,
AAA5,
556A,
AAAA,
AAAA,
95AA,
AAA9,
555A,
95AA,
5555,
5555,
5555,
5555,
5555,
AAAA,
5555,
5555,
5540,
1550,
0016,
A96A,
5555,
56AA,
A95A,
5550,
0000,
0000,
0001,
556A,
5105,
4050,
0000,
0000,
0000,
0000,
0000,
0000,
0001,
5500,
0000,
0000,
0000,
0005,
5555,
5455,
6555,
AAAA,
AA95,
0555,
6941,
5055,
5555,
5555,
55AA,
AAAA,
AAAF,
FFFF,
FFFF,
FFFF,
FAAA,
AA6A,
AAAA,
AAA9,
4555,
55AA,
A556,
AAFF,
FEAA,
AA95,
5555,
5555,
5555,
56AA,
5555,
56AA,
AAAA,
AAAA,
AAAA,
AAAA,
AAAA,
AAAA,
96A9,
956A,
AA6A,
AAAA,
56AA,
AA59,
555A,
A5AA,
A555,
5555,
5555,
5555,
5555,
AEAA,
A56A,
5555,
5540,
5500,
0016,
AA95,
5555,
6AAA,
A569,
5540,
0000,
0000,
0001,
556A,
4505,
5010,
0000,
0000,
0000,
0000,
0000,
0000,
0000,
1550,
0000,
0000,
0000,
5555,
5555,
4055,
5559,
AAAA,
AA95,
0555,
A900,
5055,
5555,
9555,
55AA,
AAAA,
AAAB,
BFFF,
FFFF,
FFFF,
FEAA,
E95A,
96AA,
AAA9,
0556,
556A,
A555,
6AAA,
BFFA,
AAA9,
5555,
5555,
5555,
55AA,
9555,
56A5,
AAAA,
AAAA,
AAAA,
AAAA,
AAAA,
5AAA,
96AA,
95AA,
AAAA,
AAAA,
5AAA,
9555,
5A96,
9555,
5555,
5555,
5555,
5555,
5555,
6AAA,
A9AA,
A6A9,
5501,
5400,
0055,
5A55,
6955,
AAAA,
56A5,
5500,
0000,
0000,
0001,
55A9,
0505,
5004,
0000,
0000,
0000,
0000,
0000,
0000,
0000,
0155,
4000,
0000,
5555,
5555,
5400,
0055,
5569,
AAAA,
AA95,
0556,
A500,
4055,
555A,
9555,
56AA,
AAAA,
AAAA,
AFFF,
FFFF,
FFEF,
FEAA,
E956,
96AA,
AAA9,
1555,
5556,
6555,
5AAA,
AAFF,
FFFA,
AA95,
5555,
55AA,
556A,
A955,
5AA5,
AAAA,
AAAA,
AAAA,
AAAA,
AAAA,
5AAA,
A5AA,
5AAA,
AAAA,
AAAA,
AAAA,
5555,
5A96,
9555,
5555,
5555,
5555,
5555,
5555,
5AAA,
A95A,
AAA9,
5401,
5000,
0055,
6555,
6A56,
AAA9,
5A95,
5400,
0014,
0000,
0001,
55A9,
1505,
5000,
0000,
0000,
0000,
0000,
0000,
0000,
0000,
0015,
5400,
0015,
5555,
4000,
0000,
0155,
55AA,
AAAA,
AA94,
055A,
A401,
4055,
555A,
5555,
56AA,
AAAA,
AAAA,
ABFF,
FFFF,
FFEF,
FEAB,
A956,
9AA9,
A969,
1555,
5555,
5555,
5555,
6AAA,
FFFF,
FFAA,
AA55,
56AA,
555A,
A955,
5565,
6AAA,
AAAA,
AAAA,
AAAA,
AAAA,
AAAA,
A555,
5AAA,
6AAA,
AAAA,
AAAA,
55AA,
96AA,
5555,
5555,
5555,
9555,
5555,
5555,
5556,
AA95,
5555,
5405,
5400,
0155,
A556,
A95A,
AAA5,
6A55,
5000,
0055,
5400,
0001,
56A5,
1505,
5000,
0000,
0000,
0000,
0000,
0000,
0000,
0000,
0000,
0000,
0000,
0000,
0000,
0000,
0155,
55A6,
AAAA,
AA54,
155A,
9401,
4155,
555A,
9555,
56AA,
AAAA,
AAAA,
ABFA,
FFFF,
FFFA,
FAAA,
A9AA,
AAA9,
5965,
1555,
5555,
5555,
5555,
5555,
BFFF,
FFFF,
FEAA,
96AA,
5556,
A955,
55AA,
5AAA,
AAAA,
AAAA,
AAAA,
AAAA,
AAAA,
9555,
5AA5,
5AAA,
AAAB,
EAAA,
55AA,
95A9,
5555,
5555,
5A9A,
A959,
A555,
5555,
5555,
6AA9,
5655,
5405,
5400,
0156,
955A,
55AA,
AA95,
A955,
0000,
0155,
5400,
0001,
56A4,
1401,
5000,
0000,
0000,
0000,
0000,
0000,
0000,
0000,
0000,
0000,
0000,
0000,
0000,
0000,
0155,
55A6,
AAAA,
AA54,
156A,
9401,
4155,
5559,
9555,
56AA,
AAAA,
AAAA,
AAFA,
ABFF,
FFEA,
FEAA,
A5AA,
A555,
56A5,
1555,
5555,
5559,
5555,
5555,
BFFF,
FEFF,
FFFF,
EAAA,
A595,
AA95,
56AA,
96AA,
AAAA,
AAAA,
AAAA,
AAAA,
AAAA,
9A55,
AAA6,
5ABA,
AAAF,
EAAA,
55AA,
A5A9,
5555,
5555,
5AAA,
AA6A,
A955,
5555,
5555,
55A9,
AAA5,
5405,
5410,
0556,
5569,
56AA,
AA5A,
E954,
0001,
4505,
5500,
0000,
56A4,
1405,
5001,
0000,
0000,
0000,
0000,
0000,
0000,
0000,
0000,
0000,
0000,
0000,
0000,
0000,
0555,
55AA,
AAAA,
A954,
156A,
9400,
0155,
5555,
6555,
56AA,
AAAA,
AAAA,
AAAA,
BFFF,
FFEA,
BAAA,
A5AA,
9555,
55A5,
1555,
5555,
6AAA,
A555,
5555,
AFFF,
FAAA,
FFFF,
FFFF,
AAAA,
AAA5,
56AA,
A5AA,
A6AA,
AAAA,
AAAA,
AAAA,
AAAA,
9A55,
6A9A,
AAAA,
AAAA,
AAA9,
5555,
A5A9,
5555,
5555,
6AAA,
AAAA,
AAAA,
AA56,
5555,
5555,
AAA5,
5415,
5450,
0555,
5555,
5AAA,
A96B,
A550,
0005,
0545,
5400,
0001,
5690,
5015,
5001,
4000,
0000,
0000,
0000,
0000,
0000,
0000,
0000,
0000,
0000,
0000,
0000,
0000,
0555,
55AA,
AAAA,
A954,
156A,
5005,
0155,
5555,
5555,
5AAA,
AAAA,
AAAA,
AAAB,
BFFF,
FFEA,
FAAA,
556A,
9555,
5565,
1555,
5555,
6AAA,
A955,
55A9,
AFFF,
FAAA,
AABF,
FFFF,
FFFA,
AAA5,
56AA,
A96A,
A5AA,
AAAA,
AAAA,
AAAA,
AAAA,
A955,
56AA,
AAAA,
AAAA,
AAA9,
5555,
6AA5,
5555,
5555,
6AAA,
AAAA,
AAAA,
AAAA,
555A,
A5A5,
56A5,
5415,
5050,
1555,
5555,
6AAA,
A5BF,
9540,
0055,
0555,
5400,
0000,
5A90,
0015,
5005,
4000,
0000,
0000,
0000,
0000,
0000,
0000,
0000,
0000,
0000,
0000,
0000,
0000,
0555,
55AA,
AAAA,
A954,
156A,
5405,
0155,
5555,
5955,
5AAA,
AAAA,
AAAA,
AAAB,
FFFF,
FFFA,
FAAA,
5569,
55AA,
5565,
5995,
5555,
AA6A,
AAAA,
55A9,
6FFF,
FE56,
AAAA,
ABFF,
FFFF,
FFFA,
9AAA,
AA56,
A96A,
AAAA,
AAAA,
AAAA,
AAAA,
9555,
55AA,
AAFA,
A955,
5AA9,
5AAA,
AA95,
5555,
5555,
6AAA,
AAAA,
AAAA,
956A,
A95A,
AAA5,
55A5,
5415,
4154,
1656,
6A55,
AAAA,
96FE,
5500,
0154,
0555,
5500,
0000,
5A90,
0015,
0001,
0000,
0000,
0000,
0000,
0000,
0000,
0000,
0000,
0000,
0000,
0000,
0000,
0000,
0555,
55AA,
AAAA,
A550,
1559,
5405,
4155,
5555,
5555,
5AAA,
AAAA,
AAAA,
AAAA,
FBFF,
BFFE,
FEA9,
55A5,
5AAA,
A954,
6AA5,
5555,
695A,
AAA9,
5555,
AFFF,
FE9A,
A56A,
AAAA,
AAAB,
FFFF,
EAAA,
AAAA,
A96A,
AAAA,
AAAA,
AAAA,
AA56,
9555,
55AA,
AAFA,
9555,
5595,
6AAA,
AA95,
555A,
5555,
5569,
5AAA,
AAA9,
5555,
A95A,
A555,
5555,
5415,
0555,
5AAA,
AA56,
AAA9,
5BFA,
5000,
0554,
0555,
5500,
0000,
5A40,
0055,
4000,
0001,
4000,
0000,
0000,
0000,
0000,
0000,
0000,
0000,
0000,
0000,
0000,
0000,
1555,
56AA,
AAAA,
A550,
1555,
5145,
4555,
5555,
5555,
6AAA,
AAAA,
AAAA,
AAAB,
FAFF,
BFAB,
EFA9,
5A55,
5A5A,
A994,
6AA5,
5555,
565A,
AA95,
5555,
6FFF,
FEAA,
A56A,
A956,
AAAA,
AFFF,
FFFE,
AAAA,
A96A,
AAAA,
AAAA,
AAAA,
5555,
9555,
6AAA,
AABA,
5555,
5555,
AAAA,
5A95,
956A,
5A95,
5555,
56AA,
AAA9,
5556,
A955,
5555,
5569,
5454,
1555,
56AA,
A96A,
AAA5,
6FE9,
4000,
5555,
0155,
5500,
0041,
6A40,
0055,
4550,
0001,
4000,
0000,
0000,
0000,
0000,
0000,
0000,
0000,
0000,
0000,
0000,
0000,
1555,
56AA,
AAAA,
A550,
1415,
5000,
0555,
5555,
5555,
6AAA,
AAAA,
AAAA,
AAAA,
EABF,
FFAF,
EAA5,
5955,
5555,
6994,
6A59,
5555,
56AA,
A955,
5555,
6FFF,
FFAA,
5A6A,
AA55,
AAA5,
6BFF,
FFFF,
BEAA,
A96A,
AAAA,
AAAA,
AAAA,
5555,
5555,
AAAA,
AAA9,
5555,
5A56,
AAAA,
5555,
556A,
AA55,
5555,
56A6,
AA95,
5556,
AAA5,
55AA,
AAAA,
5540,
1555,
56A9,
55AA,
AA95,
BFA5,
0001,
5551,
4155,
5400,
0041,
6944,
0000,
0550,
0001,
5000,
0000,
0000,
0014,
0000,
0000,
0000,
0000,
0000,
0000,
0000,
0000,
1555,
56AA,
AAAA,
A550,
1405,
4000,
0555,
55A6,
5555,
6AAA,
AAAA,
AAAA,
AAAA,
EABE,
FFEF,
EA95,
6955,
5555,
5551,
5659,
5555,
555A,
A555,
5555,
6FFF,
FFA9,
5AAA,
AA95,
AAAA,
ABFF,
FEAA,
AAAA,
A96A,
AAAA,
AAAA,
AAAA,
5545,
555A,
AAAA,
AAA9,
6AAA,
9555,
55A5,
5555,
5555,
5555,
5555,
5555,
AA95,
5556,
AAAA,
AAAA,
AAA5,
5540,
5559,
56A5,
56AA,
AA56,
FE94,
0015,
5551,
5055,
5400,
0045,
6904,
0000,
0550,
0000,
5000,
0000,
0000,
0000,
0000,
0000,
0000,
0000,
0000,
0000,
0000,
0000,
1555,
56AA,
AAAA,
A550,
1405,
5000,
0555,
5555,
5555,
AAAA,
AAAA,
AAAA,
AAAA,
EABF,
EABA,
AA55,
656A,
5555,
5551,
5699,
5555,
5955,
5555,
5556,
AFFF,
FFAA,
AAAA,
AA95,
6AAA,
ABFF,
FE95,
56AA,
A96A,
AAAA,
AAAA,
AAAA,
5505,
556A,
AAAA,
AAAA,
AAAA,
AA95,
56A5,
5555,
5555,
5555,
5555,
5555,
AA95,
6AAA,
AAAA,
AAAA,
AA96,
A540,
5555,
5AA5,
5AAA,
A95B,
FA50,
0015,
5555,
5015,
5540,
0145,
A505,
0000,
0144,
0000,
5400,
0000,
0000,
0000,
0000,
0000,
0000,
0000,
0000,
0000,
0000,
0000,
5555,
59AA,
AAAA,
9540,
1005,
5000,
0555,
56AA,
AAAA,
AAAA,
AABF,
FFFF,
FFFA,
AAAF,
EBFA,
A955,
5569,
555A,
5545,
55A5,
5555,
5A55,
555A,
9556,
6FFF,
FFAA,
AAAA,
AA95,
55AA,
ABFF,
FF95,
6AAA,
A56A,
AAAA,
AAAA,
AAAA,
5055,
56AA,
AAAA,
AAAA,
AAA6,
AAA6,
9695,
5555,
5555,
5555,
5555,
5556,
AAA5,
AAAA,
AAAA,
AAAA,
A956,
A540,
5555,
5A95,
6AAA,
95AF,
E940,
0055,
5555,
5155,
5950,
0545,
A415,
0000,
0140,
0000,
5400,
0000,
0000,
0000,
0000,
0000,
5555,
5540,
0000,
0000,
0000,
0001,
5555,
5AAA,
A955,
5540,
1005,
5555,
555A,
AAAA,
AAAA,
AAAA,
FBFF,
FFFF,
FFFE,
EABF,
FFEB,
A55A,
AAA9,
5559,
5545,
5555,
5595,
5A55,
6AAA,
9556,
6FFF,
FFEA,
AAAA,
AA95,
55AA,
ABFF,
FF96,
AAAA,
55AA,
AAAA,
AAAA,
AAAA,
5555,
5AAA,
AAAA,
AAAA,
AAA6,
AAAA,
A555,
5569,
5556,
AAA9,
556A,
5595,
AAAA,
AA9A,
AAAA,
AAA5,
5556,
A554,
5555,
5695,
AAAA,
56BF,
A500,
0555,
5555,
555A,
AA50,
0515,
9415,
0000,
0140,
0000,
1400,
0000,
0000,
0000,
0000,
0055,
5555,
5555,
4000,
0000,
0000,
0005,
5555,
6AAA,
9555,
5540,
0005,
5AAA,
AAAA,
AAAA,
EFFF,
FAAF,
FFFF,
FFFF,
FFFF,
EABE,
BEBA,
956A,
AAAA,
AAAA,
A915,
5555,
55A5,
5555,
56AA,
5555,
6FFF,
FFEA,
AAAA,
AAA5,
555A,
ABFF,
FFA5,
96AA,
56AA,
AAAA,
AAAA,
AAAA,
5556,
AAAA,
AAAA,
AAAA,
AAA9,
6AAA,
AA9A,
A565,
5555,
5AA5,
5565,
6555,
AAA9,
55AA,
AAAA,
A955,
5556,
9555,
5555,
5556,
AAA9,
5BFE,
9400,
0555,
5555,
56AA,
AA51,
5515,
5415,
0000,
0040,
0000,
1400,
0000,
0000,
0000,
0000,
0555,
6AAA,
AAA5,
5500,
0000,
0000,
0015,
5555,
66AA,
5555,
5554,
0006,
AAAA,
AFEF,
FFFE,
FFEB,
BFFF,
FFFF,
FFFF,
FFFF,
EAAB,
BAE9,
55AA,
AFAA,
AAAE,
A915,
5555,
56A5,
5555,
56AA,
5555,
6FFF,
FFEA,
AAAA,
AAA5,
55AA,
AAFF,
FFA5,
55AA,
5AAA,
A6AA,
AAAA,
AAAA,
55AA,
AAAA,
AAAA,
AAAA,
AAA5,
AAAA,
AA56,
A555,
556A,
A955,
5555,
6555,
6AAA,
AAAA,
AAAA,
5555,
55AA,
A955,
5555,
455A,
AAA5,
6FF9,
4000,
1555,
5555,
6AAA,
6655,
5555,
5015,
0000,
0051,
0000,
1500,
0000,
0000,
0000,
0000,
555A,
AAAA,
AAAA,
9550,
0000,
0000,
0055,
5555,
6AA9,
5555,
5555,
501A,
AEAA,
ABBF,
FFFE,
FFFF,
FFFE,
EFFF,
FFFF,
FFFE,
FAAB,
ABA5,
56AA,
AAAA,
AABF,
A555,
5555,
56A5,
5555,
55AA,
A555,
6FFF,
FFEA,
AAAA,
AAA9,
56AA,
9AFF,
FFE5,
5695,
5AAA,
A5AA,
AAAA,
AAAA,
5AAA,
AA5A,
AA55,
5555,
5955,
6A55,
A955,
9555,
A9AA,
A955,
5555,
69AA,
AAAA,
AAAA,
AAAA,
56AA,
56AA,
AAA5,
5555,
456A,
AA95,
BFE5,
0000,
1555,
5555,
AAAA,
AA55,
5555,
5015,
4000,
0015,
0000,
0500,
0000,
0000,
0000,
0001,
56AA,
AAAA,
AAAA,
AA55,
0000,
0000,
0155,
5555,
5AA5,
5555,
5555,
556A,
BFEA,
EAFF,
FFFE,
FFFF,
FFFF,
FFFF,
FFFF,
FFFE,
BEAA,
AA95,
56AA,
AAAA,
AAAA,
A555,
556A,
5AA5,
5556,
A5AA,
A555,
6FFF,
FFEA,
AAA9,
69A9,
55AA,
56FF,
FFE5,
5A55,
5AAA,
A5AA,
AAAA,
AAAA,
AAAA,
A95A,
AA55,
5556,
AA55,
9A5A,
AA55,
9655,
5565,
5555,
5555,
55AA,
A555,
56AA,
AAA9,
5AA5,
AAAA,
AAA9,
5555,
56AA,
AA56,
FF95,
0000,
1555,
0556,
AAAA,
AA95,
5455,
4005,
4000,
0005,
0100,
0555,
0000,
0000,
0000,
0005,
56AA,
AAAA,
AAAA,
AAA5,
5000,
0000,
0155,
5555,
5AA5,
5555,
5555,
5AAB,
EBEA,
EAAA,
FFFF,
FFFF,
FFFF,
FFFF,
FFFF,
FFFE,
BEAA,
AA55,
56AA,
A956,
6AAA,
A555,
5555,
5695,
5556,
AAAA,
9555,
6FFF,
FFEA,
AAA5,
5565,
5555,
56FF,
FFE9,
5555,
56AA,
A5AA,
AAAA,
AAAA,
AAA9,
556A,
AAA5,
56AA,
A95A,
96A9,
AA55,
5555,
5555,
5555,
5555,
5555,
5555,
555A,
96AA,
AA5A,
6AAA,
AAAA,
5555,
5AAA,
A95B,
FE50,
0051,
5554,
0156,
6AAA,
AA94,
0055,
4005,
4000,
0000,
0500,
0555,
0000,
0000,
0000,
0015,
556A,
AAAA,
AAAA,
AAAA,
9500,
0000,
0555,
5555,
5A55,
4155,
5556,
AAAF,
EAFF,
FAAB,
FFFF,
FEFF,
FFFF,
FFFF,
FFFF,
FFFA,
AAAA,
A555,
55AA,
A955,
5AAA,
AA55,
5555,
5555,
5556,
AAAA,
9555,
6AFF,
FFEA,
AAA9,
5555,
5555,
5AFF,
FFE9,
5555,
555A,
A9AA,
AAAA,
AAAA,
A555,
5AAA,
AAAA,
AAAA,
5555,
5AA5,
5655,
5955,
5555,
5655,
5555,
5555,
5555,
5555,
AA6A,
AA55,
AAAA,
AAAA,
AA55,
5AAA,
956F,
F940,
0045,
5550,
0055,
6AAA,
AA94,
0055,
4005,
4000,
0000,
0540,
0554,
1000,
0000,
0000,
0055,
555A,
AAAA,
AAAA,
AAAA,
A540,
0000,
1555,
5555,
5A55,
0015,
55AA,
AAAA,
AAFF,
FFAB,
FABF,
FFFF,
FFFF,
FFFF,
FFFF,
FBEF,
AEAA,
5555,
A5AA,
A5AA,
5AAA,
AAA5,
5555,
5555,
5555,
5AAA,
A555,
6AAA,
FFEA,
AAAA,
5555,
5555,
5BFF,
FFF9,
5555,
555A,
A9AA,
AAAA,
AAAA,
555A,
AAAA,
AAAA,
AAAA,
5555,
56A5,
5555,
5A9A,
9555,
5A95,
5555,
5569,
5555,
5555,
A95A,
AA9A,
AAAA,
AAAA,
AA95,
55AA,
55BF,
E500,
0005,
5550,
0055,
6AAA,
AAA4,
0155,
0001,
5000,
0000,
0550,
0540,
5500,
0000,
0155,
4155,
5555,
AAAA,
AAAA,
AAAA,
AA54,
0000,
1555,
5555,
5554,
0001,
5AAA,
AAAA,
BBFF,
BFEA,
ABFF,
FFFF,
BFFF,
FFFF,
FFFF,
ABAA,
AAA5,
4556,
AA9A,
56AA,
96AA,
AAA9,
5555,
5555,
555A,
A955,
5555,
6AAA,
AAAA,
AAAA,
9555,
5555,
5BFF,
FFF9,
5555,
5AAA,
A9AA,
AAAA,
AAAA,
556A,
AAAA,
AAAA,
AAAA,
A95A,
AAAA,
AAAA,
AAAA,
AAAA,
AAAA,
AAAA,
AAAA,
AAAA,
AAAA,
AAAA,
AAAA,
AAAA,
AAAA,
AAA9,
5555,
46FF,
9400,
0055,
5555,
4055,
AAAA,
AAA4,
0155,
0000,
5000,
0000,
0550,
0540,
5554,
0000,
556A,
9555,
5555,
56AA,
AAAA,
AAAA,
AA95,
0000,
5555,
5555,
5550,
0015,
AAAA,
AAAB,
FFFF,
ABEA,
AFFF,
FAFE,
AFFE,
FFFF,
FFFA,
AAAA,
A954,
1556,
AA55,
56A5,
9556,
AAA9,
5555,
6AAA,
5AAA,
A956,
A555,
6AAA,
AAAA,
AAAA,
9556,
5555,
5BFF,
FFF9,
5555,
AAAA,
A96A,
AAAA,
AAAA,
5A5A,
AA95,
5A5A,
AAAA,
AAAA,
AAAA,
AAAA,
AAAA,
AAAA,
AAAA,
AAAA,
AAAA,
AAAA,
AAAA,
AAAA,
AAAA,
AAAA,
AAAA,
AAAA,
5555,
56AA,
5555,
5555,
5555,
545A,
AAAA,
AAA4,
0155,
0000,
1000,
0000,
0550,
0540,
1555,
5000,
156A,
A555,
5555,
556A,
AAAA,
AAAA,
AAA9,
5000,
5555,
5555,
5550,
55AA,
AAAA,
AAAB,
FFFF,
EAFA,
FFFF,
FFFF,
EFFE,
BFEB,
FFFA,
AFAA,
9501,
5569,
AAA5,
5555,
5555,
AA95,
5555,
55AA,
AAAA,
AAAA,
A555,
AAAE,
AAAA,
AAAA,
AAAA,
9555,
5BFF,
FFF9,
5556,
AAAA,
A56A,
AAAA,
AAAA,
5956,
AA55,
5556,
AAAA,
AAAA,
AAAA,
AAAA,
AAAA,
AAAA,
AAAA,
AAAA,
AAAA,
AAAA,
AAAA,
AAAA,
AAAA,
AAAA,
AAAA,
AAAA,
AA95,
5559,
5555,
5555,
5555,
5555,
AAAA,
AAA4,
0154,
0000,
0400,
0000,
0550,
0540,
0015,
5400,
0015,
5555,
5555,
5555,
AAAA,
AAAA,
AAAA,
5401,
5555,
5555,
5555,
AAAA,
AAAA,
FABA,
FFAA,
FAFF,
EBEB,
FFFE,
AAAA,
FEAF,
EAEF,
AAA5,
4005,
55AA,
6AA9,
5555,
5555,
AA55,
5555,
5555,
555A,
AAAA,
A555,
AEAA,
AAAA,
95AA,
AAAA,
A555,
5BFF,
FFF9,
556A,
AAAA,
A56A,
AAAA,
AAAA,
5555,
5556,
6AAA,
AAAA,
AAAA,
AAAA,
AAAA,
AAAA,
AAAA,
AAAA,
AAAA,
AAAA,
AAAA,
AAAA,
AAAA,
AAAA,
AAAA,
AAAA,
AAAA,
AAAA,
A555,
5555,
5555,
5555,
5555,
ABEA,
AAA4,
0554,
0000,
0000,
0000,
0150,
0140,
0001,
5500,
0001,
5555,
5555,
5555,
5AAA,
AAAA,
AAAA,
9555,
5555,
5555,
6AAA,
AFEA,
AAAA,
AAAA,
AFFF,
AAEB,
ABFA,
EAFA,
AABF,
AAAF,
EAAA,
A550,
0155,
5555,
AAAA,
5555,
5555,
AA95,
5555,
5595,
555A,
AAAA,
A556,
BFEA,
AAA5,
56A5,
5AAA,
A555,
5AFF,
FFF9,
556A,
AAAA,
A56A,
AAAA,
AAAA,
5556,
555A,
AAAA,
AAAA,
AAAA,
AAAA,
AAAA,
AAAA,
AAAA,
AAAA,
AAAA,
AAAA,
AAAA,
AAAA,
AAAA,
AAAA,
AAAA,
AAAA,
AAAA,
AAAA,
AAA5,
5555,
5555,
5555,
5555,
6BFF,
FFE9,
5554,
0000,
0000,
0000,
0154,
0140,
0000,
1550,
0001,
5555,
5555,
5555,
556A,
AAAA,
AAAA,
9555,
555A,
AAAA,
AAAB,
FAAA,
AAAA,
AAAA,
AABB,
AAAA,
AAEA,
AAEA,
AAAA,
EAAA,
AA95,
5000,
1555,
5595,
A565,
5555,
5555,
6555,
5555,
5595,
A96A,
AAAA,
A556,
BFFF,
FAAA,
AA95,
5AA5,
A555,
55AB,
FFF9,
556A,
AAAA,
A56A,
AAAA,
AAAA,
5555,
956A,
AAAA,
AABF,
AEAA,
AAAA,
AAAA,
AAAA,
AAAA,
AAAA,
AAAA,
AAAA,
AAAA,
AAAA,
AAAA,
AAAA,
AAAA,
AAAA,
AAAA,
AAAA,
AAAA,
A955,
5555,
5555,
5555,
6AFF,
FFF9,
5554,
0000,
4140,
0000,
0054,
0140,
0000,
0154,
0005,
5555,
5555,
5555,
5555,
6AAA,
A555,
5555,
5416,
AAAA,
AEAB,
ABAA,
AEBA,
AAAB,
AABF,
EBEA,
AAAA,
AAAA,
AAAA,
AAA5,
5540,
0005,
5555,
9655,
55A5,
5555,
5555,
5555,
5555,
5555,
6AAA,
A955,
A956,
BAFE,
EAAA,
AAAA,
AA55,
5555,
55AA,
AAA5,
556A,
AAAA,
A56A,
AAAA,
AAAA,
5555,
AAAA,
AABF,
AAAB,
ABAA,
AAAA,
AAAA,
AAAA,
AAAA,
AAAA,
AAAA,
AAAA,
AAAA,
AAAA,
AAAA,
AAAA,
AAAA,
AAAA,
AAAA,
AAAA,
AAAA,
AAAA,
A555,
5555,
5555,
6ABF,
FFF9,
5555,
5555,
5555,
5000,
0055,
0550,
5540,
0155,
0015,
5555,
5555,
5555,
5555,
5555,
5555,
5555,
5501,
BAEA,
AABA,
AABF,
AABA,
FAAA,
AAAA,
AAAA,
5555,
56AA,
9555,
5555,
0000,
0555,
5555,
5555,
6555,
5555,
5555,
5555,
555A,
5555,
5AAA,
AA55,
555A,
AAAA,
AAAA,
AAAA,
AAAA,
9555,
6AAA,
A555,
55AA,
AAAA,
A56A,
AAAA,
AAAA,
555A,
AAAA,
AAAA,
AAAA,
AAAA,
BFBE,
AAAA,
AAAA,
AAAA,
AAAA,
AAAA,
AAAA,
AAAA,
AAAA,
AAAA,
AAAA,
AAAA,
AAAA,
AAAA,
AAAA,
AAAA,
AAAA,
AAAA,
A555,
5555,
6AAF,
FFF9,
5555,
5555,
5555,
5555,
5555,
5555,
5555,
5555,
5555,
5555,
5555,
5555,
5555,
5555,
5555,
5555,
5541,
AAAA,
AAAA,
AAAA,
AAAA,
AAAA,
AAAA,
5555,
0155,
5555,
5000,
0500,
0155,
5555,
5555,
5555,
5555,
5555,
AA95,
5555,
555A,
55AA,
56AA,
AAA5,
555A,
AAAA,
AAAA,
AAAA,
AAAA,
A555,
5AFF,
EA95,
55AA,
AAAA,
A56A,
AAAA,
AAAA,
55AA,
AAAA,
AAAA,
AAAA,
AAAA,
AAAA,
AAAA,
AAAF,
AAAA,
AAAA,
AAAA,
AAAA,
AAAA,
AAAA,
AAAA,
AAAA,
AAAA,
AAAA,
AAAA,
AAAA,
AAAA,
AAAA,
AAAA,
AAAA,
A955,
5AAB,
EAA9,
5555,
5555,
5555,
5555,
5555,
5555,
5555,
5555,
5555,
5555,
5555,
5555,
5555,
5555,
5555,
5555,
5555,
56AA,
AAAA,
AAA9,
5555,
5555,
5555,
0000,
0000,
0000,
0000,
1555,
5555,
5555,
5555,
5555,
5555,
5555,
AA55,
5555,
5555,
55AA,
56AA,
AAAA,
955A,
AAAA,
AFFF,
AAAA,
AAAA,
A555,
AAAA,
AAA5,
6AAA,
AAAA,
A55A,
AAAA,
AAAA,
5AAA,
AAAA,
AAAA,
AAAA,
AAAA,
AAAA,
AAAA,
AFFF,
FFFF,
FEAA,
AAAA,
AAAA,
AAAA,
AAAA,
AAAA,
AAAA,
AAAA,
AAAA,
AAAA,
AAAA,
AAAA,
AAAA,
AAAA,
AAAA,
A955,
556A,
AAA9,
5555,
5555,
5555,
5555,
5555,
5555,
5555,
5555,
5555,
5555,
5555,
5555,
5555,
5555,
5555,
5555,
0555,
0555,
5555,
5554,
0000,
0000,
0000,
0000,
0000,
0000,
5555,
5555,
5555,
5555,
5555,
5555,
5555,
5555,
5555,
5555,
5555,
55AA,
5AAA,
AAAA,
A55A,
AAAA,
AAAA,
AAAA,
AAAA,
A556,
BFEA,
AA95,
556A,
AAAA,
A55A,
AAAA,
AAAA,
5AAA,
AA9A,
AAAA,
AAAA,
AAAA,
AAAA,
AAAA,
AFFF,
FFFF,
FFFF,
FFFF,
EAAA,
AAAA,
AAAA,
AAAA,
AAAA,
AAAA,
AAAA,
AAAA,
AAAA,
AAAA,
AAAA,
AAAA,
AAAA,
A955,
556A,
AAAA,
55A5,
5555,
5555,
5555,
5555,
5555,
5555,
5555,
5555,
5555,
5555,
5555,
5555,
5555,
5555,
5555,
5555,
0000,
0000,
0000,
0000,
0000,
0000,
0000,
0055,
5555,
5555,
5555,
5555,
5555,
5555,
5555,
5555,
5555,
5555,
5555,
5555,
5555,
56AA,
AAAA,
A95A,
AAAA,
AAAA,
AAAA,
AAAA,
A556,
BFFE,
EA55,
5556,
AAAA,
A55A,
AAAA,
AAAA,
6AAA,
A555,
6AAA,
AAAA,
AAAA,
AAAA,
AAAA,
FFFF,
FFFF,
FFFF,
FFFF,
FFFE,
FFFA,
AAAA,
AAAA,
AAAA,
AAAA,
AAAA,
AAAA,
AAAA,
AAAA,
AAAA,
AAAA,
AAAA,
AA55,
5555,
555A,
55A9,
5555,
5555,
5555,
5555,
5555,
5555,
5555,
5555,
5555,
5555,
5555,
5555,
5555,
5555,
5555,
5555,
0000,
0000,
0000,
0055,
5555,
5555,
5555,
5555,
5555,
5555,
5555,
5555,
5555,
5555,
5555,
5555,
5555,
5555,
56A5,
5555,
5555,
5569,
9AAA,
A55A,
AAAA,
AAAA,
AAAA,
AAAA,
955A,
AAFF,
EAAA,
9555,
5AAA,
955A,
6AAA,
AAAA,
AA55,
5556,
AAAA,
AAAA,
AAAA,
AAAA,
AABF,
FFFF,
FFFF,
FFFF,
FFFF,
FFFF,
FFFF,
FFFF,
FFFF,
BAAA,
AAAA,
AAAA,
AAAA,
AAAA,
AAAA,
AAAA,
AAAA,
AAAA,
AA55,
5555,
5556,
5AAA,
AAAA,
5555,
5555,
5555,
5555,
5555,
56AA,
AAAA,
AAAA,
AAAA,
AAAA,
AAAA,
AAAA,
AAAA,
AA55,
5555,
5555,
5555,
5555,
5555,
5555,
5555,
5555,
5555,
5555,
5555,
5555,
5555,
5555,
5555,
5555,
5555,
5555,
5555,
55A5,
5555,
5555,
555A,
AAAA,
556A,
AAAA,
AAAA,
AAAA,
AA95,
556A,
AAAA,
AAAA,
AAA5,
56AA,
956A,
5AAA,
AAAA,
6955,
5555,
AAAA,
AAAA,
AAAA,
AAAA,
AFFF,
FFFF,
FFFF,
FFFF,
FFFF,
FFFF,
FFFF,
FFFF,
FFFF,
FFBF,
AAAB,
AAAA,
AAAA,
AAAA,
AAAA,
AAAA,
AAAA,
AAAA,
AA54,
1555,
5555,
6AAA,
AAAA,
AAA9,
9555,
5555,
5555,
556A,
AAAA,
AAAA,
AAAA,
AAAA,
AAAA,
AAAA,
AAAA,
AAAA,
AAAA,
56AA,
5555,
5555,
5A5A,
6AAA,
AAAA,
AAAA,
AAAA,
AAAA,
AAAA,
AAAA,
AAAA,
AA96,
A6A6,
AAAA,
AA6A,
A9AA,
AAA5,
5555,
56A5,
5555,
5555,
55AA,
AAA5,
556A,
AAAA,
AAAA,
AAAA,
AAAA,
556A,
AAAA,
A55A,
AAAA,
AA55,
555A,
5AAA,
AAAA,
A555,
5555,
AAAA,
AAAA,
AAAA,
AAAA,
FFFF,
FFFF,
FFFF,
FFFF,
FFFF,
FFFF,
FFFF,
FFFF,
FFFF,
FFFF,
AABF,
FFFE,
EAAA,
AAAA,
AAAA,
AAAA,
AAAA,
AAAA,
AA54,
0005,
5555,
5AAA,
AAAA,
AAAA,
AAAA,
AAAA,
AAAA,
AAAA,
AAAA,
AAAA,
AAAA,
AAAA,
AAAA,
AAAA,
AAAA,
AAAA,
AAAA,
56AA,
AAAA,
AAAA,
AAAA,
AAAA,
AAAA,
AAAA,
AAAA,
AAAA,
AAAA,
AAAA,
AAAA,
AAAA,
AAAA,
AAAA,
AAAA,
AAAA,
AAAA,
AAAA,
AAA9,
5555,
5555,
55AA,
A955,
55AA,
AAAA,
AAAA,
AAAA,
AAAA,
956A,
AAAA,
9556,
A5AA,
AA95,
555A,
5AAA,
AAAA,
A565,
5555,
55AA,
AAAA,
AAAA,
AAAF,
FFFF,
FFFF,
FFFF,
FFFF,
FFFF,
FFFF,
FFFF,
FFFF,
FFFF,
FFFE,
AAFF,
FFFF,
FFFF,
FFAA,
AAAA,
AAAA,
AAAA,
AAAA,
AAA5,
0000,
0041,
5AAA,
AAAA,
AAAA,
AAAA,
AAAA,
AAAA,
AAAA,
AAAA,
AAAA,
AAAA,
AAAA,
AAAA,
AAAA,
AAAA,
AAAA,
AAAA,
95AA,
AAAA,
AAAA,
AAAA,
AAAA,
AAAA,
AAAA,
AAAA,
AAAA,
AAAA,
AAAA,
AAAA,
AAAA,
AAAA,
AAAA,
AAAA,
AAAA,
AAAA,
AAAA,
AAAA,
AAAA,
AA5A,
96AA,
AA95,
A5AA,
AAAA,
AAAA,
AAAA,
AAAA,
A56A,
AAAA,
5555,
A95A,
AA95,
555A,
56AA,
AAAA,
A5A9,
5555,
55AA,
AAAA,
AAAA,
AAAA,
AAAA,
AFFF,
FFFF,
FFFF,
FFFF,
FFFF,
FFFF,
FFFF,
FFFF,
FFFA,
AFFF,
FFFF,
FFFF,
FFFF,
FFFF,
FFAA,
AAAA,
AAAA,
AAA9,
5000,
0000,
155A,
AAAA,
AAAA,
AAAA,
AAAA,
AAAA,
AAAA,
AAAA,
AAAA,
AAAA,
AAAA,
AAAA,
AAAA,
AAAA,
AAAA,
AAAA,
95AA,
AAAA,
AAAA,
AAAA,
AAAA,
AAAA,
AAAA,
AAAA,
AAAA,
AAAA,
AAAA,
AAAA,
AAAA,
AAAA,
AAAA,
AAAA,
AAAA,
AAAA,
AAAA,
AAAA,
AAAA,
AAAA,
AAAA,
AAAA,
AAAA,
AAAA,
AAAA,
AAAA,
AAAA,
A56A,
AAA9,
5556,
AA6A,
AA5A,
A95A,
56AA,
AAAA,
96A5,
5555,
55AA,
AAAA,
AAAA,
AAAA,
AAAA,
AAAA,
AAAA,
AAAA,
AAAA,
AAAA,
AAAA,
AAAA,
AAAA,
AAA9,
6FEE,
FFFF,
FFFF,
FFFF,
FFFF,
FFFF,
FFAA,
AAAA,
AAAA,
9500,
0000,
1555,
6AAA,
AAAA,
AAAA,
AAAA,
AAAA,
AAAA,
AAAA,
AAAA,
AAAA,
AAAA,
AAAA,
AAAA,
AAAA,
AAAA,
AAAA,
A5AA,
AAAA,
AAAA,
AAAA,
AAAA,
AAAA,
AAAA,
AAAA,
AAAA,
AAAA,
AAAA,
AAAA,
AAAA,
AAAA,
AAAA,
AAAA,
AAAA,
AAAA,
AAAA,
AAAA,
AAAA,
AAAA,
AAAA,
AAAA,
AAAA,
AAAA,
AAAA,
AAAA,
AAAA,
A56A,
AA55,
5556,
AAAA,
A96A,
A95A,
56AA,
AAAA,
AAA5,
5555,
56AA,
AAAA,
AA55,
5555,
5555,
5555,
AAAA,
AAAA,
AAAA,
AAAA,
AAAA,
AAAA,
AAAA,
AA95,
AAAA,
AAAA,
AAAA,
AAAA,
AAAA,
AAAB,
FFFF,
FFFF,
BAAA,
A940,
0000,
0555,
56AA,
AAAA,
AAAA,
AAAA,
AAAA,
AAAA,
AAAA,
AAAA,
AAAA,
AAAA,
AAAA,
AAAA,
AAAA,
AAAA,
AAAA,
A5AA,
AAAA,
AAAA,
AAAA,
AAAA,
AAAA,
AAAA,
AAAA,
AAAA,
AAAA,
AAAA,
AAAA,
AAAA,
AAAA,
AAAA,
AAAA,
AAAA,
AAAA,
AAAA,
AAAA,
AAAA,
AAAA,
AAAA,
AAAA,
AAAA,
AAAA,
AAAA,
AAAA,
AAAA,
A55A,
BA55,
555A,
AAAA,
A6AA,
AA56,
56AA,
AAAA,
AAA9,
5555,
5AAA,
AAAA,
A955,
5555,
5555,
5555,
5555,
5555,
5555,
5555,
5555,
5555,
5555,
5555,
AAAA,
AAAA,
AAAA,
AAAA,
AAAA,
AAAA,
AAAA,
AAAA,
AAAA,
AA94,
0000,
0155,
555A,
AAAA,
AAAA,
AAAA,
AAAA,
AAAA,
AAAA,
AAAA,
AAAA,
AAAA,
AAAA,
AAAA,
AAAA,
AAAA,
AAAA,
A5AA,
AAAA,
AAAA,
AAAA,
AAAA,
AAAA,
AAAA,
AAAA,
AAAA,
AAAA,
AAAA,
AAAA,
AAAA,
AAAA,
AAAA,
AAAA,
AAAA,
AAAA,
AAAA,
AAAA,
AAAA,
AAAA,
AAAA,
AAAA,
AAAA,
AAAA,
AAAA,
AAAA,
AAAA,
A556,
AAAA,
AAAA,
AAAA,
AAAA,
AA55,
55AA,
AAAA,
A5AA,
5555,
5AAA,
AAAA,
A955,
5555,
5555,
5555,
5555,
5555,
5555,
5555,
5555,
5555,
5555,
5555,
5955,
5555,
5555,
AAAA,
AAAA,
AAAA,
AAAA,
AAAA,
AAAA,
AAA5,
4000,
0555,
555A,
AAAA,
AAAA,
AAAA,
AAAA,
AAAA,
AAAA,
AAAA,
AAAA,
AAAA,
AAAA,
AAAA,
AAAA,
AAAA,
AAAA,
A96A,
AAAA,
AAAA,
AAAA,
AAAA,
AAAA,
AAAA,
AAAA,
AAAA,
AAAA,
AAAA,
AAAA,
AAAA,
AAAA,
AAAA,
AAAA,
AAAA,
AAAA,
AAAA,
AAAA,
AAAA,
AAAA,
AAAA,
AAAA,
AAAA,
AAAA,
AAAA,
AAAA,
AAAA,
A955,
65AA,
AAAA,
AAAA,
AAAA,
AA55,
556A,
AAAA,
A56A,
5555,
5AAA,
AAAB,
EA55,
5555,
5555,
5555,
5555,
5555,
5555,
5555,
5555,
5555,
5555,
5555,
5555,
5555,
5555,
5555,
5555,
AAAA,
AAAA,
AAAA,
AAAA,
AAA5,
5540,
1555,
56A5,
5AAA,
AAAF,
AABF,
FFFF,
FFFF,
FFEB,
AFFE,
AAAA,
EAAB,
BEAA,
AAAA,
AFFF,
AAAA,
AAAA,
A96A,
AAAA,
AAAA,
AAAA,
AAAF,
FEFF,
EAFE,
BFFF,
FFFE,
FFFF,
FFFF,
FFFF,
FFFF,
FFFF,
FFFF,
FFFF,
ABEA,
AAAA,
AAAA,
AAAA,
AAAA,
AAAA,
AAAA,
AAAA,
AAAA,
AAAA,
AAAA,
AAAA,
AAAA,
AA55,
55AA,
AAAA,
AAAA,
AAAA,
A956,
556A,
AAAA,
A555,
5555,
55AA,
AAAF,
FA55,
5555,
5555,
5555,
5555,
5555,
5555,
5555,
5555,
5555,
5555,
5555,
5555,
5555,
5555,
5555,
5555,
5555,
5555,
55AA,
AA95,
5555,
5555,
5555,
556A,
55AA,
AAAA,
AAAF,
FFFF,
FFFF,
FFFF,
FFFF,
FFFF,
FFFF,
FFFF,
FFFF,
FFFF,
FFFF,
FFEA,
FA6F,
AFFF,
FFFF,
FFFF,
FFFF,
FFFF,
FFFF,
FFFF,
FFFF,
FFFF,
FFFF,
FFFF,
FFFF,
FFFF,
FFFF,
FFFF,
FFFF,
FFFF,
FEFE,
AAAA,
AAAA,
AAAA,
AAAA,
AAAA,
AAAA,
AAAA,
AAAA,
AAAA,
AAAA,
AA95,
55AA,
AAAA,
AAAA,
AAAA,
9556,
556A,
AAAA,
5AA5,
5555,
55AA,
AAFF,
FA55,
5555,
5555,
5555,
5555,
5555,
5555,
5555,
5555,
5555,
5555,
5555,
5555,
5555,
5555,
5555,
5555,
5555,
5555,
5555,
5555,
5555,
5555,
5555,
555A,
955A,
AAAA,
AAAA,
AAAA,
AAAA,
AAAA,
AFFF,
FFFF,
FFFF,
FFFF,
FFFF,
FFFF,
FFFF,
FFFF,
BA6F,
FFFF,
FFFF,
FFFF,
FFFF,
FFFF,
FFFF,
FFFF,
FFFF,
FFFF,
FFFF,
FFFF,
FFFF,
FFFF,
FFFF,
FFFF,
FFFF,
FFFF,
FFFF,
FFFF,
FFAA,
AAAA,
AAAA,
AAAA,
AAAA,
AAAA,
AAAA,
AAAA,
AAAA,
AAA9,
56AA,
AAAA,
AAAA,
AAAA,
5555,
95AA,
AAAA,
5AA5,
5555,
55AA,
AAFF,
FA55,
5555,
5555,
5555,
5555,
5555,
5555,
5555,
5555,
5555,
5555,
5555,
5555,
5555,
5555,
5555,
5555,
5555,
5555,
5555,
5555,
5555,
5555,
5555,
5555,
A555,
56AA,
AAAA,
AAAA,
AAAA,
AAAA,
AAAA,
AAAA,
AAAA,
BFFF,
FFFF,
FFFF,
FFFF,
FFFF,
FE6B,
FFFF,
FFFF,
FFFF,
FFFF,
FFFF,
FFFF,
FFFF,
FFFF,
FFFF,
FFFF,
FFFF,
FFFF,
FFFF,
FFFF,
FFFF,
FFFF,
FFFF,
FFFF,
FFFF,
FFFF,
FEFF,
AAAA,
AAAA,
AAAA,
AAAA,
AAAA,
AAAA,
AAAA,
AAAA,
AAAA,
AAAA,
AAAA,
AAAA,
5555,
A56A,
AAAA,
AAA9,
5555,
55AA,
ABFF,
FE55,
5555,
5555,
5555,
5555,
5555,
5555,
5555,
5555,
5555,
5555,
5555,
5555,
5555,
5555,
5555,
5555,
5555,
5555,
5555,
5555,
5555,
5555,
5555,
5555,
5555,
555A,
AAAA,
AAAA,
AAAA,
AAAA,
AAAA,
AAAA,
AAAA,
AAAA,
AAAA,
AAAA,
BFFE,
EFFF,
FE5B,
FFFF,
FFFF,
FFFF,
FFFF,
FFFF,
FFFF,
FFFF,
FFFF,
FFFF,
FFFF,
FFFF,
FFFF,
FFFF,
FFFF,
FFFF,
FFFF,
FFFF,
FFFF,
FFFF,
FFFF,
FFFF,
FFFF,
FFAA,
AAAA,
AAAA,
AAAA,
AAAA,
AAAA,
AAAA,
AAAA,
AAAA,
AAAA,
AAAA,
A555,
556A,
AAAA,
A6A9,
5555,
556A,
ABFF,
FA55,
5555,
5555,
5555,
5555,
5555,
5555,
5555,
5555,
5555,
5555,
5515,
5555,
5555,
5555,
5555,
5555,
5555,
5555,
5555,
5555,
5555,
5555,
5555,
5555,
5555,
5555,
9AAA,
AAAA,
AAAA,
AAAA,
AAAA,
AAAA,
AAAA,
AAAA,
AAAA,
AAAA,
AAAA,
AAAA,
AA5A,
AAAA,
AAAA,
AAAA,
AAAA,
AAAA,
AAAA,
AAAA,
AAAA,
AAAA,
AAAA,
AAAA,
AAAA,
AABF,
FFFF,
FFFF,
FFFF,
FFFF,
FFFF,
FFFF,
FFFF,
FFFF,
FFFF,
FFFF,
FFAA,
AAAA,
AAAA,
AAAA,
AAAA,
AAAA,
AAAA,
AAAA,
AAAA,
AAAA,
A955,
556A,
AAAA,
AAA9,
5555,
5555,
AAAB,
EA55,
5555,
5555,
5555,
5555,
5555,
5555,
5555,
5555,
5555,
5555,
5515,
5555,
5555,
5555,
5555,
5555,
5555,
5555,
5555,
5555,
5555,
5555,
5555,
5555,
5555,
5555,
5555,
5AAA,
AAAA,
AAAA,
AAAA,
AAAA,
AAAA,
AAAA,
AAAA,
AAAA,
AAAA,
AAAA,
AA56,
AAAA,
AAAA,
AAAA,
AAAA,
AAAA,
AAAA,
AAAA,
AAAA,
AAAA,
AAAA,
AAAA,
AAAA,
AAAA,
AAAA,
AFFF,
FFFF,
FFFF,
FFFF,
FFFF,
FFFF,
FFFF,
FFFF,
FFFF,
FFFF,
FAAA,
AAAA,
AAAA,
AAAA,
AAAA,
AAAA,
AAAA,
AAAA,
AAAA,
A955,
556A,
AAAA,
AA55,
5554,
5555,
556A,
A955,
5555,
5555,
5555,
5555,
5555,
5555,
5555,
5555,
5555,
5555,
5455,
5555,
5555,
5555,
5555,
5555,
5555,
5555,
5555,
5555,
5555,
5555,
5555,
5555,
5555,
5555,
5555,
5556,
AAAA,
AAAA,
AAAA,
AAAA,
AAAA,
AAAA,
AAAA,
AAAA,
AAAA,
AAAA,
AA56,
AAAA,
AAAA,
AAAA,
AAAA,
AAAA,
AAAA,
AAAA,
AAAA,
AAAA,
AAAA,
AAAA,
AAAA,
AAAA,
AAAA,
AAAA,
AAAB,
FFFF,
FFFF,
FFFF,
FFFF,
FFFF,
FFFF,
FFFF,
FFFF,
FFFF,
AAAA,
AAAA,
AAAA,
AAAA,
AAAA,
AAAA,
AAAA,
AAAA,
A555,
155A,
AAAA,
A555,
0000,
0000,
0155,
5555,
5555,
5555,
5555,
5555,
5555,
5555,
5555,
5555,
5555,
5555,
5455,
5555,
5555,
5555,
5555,
5555,
5555,
5555,
5555,
5555,
5555,
5555,
5555,
5555,
5555,
5555,
5555,
5555,
5555,
A96A,
AAAA,
AAAA,
AAAA,
AAAA,
AAAA,
AAAA,
AAAA,
AAAA,
AA56,
AAAA,
AAAA,
AAAA,
AAAA,
AAAA,
AAAA,
AAAA,
AAAA,
AAAA,
AAAA,
AAAA,
AAAA,
AAAA,
AAAA,
AAAA,
AAAA,
ABFF,
FFFF,
FFFF,
FFFF,
FFFF,
FFFF,
FFFF,
FFFF,
FFFF,
FFAA,
AAAA,
AAAA,
AAAA,
AAAA,
A955,
5A95,
5555,
5555,
155A,
AAAA,
9540,
0000,
0000,
0000,
5555,
5555,
5555,
5540,
5555,
5555,
5555,
5555,
5555,
5555,
5555,
5415,
5555,
5555,
5555,
5555,
5555,
5555,
5555,
5555,
5555,
5555,
5555,
5555,
5555,
5555,
5555,
5555,
5555,
5555,
5555,
5555,
596A,
AAAA,
AAAA,
AAAA,
AAAA,
AAAA,
AAAA,
AA55,
AAAA,
AAAA,
AAAA,
AAAA,
AAAA,
AAAA,
AAAA,
AAAA,
AAAA,
AAAA,
AAAA,
AAAA,
AAAA,
AAAA,
AAAA,
AAAA,
AAAA,
FFFF,
FFFF,
FFFF,
FFFF,
FFFF,
FFFF,
FFFF,
FFFF,
FFFF,
AAAA,
AAAA,
AAAA,
AAA5,
5555,
5555,
5555,
5554,
155A,
AAAA,
5400,
0000,
0000,
0000,
0055,
5555,
5555,
4000,
0000,
0005,
0055,
5555,
5555,
5555,
5555,
5415,
5555,
5555,
5555,
5555,
5555,
5555,
5555,
5555,
5555,
5555,
5555,
5555,
5555,
5555,
5555,
5555,
5555,
5555,
5555,
5555,
5555,
555A,
5656,
AAAA,
AAAA,
AAAA,
AAAA,
AA55,
AAAA,
AAAA,
AAAA,
AAAA,
AAAA,
AAAA,
AAAA,
AAAA,
AAAA,
AAAA,
AAAA,
AAAA,
AAAA,
AAAA,
AAAA,
AAAA,
AAAA,
BFFF,
FFFF,
FFFF,
FFFF,
FFFF,
FFFF,
FFFF,
FFFF,
FFFF,
FAAA,
AAAA,
AAAA,
AAAA,
5555,
5555,
5555,
5554,
155A,
AAAA,
4000,
0000,
0000,
0000,
0000,
5555,
5555,
0000,
0000,
0000,
0001,
0555,
5555,
5555,
5555,
5415,
5555,
5555,
5555,
5555,
5555,
5555,
5555,
5555,
5555,
5555,
5555,
5555,
5555,
5555,
5555,
5555,
5555,
5555,
5555,
5555,
5555,
5555,
5555,
55A5,
55AA,
AAAA,
AAAA,
A655,
66AA,
AAAA,
AAAA,
AAAA,
AAAA,
AAAA,
AAAA,
AAAA,
AAAA,
AAAA,
AAAA,
AAAA,
AAAA,
AAAA,
AAAA,
AAAA,
AAAA,
ABFF,
FFFF,
FFFF,
FFFF,
FFFF,
FFFF,
FFFF,
FFFF,
FFFF,
FFAA,
AAAA,
AAAA,
AAAA,
5555,
5555,
5555,
5550,
1556,
AAAA,
0000,
0000,
0000,
0000,
0000,
0155,
5555,
0000,
0000,
0000,
0000,
0000,
0055,
5555,
5555,
5015,
5555,
5555,
5555,
5555,
5555,
5555,
5555,
5555,
5555,
5555,
5555,
5555,
5555,
5555,
5555,
5555,
5555,
5555,
5555,
5555,
5555,
5555,
5555,
5555,
5555,
5555,
5555,
5555,
5555,
5555,
5555,
56AA,
AAAA,
AAAA,
AAAA,
AAAA,
AAAA,
AAAA,
AAAA,
AAAA,
AAAA,
AAAA,
AAAA,
AAAA,
AAAA,
AAFF,
FFFF,
FFFF,
FFFF,
FFFF,
FFFF,
FFFF,
FFFF,
FFFF,
FFFF,
AAAA,
AAAA,
AAAA,
AA55,
5555,
5555,
5540,
1556,
AAAA,
0000,
0000,
0000,
0000,
0000,
0005,
5554,
0000,
0000,
0000,
0000,
0000,
0000,
0004,
5555,
5015,
5555,
5555,
5555,
5555,
5555,
5555,
5555,
5555,
5555,
5555,
5555,
5555,
5555,
5555,
5555,
5555,
5555,
5555,
5555,
5555,
5555,
5555,
5555,
5555,
5555,
5555,
5555,
5555,
5555,
5555,
5555,
5555,
5555,
5555,
5555,
566A,
AAAA,
AAAA,
AAAA,
AAAA,
AAAA,
AAAA,
AAAA,
AAAA,
AAAA,
AABF,
FFFF,
FFFF,
FFFF,
FFFF,
FFFF,
FFFF,
FFFF,
FFFF,
FFFF,
FEAA,
AAAA,
AAAA,
AA95,
5555,
5555,
5540,
155A,
AAAA,
0000,
0000,
0000,
0000,
0000,
0000,
5550,
0000,
0000,
0000,
0000,
0000,
0000,
0000,
0001,
4015,
5555,
5555,
5555,
5555,
5555,
5555,
5555,
5555,
5555,
5555,
5555,
5555,
5555,
5555,
5555,
5555,
5555,
5555,
5555,
5555,
5555,
5555,
5555,
5555,
5555,
5555,
5555,
5555,
5555,
5555,
5555,
5555,
5555,
5555,
5555,
5555,
5555,
5555,
6AAA,
AAAA,
AAAA,
AAAA,
AAAA,
AAAA,
AAAA,
AAAF,
FFFF,
FFFF,
FFFF,
FFFF,
FFFF,
FFFF,
FFFF,
FFFF,
FFFF,
FFEA,
AAAA,
AAAA,
AA95,
5555,
5555,
5400,
155A,
AAAA,
0000,
0000,
0000,
0000,
0000,
0000,
0000,
0000,
0000,
0000,
0000,
0000,
0000,
0000,
0000,
0000,
0555,
5555,
5555,
5555,
5555,
5555,
5555,
5555,
5555,
5555,
5555,
5555,
5555,
5555,
5555,
5555,
5555,
5555,
5555,
5555,
5555,
5555,
5555,
5555,
5555,
5555,
5555,
5551,
5555,
5555,
5555,
5555,
5555,
5555,
5555,
5555,
5555,
5555,
5555,
5AAA,
AAAA,
AAAA,
AAAA,
AAAA,
AAAA,
AAAB,
FFFF,
FFFF,
FFFF,
FFFF,
FFFF,
FFFF,
FFFF,
FFFF,
FFFF,
FFFF,
AAAA,
AAAA,
AAA5,
5555,
5555,
5000,
155A,
AAAA,
0000,
0000,
0000,
0000,
0000,
0000,
0000,
0000,
0000,
0000,
0000,
0000,
0000,
0000,
0000,
0000,
0000,
0555,
5555,
5555,
5555,
5555,
5555,
5555,
5555,
5555,
5555,
5555,
5555,
5555,
5555,
5555,
5555,
5555,
5555,
5555,
5555,
56AA,
AAAA,
AAAA,
5555,
5555,
5555,
5550,
5555,
5555,
5555,
5555,
5555,
5555,
5555,
5555,
5555,
5555,
5555,
556A,
AAAA,
AAAA,
AAAA,
AAAA,
AAAA,
AAAA,
FFFF,
FFFF,
FFFF,
FFFF,
FFFF,
FFFF,
FFFF,
FFFF,
FFFF,
FFFF,
FEAA,
AAAA,
AAA5,
5555,
5555,
0000,
155A,
AAAA,
0000,
0000,
0000,
0000,
0000,
0000,
0000,
0000,
0000,
0000,
0000,
0000,
0000,
0000,
0000,
0000,
0000,
0000,
5555,
5555,
5555,
5555,
5555,
5555,
5555,
5555,
5555,
5555,
5555,
5555,
5555,
5555,
5555,
5555,
5555,
5555,
5555,
5AAA,
AAAA,
AAAA,
AA55,
5555,
5555,
5550,
5555,
5555,
5555,
5555,
5555,
5555,
5555,
5555,
5555,
5555,
5555,
5556,
AAAA,
AAAA,
AAAA,
AAAA,
AAAA,
AAAA,
AFFF,
FFFF,
FFFF,
FFFF,
FFFF,
FFFF,
FFFF,
FFFF,
FFFF,
FFFF,
FFAA,
AAAA,
AAAA,
AA55,
5554,
0000,
155A,
AAAA,
0000,
0000,
0000,
0000,
0000,
0000,
0000,
0000,
0000,
0000,
0000,
0000,
0000,
0000,
0000,
0000,
0000,
0000,
0000,
5555,
5555,
5555,
5555,
5555,
5555,
5555,
5555,
5555,
5555,
5555,
5555,
5555,
5555,
5555,
5555,
5555,
5555,
5555,
5555,
555A,
5A55,
5555,
5555,
5550,
5555,
5555,
5555,
5555,
5555,
5555,
5555,
5555,
5555,
5555,
5555,
5555,
AAAA,
AAAA,
AAAA,
AAAA,
AAAA,
AAAA,
AABF,
FFFF,
FFFF,
FFFF,
FFFF,
FFFF,
FFFF,
FFFF,
FFFF,
FFFF,
FFEA,
AAAA,
AAAA,
AAA5,
5540,
0155,
555A,
AAAA,
0000,
0000,
0000,
0000,
0000,
0000,
0000,
0000,
0000,
0000,
0000,
0000,
0000,
0000,
0000,
0000,
0000,
0000,
0000,
0000,
5555,
5555,
5555,
5555,
5555,
5555,
5555,
5555,
5555,
5555,
5555,
5555,
5555,
5555,
5555,
5555,
5555,
5555,
5555,
5555,
5555,
5555,
5555,
5550,
5555,
5555,
5555,
5555,
5555,
5555,
5555,
5555,
5555,
5555,
5555,
5555,
5AAA,
AAAA,
AAAA,
AAAA,
AAAA,
AAAA,
AAAB,
FFFF,
FFFF,
FFFF,
FFFF,
FFFF,
FFFF,
FFFF,
FFFF,
FFFF,
FEAA,
AAAA,
AAAA,
AAA5,
0400,
1555,
555A,
AAAA,
0000,
0000,
0000,
0000,
0000,
0000,
0000,
0000,
0000,
0000,
0000,
0000,
0000,
0000,
0000,
0000,
0000,
0000,
0000,
0000,
0055,
5555,
5555,
5555,
5555,
5555,
5555,
5555,
5555,
5555,
5555,
5555,
5555,
5555,
5555,
5555,
5555,
5555,
5555,
5555,
5555,
5555,
5555,
5554,
5555,
5555,
5555,
5555,
5555,
5555,
5555,
5555,
5555,
5555,
5555,
5555,
5556,
AAAA,
AAAA,
AAAA,
AAAA,
AAAA,
AAAA,
AFFF,
FFFF,
FFFF,
FFFF,
FFFF,
FFFF,
FFFF,
FFFF,
FFFA,
AAAA,
AAAA,
AAAA,
AA94,
0000,
5555,
A56A,
AAAA,
0000,
0000,
0000,
0000,
0000,
0000,
0000,
0000,
0000,
0000,
0000,
0000,
0000,
0000,
0000,
0000,
0000,
0000,
0000,
0000,
0000,
0014,
5555,
5555,
5555,
5555,
5555,
5555,
5555,
5555,
5555,
5555,
5555,
5555,
5555,
5555,
5555,
5555,
5555,
5555,
5555,
5555,
5555,
5554,
1555,
5555,
5555,
5555,
5555,
5555,
5555,
5555,
5555,
5555,
5555,
5555,
5555,
555A,
AAAA,
AAAA,
AAAA,
AAAA,
AAAA,
AAFF,
FFFF,
FFFF,
FFFF,
FFFF,
FFFF,
FFFF,
FFFF,
FFEA,
AAAA,
AAAA,
AAAA,
AA50,
4001,
5555,
956A,
AAAA,
0000,
0000,
0000,
0000,
0000,
0000,
0000,
0000,
0000,
0000,
0000,
0000,
0000,
0000,
0000,
0000,
0000,
0000,
0000,
0000,
0000,
0000,
0000,
0000,
5554,
0014,
5555,
5555,
5555,
5555,
5555,
5555,
5555,
5555,
5555,
5555,
5555,
5555,
5555,
5555,
5555,
5555,
5555,
5550,
1555,
5555,
5555,
5555,
5555,
5555,
5555,
5555,
5555,
5555,
5555,
5555,
5555,
5555,
56AA,
AAAA,
AAAA,
AAAA,
AAAA,
AAAF,
FFFF,
FFFF,
FFFF,
EAAA,
AAAA,
EABF,
FFFF,
FEAA,
AAAA,
AAAA,
AAAB,
E941,
4055,
5555,
956A,
AAAA,
0000,
0000,
0000,
0000,
0000,
0000,
0000,
0000,
0000,
0000,
0000,
0000,
0000,
0000,
0000,
0000,
0000,
0000,
0000,
0000,
0000,
0000,
0000,
0000,
0000,
0000,
1555,
5555,
5555,
5555,
5555,
5555,
5555,
5555,
5555,
5555,
5555,
5555,
5555,
5415,
5555,
5555,
5555,
5550,
1555,
5555,
5555,
5555,
5555,
5555,
5555,
5555,
5555,
5555,
5555,
5555,
5555,
5555,
5559,
AAAA,
AAAA,
AAAA,
AAAA,
AAAB,
FFFF,
FFFF,
FFFE,
AAAA,
AAAA,
AAAA,
AAAA,
AAAA,
AAAA,
AAAA,
AAAA,
A555,
5559,
5556,
556A,
AAAA,
0000,
0000,
0055,
0550,
0000,
0000,
0000,
0000,
0000,
0000,
0000,
0000,
0000,
0000,
0000,
0000,
0000,
0000,
0000,
0000,
0000,
0000,
0000,
0000,
0000,
0000,
1000,
5555,
5555,
5555,
5555,
5555,
5555,
5555,
5555,
5555,
555A,
9555,
5555,
5005,
5555,
5555,
5555,
5550,
1555,
5555,
5555,
5555,
5555,
5555,
5555,
5555,
5555,
5555,
5555,
5555,
5555,
5555,
5555,
56AA,
AAAA,
AAAA,
AAAA,
AAAA,
BFFF,
FFFF,
FFAA,
AAAA,
AAAA,
AAAA,
AAAA,
AAAA,
AAAA,
AAAA,
AAAA,
9555,
556A,
5555,
556A,
AAAA,
0000,
0000,
0555,
5554,
0000,
0000,
0000,
0000,
0000,
0000,
0000,
0000,
0000,
0000,
0000,
0000,
0000,
0000,
0000,
0000,
0000,
0000,
0000,
0000,
0000,
0000,
0000,
0001,
5400,
5555,
5555,
5555,
5555,
5555,
5555,
5555,
56AA,
9555,
5555,
4005,
5554,
5555,
5555,
5550,
1555,
5555,
5555,
5555,
5555,
5555,
5555,
5555,
5555,
5555,
5555,
5555,
5555,
5555,
5555,
56AA,
AAAA,
AAAA,
AAAA,
AAAA,
AFFF,
FFFF,
FEAA,
AAAA,
AAAA,
AAAA,
AAAA,
AAAA,
AAAA,
AAAA,
AA55,
5555,
5555,
5555,
556A,
AAAA,
0000,
0000,
0555,
5540,
0000,
0000,
0000,
0000,
0000,
0000,
0000,
0000,
0000,
0000,
0000,
0000,
0000,
0000,
0000,
0000,
0000,
0000,
0000,
0000,
0000,
0000,
0000,
0000,
0000,
0000,
0001,
5555,
5555,
5555,
5555,
5555,
6AFA,
9555,
5555,
4005,
5554,
5555,
5555,
5550,
0555,
5555,
5555,
5555,
5555,
5555,
5555,
5555,
5555,
5555,
5555,
5555,
5555,
5555,
5555,
555A,
5AAA,
AAAA,
AAAA,
AAAA,
AAFF,
FFFF,
FEAA,
AAAA,
AAAA,
AAAA,
AAAA,
AAAA,
AAAA,
AA55,
5555,
5555,
5555,
5555,
556A,
AAAA,
0000,
0001,
5555,
4000,
0000,
0000,
0000,
0000,
0000,
0000,
0000,
0015,
0000,
0000,
0000,
0000,
0000,
0000,
0000,
0000,
0000,
0000,
0000,
0000,
0000,
0000,
0000,
0000,
0000,
0000,
0000,
0000,
0000,
0555,
5555,
5155,
6AAA,
5555,
5555,
5005,
5550,
5555,
5555,
5550,
0555,
5555,
5555,
5555,
5555,
5555,
5555,
5555,
5555,
5555,
5555,
5555,
5555,
5555,
5555,
5555,
56AA,
AAAA,
AAAA,
AAAA,
AABF,
FFFF,
EAAA,
AAAA,
AAAA,
AAAA,
AAAA,
AAAA,
AAAA,
AA55,
5555,
5555,
5055,
5555,
556A,
AAAA,
0000,
0005,
5554,
0000,
0000,
0000,
0000,
0000,
0000,
0000,
0000,
0015,
4000,
0000,
0000,
0000,
0000,
0000,
0000,
0000,
0000,
0000,
0000,
0000,
0000,
0000,
0000,
0000,
0000,
0000,
0000,
0000,
0000,
0000,
0000,
0515,
5A95,
5555,
5555,
5415,
5410,
5555,
5555,
5550,
0555,
5555,
5555,
5555,
5555,
5555,
5555,
5555,
5555,
5555,
5555,
5555,
5555,
5555,
5555,
5555,
55AA,
AAAA,
AAAA,
AAAA,
AAAA,
AAAA,
AAAA,
AAAA,
AAAA,
AAAA,
AAAA,
AAAA,
AAAA,
A955,
5555,
5505,
5015,
5555,
556A,
6AAA,
0000,
0015,
5540,
0000,
0000,
0000,
0000,
0000,
0000,
0000,
0000,
0005,
5000,
0000,
0000,
0000,
0000,
0000,
0000,
0000,
0000,
0000,
0000,
0000,
0000,
0000,
0000,
0000,
0000,
0000,
0000,
0000,
0000,
0000,
0150,
1505,
5555,
5555,
5555,
5505,
5451,
5555,
5555,
5550,
0555,
5555,
5555,
5555,
5555,
5555,
5555,
5555,
5555,
5555,
5555,
5555,
5555,
5555,
5555,
5555,
5565,
AAAA,
AAAA,
AAAA,
AAAA,
AAAA,
AAAA,
AAAA,
AAAA,
AAAA,
AAA9,
9AAA,
AAA9,
5555,
5555,
5500,
0055,
5555,
556A,
6AAA,
0000,
0055,
5400,
0000,
0000,
0000,
0000,
0000,
0000,
0000,
0000,
0014,
0000,
0000,
0000,
0000,
0000,
0000,
0000,
0000,
0000,
0000,
0000,
0000,
0000,
0000,
0000,
0000,
0000,
0000,
0000,
0000,
0000,
0000,
0000,
4005,
5555,
5555,
5555,
5555,
5551,
5015,
5415,
5140,
0440,
5500,
5555,
5555,
5555,
5555,
5555,
5555,
5555,
5555,
5555,
5555,
5555,
5555,
5555,
5555,
56A9,
6AAA,
AAAA,
AAAA,
AAAA,
AAAA,
AAAA,
AAAA,
AAAA,
A96A,
5555,
5556,
AA55,
5555,
5555,
5400,
0155,
5555,
556A,
AAAA,
0000,
0055,
4000,
0000,
0000,
0000,
0000,
0000,
0000,
0000,
0000,
0014,
1000,
0000,
0000,
0000,
0000,
0000,
0000,
0000,
0000,
0000,
0000,
0000,
0000,
0000,
0000,
0000,
0000,
0000,
0000,
0000,
0000,
0000,
0000,
0054,
5555,
5555,
5555,
5555,
5555,
0000,
0000,
0000,
0000,
0000,
0000,
0055,
5555,
5555,
5555,
5555,
5555,
5555,
5555,
5555,
5555,
5555,
5555,
5555,
5AAA,
AAAA,
AAAA,
AAAA,
AAAA,
AAAA,
A569,
9A6A,
9555,
5555,
5555,
5555,
5555,
5555,
5554,
1400,
5555,
5555,
555A,
AAAA,
0000,
0155,
0000,
0000,
0000,
0000,
0000,
0000,
0000,
0000,
0000,
0015,
5000,
0000,
0000,
0000,
0000,
0000,
0000,
0000,
0000,
0000,
0000,
0000,
0000,
0000,
0000,
0000,
0000,
0000,
0000,
0000,
0000,
0000,
0000,
0000,
0055,
5555,
5555,
5555,
5550,
0000,
0000,
0000,
0000,
0000,
0000,
0000,
0055,
5555,
5555,
5555,
5555,
5555,
5555,
5555,
5555,
5555,
5555,
55AA,
5AAA,
AAAA,
AAAA,
AAAA,
AAAA,
A655,
5555,
5555,
5555,
5555,
5555,
5555,
5555,
5555,
5554,
1000,
1555,
5555,
5556,
AAAA,
0000,
0550,
0000,
0000,
0000,
0000,
0000,
0000,
0000,
0000,
0000,
0015,
5000,
0000,
0000,
0000,
0000,
0000,
0000,
0000,
0000,
0000,
0000,
0000,
0000,
0000,
0000,
0000,
0000,
0000,
0000,
0000,
0000,
0000,
0000,
0000,
0010,
0501,
0000,
5550,
5000,
0000,
0000,
0000,
0000,
0000,
0000,
0000,
0500,
0555,
5555,
5555,
5555,
5555,
5555,
5555,
5555,
5555,
5555,
5569,
AAAA,
AAAA,
AAAA,
AAAA,
AAAA,
A555,
5555,
5555,
5555,
5555,
556A,
AAAA,
5555,
5555,
5550,
0000,
5555,
5555,
5555,
A9A6,
0000,
1540,
0000,
0000,
0000,
0000,
0000,
0000,
0000,
0000,
0000,
0005,
4000,
0000,
0000,
0000,
0000,
0000,
0000,
0000,
0000,
0000,
0000,
0000,
0000,
0000,
0000,
0000,
0000,
0000,
0000,
0000,
0000,
0000,
0000,
0000,
0000,
0000,
0000,
0000,
0000,
0000,
0000,
0000,
0000,
0000,
0000,
0000,
0000,
0001,
0155,
5555,
5555,
5555,
5555,
5555,
5555,
5555,
5555,
55AA,
AAAA,
AAAA,
AAAA,
AAAA,
AAA9,
5555,
5555,
5555,
5555,
5555,
5555,
5555,
5555,
5555,
5550,
0000,
5555,
5555,
5555,
AAAA,
0000,
5500,
0000,
0000,
0055,
5555,
5500,
0000,
0000,
0000,
0000,
0000,
0000,
0000,
0000,
0000,
0000,
0000,
0000,
0000,
0000,
0000,
0000,
0000,
0000,
0000,
0000,
0000,
0000,
0000,
0000,
0000,
0000,
0000,
0000,
0000,
0000,
0000,
0000,
0000,
0000,
0000,
0000,
0000,
0000,
0000,
0000,
0000,
0000,
0000,
0055,
5555,
5555,
5555,
5555,
5555,
5555,
5555,
5555,
56AA,
AAAA,
AAAA,
AAAA,
AAAA,
A555,
5555,
5555,
5555,
5555,
5555,
5555,
5555,
5555,
5555,
5540,
0000,
5555,
5555,
5555,
6AAA,
0000,
5400,
0000,
0000,
555A,
AA55,
5555,
4000,
0000,
0000,
0000,
0000,
0000,
0000,
0000,
0000,
0000,
0000,
0000,
0000,
0000,
0000,
0000,
0000,
0000,
0000,
0000,
0000,
0000,
0000,
0000,
0000,
0000,
0000,
0000,
0000,
0000,
0000,
0000,
0000,
0000,
0000,
0000,
0000,
0000,
0000,
0000,
0000,
0000,
0000,
0000,
5555,
5555,
5555,
5555,
5555,
5555,
5555,
5555,
9AAA,
AAAA,
AAAA,
AAAA,
AAAA,
5555,
5555,
5555,
5555,
5555,
5555,
5555,
5555,
5555,
5555,
5540,
0000,
1555,
5555,
5555,
6AAA,
0001,
5000,
0000,
0005,
5555,
A555,
5555,
5500,
0000,
0000,
0000,
0000,
0000,
0000,
0000,
0000,
0000,
0000,
0000,
0000,
0000,
0000,
0000,
0000,
0000,
0000,
0000,
0000,
0000,
0000,
0000,
0000,
0000,
0000,
0000,
0000,
0000,
0000,
0000,
0000,
0000,
0000,
0000,
0000,
0000,
0000,
0000,
0000,
0000,
0000,
0000,
0015,
5555,
5555,
5555,
5555,
5555,
5555,
5555,
56AA,
AAAA,
AAAA,
AAAA,
AAAA,
5555,
5555,
5555,
5555,
5555,
5555,
5555,
5555,
5555,
5555,
5540,
0000,
1555,
5555,
5555,
5AAA,
0005,
4000,
0000,
0056,
5555,
9500,
0155,
5950,
0000,
0000,
0000,
0000,
0000,
0000,
0000,
0000,
0000,
0000,
0000,
0000,
0000,
0000,
0000,
0000,
0000,
0000,
0000,
0000,
0000,
0000,
0000,
0000,
0000,
0000,
0000,
0000,
0000,
0000,
0000,
0000,
0000,
0000,
0000,
0000,
0000,
0000,
0000,
0000,
0000,
0000,
0000,
0005,
5555,
5555,
5555,
5555,
5555,
5555,
5555,
5555,
5AAA,
AAAA,
AAAA,
AAAA,
9555,
5555,
5555,
5555,
5555,
5555,
5555,
5555,
5555,
5555,
5540,
0000,
1555,
5555,
5555,
5AAA,
0005,
0000,
0000,
0569,
5505,
5500,
0154,
1555,
0000,
0000,
0000,
0000,
0000,
0000,
0000,
0000,
0000,
0000,
0000,
0000,
0000,
0000,
0000,
0000,
0000,
0000,
0000,
0000,
0000,
0000,
0000,
0000,
0000,
0000,
0000,
0000,
0000,
0000,
0000,
0000,
0000,
0000,
0000,
0000,
0000,
0000,
0000,
0000,
0000,
0000,
0000,
0005,
5555,
5555,
5555,
5555,
5555,
5555,
5555,
5555,
5555,
AAAA,
AAAA,
AAAA,
9555,
5555,
5555,
5555,
5555,
5555,
5555,
5555,
5555,
5555,
5540,
0000,
1555,
5555,
5555,
5AAA,
0014,
0000,
0000,
5555,
5405,
6940,
0154,
0055,
5000,
0000,
0000,
0000,
0000,
0000,
0000,
0000,
0000,
0000,
0000,
0000,
0000,
0000,
0000,
0000,
0000,
0000,
0000,
0000,
0000,
0000,
0000,
0000,
0000,
0000,
0000,
0000,
0000,
0000,
0000,
0000,
0000,
0000,
0000,
0000,
0000,
0000,
0000,
0000,
0000,
0000,
0000,
0001,
5555,
5555,
5555,
5555,
5555,
5555,
5555,
5555,
5555,
56AA,
AAAA,
AAAA,
A555,
5555,
5555,
5555,
5555,
5555,
5555,
5555,
5555,
5555,
5500,
0000,
0554,
0555,
5555,
56AA,
0050,
0000,
0001,
5555,
5500,
5940,
0150,
0015,
5500,
0000,
0000,
0000,
0000,
0000,
0000,
0000,
0000,
0000,
0000,
0000,
0000,
0000,
0000,
0000,
0000,
0000,
0000,
0000,
0000,
0000,
0000,
0000,
0000,
0000,
0000,
0000,
0000,
0000,
0000,
0000,
0000,
0000,
0000,
0000,
0000,
0000,
0000,
0000,
0000,
0000,
0000,
0000,
1555,
5555,
5050,
0000,
0000,
0000,
0001,
5555,
5555,
5555,
AAAA,
AAAA,
A555,
5555,
5555,
5555,
5555,
5555,
5555,
5555,
5555,
5555,
5500,
0000,
0554,
0555,
5555,
55AA,
0050,
0000,
0005,
5555,
6540,
1940,
0150,
0015,
5550,
0000,
0000,
0000,
0000,
0000,
0000,
0000,
0000,
0000,
0000,
0000,
0000,
0000,
0000,
0000,
0000,
0000,
0000,
0000,
0000,
0000,
0000,
0000,
0000,
0000,
0000,
0000,
0000,
0000,
0000,
0000,
0000,
0000,
0000,
0000,
0000,
0000,
0000,
0000,
0000,
0000,
0000,
0000,
1555,
5550,
0000,
0000,
0000,
0000,
0000,
0005,
5555,
5555,
5AAA,
AAAA,
A555,
5555,
5555,
5555,
5555,
5555,
5555,
5555,
5555,
5555,
5540,
0000,
0155,
4155,
5555,
55AA,
0040,
0000,
0055,
5505,
6940,
1550,
0150,
0015,
5554,
0000,
0000,
0000,
0000,
0000,
0000,
0000,
0000,
0000,
0000,
0000,
0000,
0000,
0000,
0000,
0000,
0000,
0000,
0000,
0000,
0000,
0000,
0000,
0000,
0000,
0000,
0000,
0000,
0000,
0000,
0000,
0000,
0000,
0000,
0000,
0000,
0000,
0000,
0000,
0000,
0000,
0000,
0000,
0000,
0000,
0000,
0000,
0000,
0000,
0000,
0000,
0005,
5555,
5555,
AAAA,
A955,
5555,
5555,
5555,
5555,
5555,
5555,
5555,
5555,
5555,
5540,
0000,
0155,
5555,
5555,
5569,
0100,
0000,
0155,
5505,
6950,
1550,
0150,
0055,
0055,
4000,
0000,
0000,
0000,
0000,
0000,
0000,
0000,
0000,
0000,
0000,
0000,
0000,
0000,
0000,
0000,
0000,
0000,
0000,
0000,
0000,
0000,
0000,
0000,
0000,
0000,
0000,
0000,
0000,
0000,
0000,
0000,
0000,
0000,
0000,
0000,
0000,
0000,
0000,
0000,
0000,
0000,
0000,
0000,
0000,
0000,
0000,
0000,
0000,
0000,
0000,
0000,
1555,
5555,
56AA,
A955,
5555,
5555,
5555,
5555,
5555,
5555,
5555,
5555,
5555,
5500,
0000,
0055,
5555,
556A,
556A,
0100,
0000,
0555,
6945,
5A50,
1550,
0150,
0065,
0015,
5000,
0000,
0000,
0000,
0000,
0000,
0000,
0000,
0000,
0000,
0000,
0000,
0000,
0000,
0000,
0000,
0000,
0000,
0000,
0000,
0000,
0000,
0000,
0000,
0000,
0000,
0000,
0000,
0000,
0000,
0000,
0000,
0000,
0000,
0000,
0000,
0000,
0000,
0000,
0000,
0000,
0000,
0000,
0000,
0000,
0000,
0000,
0000,
0000,
0000,
0000,
0000,
0005,
5555,
555A,
A955,
5555,
5555,
5555,
5555,
5555,
5555,
5555,
5555,
5555,
5400,
0000,
0005,
4055,
55AA,
956A,
0000,
0000,
1555,
6A55,
5694,
5554,
0150,
0164,
0005,
9400,
0000,
0000,
0000,
0000,
0000,
0000,
0000,
0000,
0000,
0000,
0000,
0000,
0000,
0000,
0000,
0000,
0000,
0000,
0000,
0000,
0000,
0000,
0000,
0000,
0000,
0000,
0000,
0000,
0000,
0000,
0000,
0000,
0000,
0000,
0000,
0000,
0000,
0000,
0000,
0000,
0000,
0000,
0000,
0000,
0000,
0000,
0000,
0000,
0000,
0000,
0000,
0000,
5555,
5555,
A955,
5555,
5555,
5555,
5555,
5555,
5555,
5555,
5555,
5500,
0000,
0000,
0000,
0055,
55AA,
955A,
0000,
0000,
1555,
5A95,
5595,
5554,
0150,
0154,
0016,
9500,
0000,
0000,
0000,
0000,
0000,
0000,
0000,
0000,
0000,
0000,
0000,
0000,
0000,
0000,
0000,
0000,
0000,
0000,
0000,
0000,
0000,
0000,
0000,
0000,
0000,
0000,
0000,
0000,
0000,
0000,
0000,
0000,
0000,
0000,
0000,
0000,
0000,
0000,
0000,
0000,
0000,
0000,
0000,
0000,
0000,
0000,
0000,
0000,
0000,
0000,
0000,
0000,
0155,
5555,
5555,
5555,
5555,
5555,
5555,
5555,
5555,
5555,
5555,
0000,
0150,
0000,
0000,
0555,
56AA,
A555,
0000,
0000,
5554,
56A5,
5555,
5555,
0150,
0550,
005A,
5540,
0000,
0000,
0000,
0000,
0000,
0000,
0000,
0000,
0000,
0000,
0000,
0000,
0000,
0000,
0000,
0000,
0000,
0000,
0000,
0000,
0000,
0000,
0000,
0000,
0000,
0000,
0000,
0000,
0000,
0000,
0000,
0000,
0000,
0000,
0000,
0000,
0000,
0000,
0000,
0000,
0000,
0000,
0000,
0000,
0000,
0000,
0000,
0000,
0000,
0000,
0000,
0000,
0015,
5555,
5555,
5555,
5555,
5555,
5555,
5555,
5555,
5555,
5500,
1555,
5554,
0000,
0000,
0555,
56AA,
A555,
0000,
0001,
5555,
016A,
5555,
5555,
0550,
0550,
0165,
5550,
0000,
0000,
0000,
0000,
0000,
0000,
0000,
0000,
0000,
0000,
0000,
0000,
0000,
0000,
0000,
0000,
0000,
0000,
0000,
0000,
0000,
0000,
0000,
0000,
0000,
0000,
0000,
0000,
0000,
0000,
0000,
0000,
0000,
0000,
0000,
0000,
0000,
0000,
0000,
0000,
0000,
0000,
0000,
0000,
0000,
0000,
0000,
0000,
0000,
0000,
0000,
0000,
0000,
5555,
5555,
5555,
5555,
5555,
5555,
5555,
5555,
5555,
5555,
5555,
5555,
0000,
0000,
1555,
56AA,
A955,
0000,
0001,
5555,
005A,
9555,
5555,
5550,
1540,
1555,
4154,
0000,
0000,
0000,
0000,
0000,
0000,
0000,
0000,
0000,
0000,
0000,
0000,
0000,
0000,
0000,
0000,
0000,
0000,
0000,
0000,
0000,
0000,
0000,
0000,
0000,
0000,
0000,
0000,
0000,
0000,
0000,
0000,
0000,
0000,
0000,
0000,
0000,
0000,
0000,
0000,
0000,
0000,
0000,
0000,
0000,
0000,
0000,
0000,
0000,
0000,
0000,
0000,
0000,
0155,
5555,
5555,
5555,
5555,
5555,
5555,
5555,
5555,
5555,
5555,
5555,
4000,
0001,
5555,
56AA,
A555,
0000,
0005,
5695,
0016,
A555,
5555,
5555,
5540,
1655,
0054,
0000,
0000,
0000,
0000,
0000,
0000,
0000,
0000,
0000,
0000,
0000,
0000,
0000,
0000,
0000,
0000,
0000,
0000,
0000,
0000,
0000,
0000,
0000,
0000,
0000,
0000,
0000,
0000,
0000,
0000,
0000,
0000,
0000,
0000,
0000,
0000,
0000,
0000,
0000,
0000,
0000,
0000,
0000,
0000,
0000,
0000,
0000,
0000,
0000,
0000,
0000,
0000,
0000,
0015,
5555,
5555,
5555,
5555,
5555,
5555,
5555,
5AAA,
A555,
5555,
5555,
5500,
0055,
5556,
AA95,
5555,
0000,
0005,
56A9,
4005,
6955,
5555,
A959,
5501,
5A54,
0015,
0000,
0000,
0000,
0000,
0000,
0000,
0000,
0000,
0000,
0000,
0000,
0000,
0000,
0000,
0000,
0000,
0000,
0000,
0000,
0000,
0000,
0000,
0000,
0000,
0000,
0000,
0000,
0000,
0000,
0000,
0000,
0000,
0000,
0000,
0000,
0000,
0000,
0000,
0000,
0000,
0000,
0000,
0000,
0000,
0000,
0000,
0000,
0000,
0000,
0000,
0000,
0000,
0000,
0001,
5555,
5555,
5555,
5555,
5555,
56AA,
AAAA,
5555,
5555,
5555,
5555,
5555,
1555,
555A,
AAA5,
5555,
0000,
0005,
56AA,
9405,
5A95,
5595,
A96A,
9505,
A540,
0015,
4000,
0000,
0000,
0000,
0000,
0000,
0000,
0000,
0000,
0000,
0000,
0000,
0000,
0000,
0000,
0000,
0000,
0000,
0000,
0000,
0000,
0000,
0000,
0000,
0000,
0000,
0000,
0000,
0000,
0000,
0000,
0000,
0000,
0000,
0000,
0000,
0000,
0000,
0000,
0000,
0000,
0000,
0000,
0000,
0000,
0000,
0000,
0000,
0000,
0000,
0000,
0000,
0000,
0155,
5555,
5555,
5555,
5AAA,
AAAA,
AA95,
5555,
5555,
5555,
5555,
5555,
5555,
5555,
555A,
AAAA,
5555,
0000,
0015,
555A,
A955,
56A5,
56A5,
656E,
5955,
9500,
0069,
5000,
0000,
0000,
0000,
0000,
0000,
0000,
0000,
0000,
0000,
0000,
0000,
0000,
0000,
0000,
0000,
0000,
0000,
0000,
0000,
0000,
0000,
0000,
0000,
0000,
0000,
0000,
0000,
0000,
0000,
0000,
0000,
0000,
0000,
0000,
0000,
0000,
0000,
0000,
0000,
0000,
0000,
0000,
0000,
0000,
0000,
0000,
0000,
0000,
0000,
0000,
0000,
0000,
015A,
AAAA,
AAAA,
AAAA,
AAAA,
AA55,
5555,
5555,
5555,
5555,
5555,
5555,
5555,
5555,
556A,
AAAA,
9555,
0000,
0015,
5555,
AAA5,
156A,
9595,
556A,
6A95,
5400,
15A9,
5000,
0000,
0000,
0000,
0000,
0000,
0000,
0000,
0000,
0000,
0000,
0000,
0000,
0000,
0000,
0000,
0000,
0000,
0000,
0000,
0000,
0000,
0000,
0000,
0000,
0000,
0000,
0000,
0000,
0000,
0000,
0000,
0000,
0000,
0000,
0000,
0000,
0000,
0000,
0000,
0000,
0000,
0000,
0000,
0000,
0000,
0000,
0000,
0000,
0000,
0000,
0000,
0000,
0015,
56AA,
AAAA,
AAAA,
A955,
5555,
5555,
5555,
5555,
5555,
5555,
5555,
5555,
5555,
556A,
AAAA,
A955,
0000,
0015,
5551,
5AAA,
555A,
9555,
5555,
6A95,
5005,
6AA5,
5400,
0000,
0000,
0000,
0000,
0000,
0000,
0000,
0000,
0000,
0000,
0000,
0000,
0000,
0000,
0000,
0000,
0000,
0000,
0000,
0000,
0000,
0000,
0000,
0000,
0000,
0000,
0000,
0000,
0000,
0000,
0000,
0000,
0000,
0000,
0000,
0000,
0000,
0000,
0000,
0000,
0000,
0000,
0000,
0000,
0000,
0000,
0000,
0000,
0000,
0000,
0000,
0000,
0000,
1555,
56AA,
AAAA,
5555,
5555,
5555,
5555,
5555,
5555,
5555,
5555,
5555,
5565,
55AA,
AAAA,
A555,
0000,
0055,
5550,
056A,
A9AA,
5555,
5555,
6A55,
4056,
AA55,
5400,
0000,
0000,
0000,
0000,
0000,
0000,
0000,
0000,
0000,
0000,
0000,
0000,
0000,
0000,
0000,
0000,
0000,
0000,
0000,
0000,
0000,
0000,
0000,
0000,
0000,
0000,
0000,
0000,
0000,
0000,
0000,
0000,
0000,
0000,
0000,
0000,
0000,
0000,
0000,
0000,
0000,
0000,
0000,
0000,
0000,
0000,
0000,
0000,
0000,
0000,
0000,
0000,
0000,
0055,
5555,
5565,
5555,
5555,
5555,
5555,
5555,
5555,
5555,
5555,
5555,
56A5,
55AA,
AAAA,
A555,
0000,
005A,
9550,
0056,
AAAA,
5569,
5555,
5555,
55AA,
A954,
1500,
0000,
0000,
0000,
0000,
0000,
0000,
0000,
0000,
0000,
0000,
0000,
0000,
0000,
0000,
0000,
0000,
0000,
0000,
0000,
0000,
0000,
0000,
0000,
0000,
0000,
0000,
0000,
0000,
0000,
0000,
0000,
0000,
0000,
0000,
0000,
0000,
0000,
0000,
0000,
0000,
0000,
0000,
0000,
0000,
0000,
0000,
0000,
0000,
0000,
0000,
0000,
0000,
0000,
0005,
5555,
5555,
5555,
5555,
5555,
5555,
5555,
5555,
5555,
5555,
5555,
5A55,
556A,
AAAA,
5555,
0000,
006A,
AA55,
0005,
5AA9,
5565,
6AA9,
555A,
9AA9,
5500,
1500,
0000,
0000,
0000,
0000,
0000,
0000,
0000,
0000,
0000,
0000,
0000,
0000,
0000,
0000,
0000,
0000,
0000,
0000,
0000,
0000,
0000,
0000,
0000,
0000,
0000,
0000,
0000,
0000,
0000,
0000,
0000,
0000,
0000,
0000,
0000,
0000,
0000,
0000,
0000,
0000,
0000,
0000,
0000,
0000,
0000,
0000,
0000,
0000,
0000,
0000,
0000,
0000,
0000,
0000,
5555,
5555,
5555,
5555,
5555,
5555,
5555,
5555,
5555,
5555,
5555,
A955,
555A,
A955,
5555,
0000,
006A,
EAA9,
5545,
56A9,
5555,
AFF9,
696A,
AA55,
5400,
0540,
0000,
0000,
0000,
0000,
0000,
0000,
0000,
0000,
0000,
0000,
0000,
0000,
0000,
0000,
0000,
0000,
0000,
0000,
0000,
0000,
0000,
0000,
0000,
0000,
0000,
0000,
0000,
0000,
0000,
0000,
0000,
0000,
0000,
0000,
0000,
0000,
0000,
0000,
0000,
0000,
0000,
0000,
0000,
0000,
0000,
0000,
0000,
0000,
0000,
0000,
0000,
0000,
0000,
0000,
0555,
5555,
5555,
5555,
5555,
5555,
5555,
5555,
5555,
5555,
555A,
A955,
5555,
5555,
5556,
0000,
006A,
AAAA,
AA95,
56AA,
55A6,
BFFA,
6959,
5554,
0000,
0540,
0000,
0000,
0000,
0000,
0000,
0000,
0000,
0000,
0000,
0000,
0000,
0000,
0000,
0000,
0000,
0000,
0000,
0000,
0000,
0000,
0000,
0000,
0000,
0000,
0000,
0000,
0000,
0000,
0000,
0000,
0000,
0000,
0000,
0000,
0000,
0000,
0000,
0000,
0000,
0000,
0000,
0000,
0000,
0000,
0000,
5554,
0155,
5505,
0000,
0000,
0000,
0000,
0000,
0000,
0055,
5555,
5555,
5555,
5555,
5555,
5555,
5555,
5555,
5555,
6AAA,
AA95,
5555,
5555,
5556,
4000,
0055,
AAAA,
AAAA,
AAAA,
95AA,
AFFA,
5555,
5540,
0055,
5550,
0000,
0000,
0000,
0000,
0000,
0000,
0000,
0000,
0000,
0000,
0000,
0000,
0000,
0000,
0000,
0000,
0000,
0000,
0000,
0000,
0000,
0000,
0000,
0000,
0000,
0000,
0000,
0000,
0000,
0000,
0000,
0000,
0000,
0000,
0000,
0000,
0000,
0000,
0000,
0000,
0000,
0000,
0000,
0000,
0005,
5554,
0015,
5555,
5500,
0000,
0000,
0000,
0000,
0000,
0015,
5555,
5555,
5555,
5555,
5555,
5555,
5555,
5555,
5555,
AAAA,
AAA9,
5555,
5555,
5556,
4000,
0055,
555A,
AAAA,
AAAA,
956A,
AAAA,
5555,
6555,
5555,
A950,
0000,
0000,
0000,
0000,
0000,
0000,
0000,
0000,
0000,
0000,
0000,
0000,
0000,
0000,
0000,
0000,
0000,
0000,
0000,
0000,
0000,
0000,
0000,
0000,
0000,
0000,
0000,
0000,
0000,
0000,
0000,
0000,
0000,
0000,
0000,
0000,
0000,
0000,
0000,
0000,
0000,
0000,
0000,
0001,
5000,
0000,
0000,
0555,
5554,
0000,
0000,
0000,
0000,
0000,
0001,
5555,
5555,
5555,
5555,
5555,
5555,
5555,
5555,
556A,
AAAA,
AAAA,
A955,
5555,
5555,
4000,
0055,
5555,
5555,
5AA9,
5555,
56AA,
9955,
AAAA,
AAAA,
A550,
0000,
0000,
0000,
0000,
0000,
0000,
0000,
0000,
0000,
0000,
0000,
0000,
0000,
0000,
0000,
0000,
0000,
0000,
0000,
0000,
0000,
0000,
0000,
0000,
0000,
0000,
0000,
0000,
0000,
0000,
0000,
0000,
0000,
0000,
0000,
0000,
0000,
0000,
0000,
0000,
0000,
0000,
0000,
0005,
4000,
0000,
0000,
0000,
1555,
5500,
0000,
0000,
0000,
0000,
0000,
5555,
5555,
5555,
5555,
5555,
5555,
5555,
5555,
56AA,
AAAA,
AAAA,
AA55,
5555,
5555,
4000,
0055,
5554,
0055,
5555,
5555,
56A9,
5955,
6955,
5555,
5550,
0000,
0000,
0000,
0000,
0000,
0000,
0000,
0000,
0000,
0000,
0000,
0000,
0000,
0000,
0000,
0000,
0000,
0000,
0000,
0000,
0000,
0000,
0000,
0000,
0000,
0000,
0000,
0000,
0000,
0000,
0000,
0000,
0000,
0000,
0000,
0000,
0000,
0000,
0000,
0000,
0000,
0000,
0000,
0000,
0000,
0000,
0000,
0000,
0055,
5540,
0000,
0000,
0000,
0000,
0000,
1555,
5555,
5555,
5555,
5555,
5555,
5555,
5555,
6AAA,
AAAA,
AAAA,
AA55,
5555,
5556,
4000,
005A,
A554,
0055,
56A5,
5555,
56A5,
5555,
5555,
5500,
0154,
0000,
0000,
0000,
0000,
0000,
0000,
0000,
0000,
0000,
0000,
0000,
0000,
0000,
0000,
0000,
0000,
0000,
0000,
0000,
0000,
0000,
0000,
0000,
0000,
0000,
0000,
0000,
0000,
0000,
0000,
0000,
0000,
0000,
0000,
0000,
0000,
0000,
0000,
0000,
0000,
0000,
0000,
0000,
0000,
0000,
0000,
0000,
0000,
0001,
5554,
0000,
0000,
0000,
0000,
0000,
0555,
5555,
5555,
5555,
5555,
5555,
5555,
5555,
AAAA,
AAAA,
AAAA,
5555,
5555,
555A,
4000,
005A,
A955,
555A,
AAAA,
9555,
6AA5,
5555,
A950,
0000,
0154,
0000,
0000,
0000,
0000,
0000,
0000,
0000,
0000,
0000,
0000,
0000,
0000,
0000,
0000,
0000,
0000,
0000,
0000,
0000,
0000,
0000,
0000,
0000,
0000,
0000,
0000,
0000,
0000,
0000,
0000,
0000,
0000,
0000,
0000,
0000,
0000,
0000,
0000,
0000,
0000,
0000,
0000,
0000,
0000,
0000,
0000,
0000,
0000,
0000,
5554,
5000,
0000,
0000,
0000,
0000,
0055,
5555,
5555,
5555,
5555,
5555,
5555,
5696,
AAAA,
AAAA,
5555,
5555,
5555,
555A,
4000,
006B,
FAAA,
AAAA,
AAAA,
9595,
AAA5,
556A,
AA95,
4000,
0154,
0000,
0000,
0000,
0000,
0000,
0000,
0000,
0000,
0000,
0000,
0000,
0000,
0000,
0000,
0000,
0000,
0000,
0000,
0000,
0000,
0000,
0000,
0000,
0000,
0000,
0000,
0000,
0000,
0000,
0000,
0000,
0000,
0000,
0000,
0000,
0000,
0000,
0000,
0000,
0000,
0000,
0000,
0000,
0000,
0000,
0000,
0000,
0000,
0000,
0014,
5540,
0000,
0000,
0000,
0000,
0055,
5555,
5555,
5555,
5555,
5555,
5555,
5555,
5555,
5555,
5555,
5555,
5555,
555A,
4000,
001B,
FAAA,
AAA9,
5555,
56A5,
AA95,
55AA,
AAAA,
9550,
0554,
0000,
0000,
0000,
0000,
0000,
0000,
0000,
0000,
0000,
0000,
0000,
0000,
0000,
0000,
0000,
0000,
0000,
0000,
0000,
0000,
0000,
0000,
0000,
0000,
0000,
0000,
0000,
0000,
0000,
0000,
0000,
0000,
0000,
0000,
0000,
0000,
0000,
0000,
0000,
0000,
0000,
0000,
0000,
0000,
0000,
0000,
0000,
0000,
0000,
0000,
5550,
0000,
0000,
0000,
0000,
0015,
5555,
5555,
5555,
5555,
5555,
5555,
5555,
5555,
5555,
5555,
5555,
5500,
555A,
5000,
001A,
AAAA,
5555,
5556,
9555,
6A55,
556A,
A5AA,
AAA5,
5554,
0000,
0000,
0000,
0000,
0000,
0000,
0000,
0000,
0000,
0000,
0000,
0000,
0000,
0000,
0000,
0000,
0000,
0000,
0000,
0000,
0000,
0000,
0000,
0000,
0000,
0000,
0000,
0000,
0000,
0000,
0000,
0000,
0000,
0000,
0000,
0000,
0000,
0000,
0000,
0000,
0000,
0000,
0000,
0000,
0000,
0000,
0000,
0000,
0000,
0000,
4555,
4000,
0000,
0000,
0000,
0005,
5555,
5555,
5555,
5555,
5555,
5555,
5555,
5555,
5555,
5555,
5554,
1401,
1555,
5000,
0015,
5555,
5500,
056A,
A555,
5555,
A56A,
A555,
6AAA,
AA94,
0000,
0000,
0000,
0000,
0000,
0000,
0000,
0000,
0000,
0000,
0000,
0000,
0000,
0000,
0000,
0000,
0000,
0000,
0000,
0000,
0000,
0000,
0000,
0000,
0000,
0000,
0000,
0000,
0000,
0000,
0000,
0000,
0000,
0000,
0000,
0000,
0000,
0000,
0000,
0000,
0000,
0000,
0000,
0000,
0000,
0000,
0000,
0000,
0000,
0000,
0155,
5000,
0000,
0000,
0000,
0001,
5555,
5555,
5555,
5555,
5555,
5555,
5555,
5555,
5555,
5555,
5554,
0005,
55AA,
5000,
0005,
5555,
5000,
5695,
AAAA,
AAA5,
A5AA,
A955,
555A,
AA94,
0000,
0000,
0000,
0000,
0000,
0000,
0000,
0000,
0000,
0000,
0000,
0000,
0000,
0000,
0000,
0000,
0000,
0000,
0000,
0000,
0000,
0000,
0000,
0000,
0000,
0000,
0000,
0000,
0000,
0000,
0000,
0000,
0000,
0000,
0000,
0000,
0000,
0000,
0000,
0000,
0000,
0000,
0000,
0000,
0000,
0000,
0000,
0000,
0000,
0000,
0055,
5400,
0000,
0000,
0000,
0000,
0555,
5555,
5555,
5555,
5555,
5555,
5555,
5555,
5555,
5555,
5400,
0005,
55AA,
5400,
0005,
A955,
5015,
A951,
6AFF,
FAAA,
55AA,
AA94,
0015,
5554,
0000,
0000,
0000,
0000,
0000,
0000,
0000,
0000,
0000,
0000,
0000,
0000,
0000,
0000,
0000,
0000,
0000,
0000,
0000,
0000,
0000,
0000,
0000,
0000,
0000,
0000,
0000,
0000,
0000,
0000,
0000,
0000,
0000,
0000,
0000,
0000,
0000,
0000,
0000,
0000,
0000,
0000,
0000,
0000,
0000,
0000,
0000,
0000,
0000,
0000,
0015,
5540,
0000,
0000,
0000,
0000,
0015,
5555,
5555,
5555,
5555,
5555,
5555,
5555,
5555,
5405,
4000,
0001,
56AA,
5400,
0005,
AA55,
556A,
5401,
AAFF,
FFAA,
A5AA,
AAA5,
4000,
1594,
0000,
0000,
0000,
0000,
0000,
0000,
0000,
0000,
0000,
0000,
0000,
0000,
0000,
0000,
0000,
0000,
0000,
0000,
0000,
0000,
0000,
0000,
0000,
0000,
0000,
0000,
0000,
0000,
0000,
0000,
0000,
0000,
0000,
0000,
0000,
0000,
0000,
0000,
0000,
0000,
0000,
0000,
0000,
0000,
0000,
0015,
5555,
0000,
0000,
0000,
0000,
1554,
0000,
0000,
0000,
0000,
0005,
5555,
5555,
5555,
5555,
5555,
5555,
5555,
4000,
0001,
4000,
0005,
56AA,
5400,
0001,
AA95,
5AA5,
4006,
AAFF,
FFAA,
AAAA,
56AA,
5400,
1594,
0000,
0000,
0000,
0000,
0000,
0000,
0000,
0000,
0000,
0000,
0000,
0000,
0000,
0000,
0000,
0000,
0000,
0000,
0000,
0000,
0000,
0000,
0000,
0000,
0000,
0000,
0000,
0000,
0000,
0000,
0000,
0000,
0000,
0000,
0000,
0000,
0000,
0000,
0000,
0000,
0000,
0000,
0000,
0000,
0001,
5556,
9955,
5550,
0000,
0000,
0000,
1555,
0000,
0000,
0000,
0000,
0005,
5555,
5555,
5555,
5555,
5555,
5550,
0100,
0000,
0000,
0000,
0005,
56A5,
5400,
0001,
6AAA,
AA55,
001A,
56FF,
FFAA,
AAAA,
956A,
A540,
5594,
0000,
0000,
0000,
0000,
0000,
0000,
0000,
0000,
0000,
0000,
0000,
0000,
0000,
0000,
0000,
0000,
0000,
0000,
0000,
0000,
0000,
0000,
0000,
0000,
0000,
0000,
0000,
0000,
0000,
0000,
0000,
0000,
0000,
0000,
0000,
0000,
0000,
0000,
0000,
0000,
0000,
0000,
0000,
0000,
0155,
AAAA,
AAAA,
AA55,
5000,
0000,
0000,
0055,
4000,
0000,
0000,
0000,
0005,
5555,
5555,
5555,
5555,
5555,
5554,
0000,
0000,
0000,
0000,
0005,
5556,
5500,
0000,
6AAA,
9554,
0069,
46BA,
FFAA,
AA6A,
A55A,
AA55,
5694,
0000,
0000,
0000,
0000,
0000,
0000,
0000,
0000,
0000,
0000,
0000,
0000,
0000,
0000,
0000,
0000,
0000,
0000,
0000,
0000,
0000,
0000,
0000,
0000,
0000,
0000,
0000,
0000,
0000,
0000,
0000,
0000,
0000,
0000,
0000,
0000,
0000,
0000,
0000,
0000,
0000,
0000,
0000,
0000,
55AA,
AAAA,
9555,
5A6A,
9540,
0000,
0000,
0015,
5000,
0000,
0000,
0000,
0000,
1555,
5555,
5555,
5555,
5555,
5554,
0000,
0000,
0000,
0000,
0005,
556A,
5540,
0000,
5AAA,
5415,
0555,
06A6,
BAAA,
5A96,
A955,
AAA9,
5A94,
0000,
0000,
0000,
0000,
0000,
0000,
0000,
0000,
0000,
0000,
0000,
0000,
0000,
0000,
0000,
0000,
0000,
0000,
0000,
0000,
0000,
0000,
0000,
0000,
0000,
0000,
0000,
0000,
0000,
0000,
0000,
0000,
0000,
0000,
0000,
0000,
0000,
0000,
0000,
0000,
0000,
0000,
0000,
0015,
6AA5,
55AA,
9415,
5555,
AA95,
0000,
0000,
0005,
5500,
0000,
0000,
0000,
0000,
0555,
5555,
5555,
5555,
5555,
5554,
0000,
0000,
0000,
0000,
0015,
56AA,
5550,
0000,
1AAA,
5405,
5654,
16A5,
A95A,
5695,
A955,
5AAA,
AA90,
0000,
0000,
0000,
0000,
0000,
0000,
0000,
0000,
0050,
0000,
0000,
0000,
0000,
0000,
0000,
0000,
0000,
0000,
0000,
0000,
0000,
0000,
0000,
0000,
0000,
0000,
0000,
0000,
0000,
0000,
0000,
0000,
0000,
0000,
0000,
0000,
0000,
0000,
0000,
0000,
0000,
0000,
0000,
015A,
AA55,
016A,
9000,
1655,
56A9,
5000,
0000,
0001,
5500,
0000,
0000,
0000,
0000,
0555,
5555,
5555,
5555,
5555,
5554,
0000,
0000,
0000,
0000,
0055,
6AAA,
5550,
0000,
16AA,
9415,
5950,
1A91,
A95A,
4595,
6A50,
156A,
AE90,
0000,
0000,
0000,
0000,
0000,
0000,
0000,
0000,
0054,
5550,
0000,
0000,
0000,
0000,
0000,
0000,
0000,
0000,
0000,
0000,
0000,
0000,
0000,
0000,
0000,
0000,
0000,
0000,
0000,
0000,
0000,
0000,
0000,
0000,
0000,
0000,
0000,
0000,
0000,
0000,
0000,
0000,
0000,
056A,
AA50,
016A,
9000,
1A50,
155A,
9500,
0000,
0000,
1550,
0000,
0000,
0000,
0000,
0005,
5555,
5555,
5555,
5555,
5555,
0000,
0000,
0000,
0000,
0055,
AAAA,
5554,
0000,
06AA,
A455,
6540,
5A51,
A915,
41A5,
5AA5,
015A,
AE50,
0000,
0000,
0000,
0000,
0000,
0000,
0000,
0000,
0000,
0155,
5555,
0000,
0000,
0000,
0000,
0000,
0000,
0000,
0000,
0000,
0000,
0000,
0000,
0000,
0000,
0000,
0000,
0000,
0000,
0000,
0000,
0000,
0000,
0000,
0000,
0000,
0000,
0000,
0000,
0000,
0000,
0000,
0000,
5696,
AA50,
006A,
9000,
1A40,
0055,
AA50,
0000,
0000,
0550,
0000,
0000,
0000,
0000,
0000,
0015,
5555,
5555,
5555,
5555,
0000,
0000,
0000,
0000,
0155,
6AAA,
5554,
0000,
01AF,
A955,
5550,
5A41,
A505,
4065,
16A9,
4155,
AA40,
0000,
0000,
0000,
0000,
0000,
0000,
0000,
0000,
0000,
0000,
0055,
5555,
4000,
0000,
0000,
0000,
0000,
0000,
0000,
0000,
0000,
0000,
0000,
0000,
0000,
0000,
0000,
0000,
0000,
0000,
0000,
0000,
0000,
0000,
0000,
0000,
0000,
0000,
0000,
0000,
0000,
0000,
0005,
6A55,
AA90,
006A,
9000,
5A40,
0015,
5694,
0000,
0000,
0154,
0000,
0000,
0000,
0000,
0000,
0015,
5555,
5555,
5555,
5654,
0000,
0000,
0000,
0000,
0155,
5555,
5555,
0000,
006B,
FAA9,
5AA5,
6941,
A405,
4059,
05AA,
5555,
5540,
0000,
0000,
0000,
0000,
0000,
0000,
0000,
0000,
0000,
0000,
0000,
0015,
5555,
4000,
0000,
0000,
0000,
0000,
0000,
0000,
0000,
0000,
0000,
0000,
0000,
0000,
0000,
0000,
0000,
0000,
0000,
0000,
0000,
0000,
0000,
0000,
0000,
0000,
0000,
0000,
0000,
0000,
0015,
A541,
AA90,
006A,
9000,
5A40,
0015,
55A9,
4000,
0000,
0155,
0000,
0000,
0000,
0000,
0000,
0005,
5555,
5555,
5555,
5554,
0000,
0000,
0000,
0000,
0155,
5555,
5555,
4000,
005A,
FFA9,
5AA9,
A501,
A405,
501A,
415A,
955A,
9500,
0000,
0000,
0000,
0000,
0000,
0000,
0000,
0000,
0000,
0000,
0000,
0000,
0005,
5555,
4000,
0000,
0000,
0000,
0000,
0000,
0000,
0000,
0000,
0000,
0000,
0000,
0000,
0000,
0000,
0000,
0000,
0000,
0000,
0000,
0000,
0000,
0000,
0000,
0000,
0000,
0000,
0000,
005A,
5500,
6AA4,
005A,
9000,
6A40,
001A,
955A,
5000,
0000,
0005,
4000,
0000,
0000,
0000,
0000,
0005,
5555,
6955,
5555,
5540,
0000,
0000,
0000,
0000,
0555,
AAA5,
5555,
5000,
0016,
FFE9,
6AAA,
9505,
9405,
5006,
5056,
AAAA,
A500,
0000,
0000,
0000,
0000,
0000,
0000,
0000,
0000,
0000,
0000,
0000,
0000,
0000,
0001,
5555,
5550,
0000,
0000,
0000,
0000,
0000,
0000,
0000,
0000,
0000,
0000,
0000,
0000,
0000,
0000,
0000,
0000,
0000,
0000,
0000,
0000,
0000,
0000,
0000,
0000,
0000,
0000,
0569,
5400,
5AA4,
001A,
9000,
6940,
005A,
5055,
A500,
0000,
0005,
5000,
0000,
0000,
0000,
0000,
0005,
5555,
5555,
5555,
0000,
0000,
0000,
0000,
0000,
1555,
AAAA,
5555,
5000,
0005,
BFEA,
AAAA,
9415,
9401,
5005,
9415,
AABE,
9400,
0000,
0000,
0000,
0000,
0000,
0000,
0000,
0000,
0000,
0000,
0000,
0000,
0000,
0000,
0000,
5555,
5555,
0000,
0000,
0000,
0000,
0000,
0000,
0000,
0000,
0000,
0000,
0000,
0000,
0000,
0000,
0000,
0000,
0000,
0000,
0000,
0000,
0000,
0000,
0000,
0000,
0000,
159A,
9400,
1AA9,
001A,
9000,
6900,
016A,
4015,
6940,
0000,
0005,
5400,
0000,
0000,
0000,
0000,
0000,
1555,
5000,
0000,
0000,
0000,
0000,
0000,
0000,
5555,
AAAA,
5555,
5400,
0001,
6FFF,
AAAA,
5556,
9405,
5405,
6515,
6AFE,
9000,
0000,
0000,
0000,
0000,
0000,
0000,
0000,
0000,
0000,
0000,
0000,
0000,
0000,
0000,
0000,
0000,
0555,
5555,
5400,
0000,
0000,
0000,
0000,
0000,
0000,
0000,
0000,
0000,
0000,
0000,
0000,
0000,
0000,
0000,
0000,
0000,
0000,
0000,
0000,
0000,
0000,
0000,
569A,
A400,
16A9,
001A,
9401,
6900,
01A9,
0005,
5650,
0000,
0001,
5500,
0000,
0000,
0000,
0000,
0000,
0000,
0000,
0000,
0000,
0000,
0000,
0000,
0000,
55AA,
96AA,
5555,
5500,
0000,
5BFF,
FEAA,
55AA,
5415,
5415,
5555,
5ABE,
5000,
0000,
0000,
0000,
0000,
0000,
0000,
0000,
0000,
0000,
0000,
0000,
0000,
0000,
0000,
0000,
0000,
0000,
0555,
5555,
5554,
0000,
0000,
0000,
0000,
0000,
0000,
0000,
0000,
0000,
0000,
0000,
0000,
0000,
0000,
0000,
0000,
0000,
0000,
0000,
0000,
0000,
0001,
555A,
A900,
06AA,
401A,
A401,
A900,
05A5,
0001,
5AA4,
0000,
0000,
1540,
0000,
0000,
0000,
0000,
0000,
0000,
0000,
0000,
0000,
0000,
0000,
0000,
0001,
56AA,
96A5,
5555,
5540,
0000,
06FF,
FFA5,
55AA,
5555,
5555,
5556,
A9A9,
4000,
0000,
0000,
0000,
0000,
0000,
0000,
0000,
0000,
0000,
0000,
0000,
0000,
0000,
0000,
0000,
0000,
0000,
0000,
0055,
5555,
5555,
5000,
0000,
0000,
0000,
0000,
0000,
0000,
0000,
0000,
0000,
0000,
0000,
0000,
0000,
0000,
0000,
0000,
0000,
0000,
0000,
0005,
A955,
AA40,
01AA,
4016,
A401,
A500,
16A4,
0005,
6AA9,
4000,
0000,
5550,
0000,
0000,
0000,
0000,
0000,
0000,
0000,
0000,
0000,
0000,
0000,
0000,
0005,
69AA,
9555,
5555,
5550,
0000,
016F,
FFA5,
55A5,
555A,
5559,
6AAA,
AA54,
0000,
0000,
0000,
0000,
0000,
0000,
0000,
0000,
0000,
0000,
0000,
0000,
0000,
0000,
0000,
0000,
0000,
0000,
0000,
0000,
0005,
5555,
5555,
5540,
0000,
0000,
0000,
0000,
0000,
0000,
0000,
0000,
0000,
0000,
0000,
0000,
0000,
0000,
0000,
0000,
0000,
0000,
0015,
A940,
6A90,
016A,
9016,
A405,
A400,
5A90,
0005,
6AAA,
4000,
0000,
1554,
0000,
0000,
0000,
0000,
0000,
0000,
0000,
0000,
0000,
0000,
0000,
0000,
0015,
6AA5,
5555,
5555,
5554,
0000,
005A,
FF95,
6A95,
556A,
555A,
AAAF,
EA50,
0000,
0000,
0000,
0000,
0000,
0000,
0000,
0000,
0000,
0000,
0000,
0000,
0000,
0000,
0000,
0000,
0000,
0000,
0000,
0000,
0000,
0000,
0555,
5555,
5555,
5500,
0000,
0000,
0000,
0000,
0000,
0000,
0000,
0000,
0000,
0000,
0000,
0000,
0000,
0000,
0000,
0000,
0056,
A500,
1AA4,
006A,
9416,
A505,
A400,
5A50,
0016,
AAAA,
9000,
0000,
0554,
0000,
0000,
0000,
0000,
0000,
0000,
0000,
0000,
0000,
0000,
0000,
0000,
0055,
5655,
555A,
5555,
5555,
0000,
0005,
BE95,
AEA5,
556A,
55AA,
AABF,
A940,
0000,
0000,
0000,
0000,
0000,
0000,
0000,
0000,
0000,
0000,
0000,
0000,
0000,
0000,
0000,
0000,
0000,
0000,
0000,
0000,
0000,
0000,
0000,
0015,
5555,
5555,
5555,
5555,
5555,
5555,
5400,
0000,
0000,
0000,
0000,
0000,
0000,
0000,
0000,
0000,
0000,
0000,
005A,
A500,
16A9,
005A,
A406,
A515,
A401,
6A40,
005A,
AAAA,
A400,
0000,
0154,
0000,
0000,
0000,
0000,
0000,
0000,
0000,
0000,
0000,
0000,
0000,
0000,
0155,
5555,
55AA,
5555,
5555,
5000,
0001,
5A56,
BFE9,
56AA,
AAAB,
FEBE,
A500,
0000,
0000,
0000,
0000,
0000,
0000,
0000,
0000,
0000,
0000,
0000,
0000,
0000,
0000,
0000,
0000,
0000,
0000,
0000,
0000,
0000,
0000,
0000,
0000,
0000,
1555,
5555,
5555,
5555,
5555,
5000,
0000,
0000,
0000,
0000,
0000,
0000,
0000,
0000,
0000,
0000,
0000,
016A,
9500,
05AA,
5016,
A506,
A556,
9405,
A900,
056A,
AA55,
6500,
0000,
0155,
0000,
0000,
0000,
0000,
0000,
0000,
0000,
0000,
0000,
0000,
0000,
0000,
1555,
5556,
AAAA,
5555,
5555,
5400,
0000,
1556,
FFE9,
5AAB,
AAFF,
FFAA,
5400,
0000,
0000,
0000,
0000,
0000,
0000,
0000,
0000,
0000,
0000,
0000,
0000,
0000,
0000,
0000,
0000,
0000,
0000,
0000,
0000,
0000,
0000,
0000,
0000,
0000,
0000,
0000,
0005,
5555,
0000,
0000,
0000,
0000,
0000,
0000,
0000,
0000,
0000,
0000,
0000,
0000,
0000,
05AA,
A500,
016A,
9406,
A955,
AA96,
9416,
A400,
16AA,
A955,
5940,
0000,
0055,
0000,
0000,
0000,
0000,
0000,
0055,
4400,
0000,
0000,
0000,
0000,
0000,
5555,
5555,
AAAA,
5555,
5555,
5400,
0000,
0056,
BFE9,
6BFF,
FFFF,
FEA5,
4000,
0000,
0000,
0000,
0000,
0000,
0000,
0000,
0000,
0000,
0000,
0000,
0000,
0000,
0000,
0000,
0000,
0000,
0000,
0000,
0000,
0000,
0000,
0000,
0000,
0000,
0000,
0000,
0000,
0000,
0000,
0000,
0000,
0000,
0000,
0000,
0000,
0000,
0000,
0000,
0000,
0000,
0000,
05AA,
A940,
005A,
A505,
AA6A,
5AAA,
A556,
9401,
5AAA,
9405,
5640,
0000,
0015,
0000,
0000,
0000,
0015,
0005,
4055,
5555,
5555,
4054,
1400,
0000,
0001,
5555,
5955,
56AA,
5555,
5555,
5500,
0000,
0005,
6AA5,
6BFF,
FFFF,
AA54,
0000,
0000,
0000,
0000,
0000,
0000,
0000,
0000,
0000,
0000,
0000,
0000,
0000,
0000,
0000,
0000,
0000,
0000,
0000,
0000,
0000,
0000,
0000,
0000,
0000,
0000,
0000,
0000,
0000,
0000,
0000,
0000,
0000,
0000,
0000,
0000,
0000,
0000,
0000,
0000,
0000,
0000,
0000,
16AA,
AA94,
0005,
A945,
AAAA,
5AEA,
AA5A,
9405,
6AAA,
5001,
5650,
0000,
0015,
4000,
0000,
0000,
0055,
0155,
5555,
5555,
5555,
5555,
0400,
0000,
0005,
5555,
5555,
5555,
5555,
5555,
5550,
0000,
0000,
5555,
6BFF,
FAAA,
9540,
0000,
0000,
0000,
0000,
0000,
0540,
0000,
0000,
0000,
0000,
0000,
0000,
0000,
0000,
0000,
0000,
0000,
0000,
0000,
0000,
0000,
0000,
0000,
0000,
0000,
0000,
0000,
0000,
0000,
0000,
0000,
0000,
0000,
0000,
0000,
0000,
0000,
0000,
0000,
0000,
0000,
0000,
0000,
1AA6,
AAA9,
5001,
6A95,
AAAA,
5AEA,
BFAA,
5056,
AAA5,
0001,
5694,
0000,
0015,
4000,
0000,
0000,
1555,
5555,
5555,
5555,
5555,
5555,
5000,
0000,
0055,
5555,
5555,
5555,
5555,
5555,
5550,
0000,
0000,
0005,
5AAA,
AA55,
5000,
0000,
0000,
0000,
0000,
0055,
5540,
0000,
0005,
5414,
0000,
0000,
0000,
0000,
0000,
0000,
0000,
0000,
0000,
0000,
0000,
0000,
0000,
0000,
0000,
0000,
0000,
0000,
0000,
0000,
0000,
0000,
0000,
0000,
0000,
0000,
0000,
0000,
0000,
0000,
0000,
0000,
0000,
0000,
5AA5,
5AAA,
9500,
5AAA,
AAAA,
56AA,
BFAA,
955A,
AA54,
0015,
6AA4,
0000,
0005,
4000,
0000,
0000,
5555,
5555,
5555,
5555,
5555,
5555,
0000,
0000,
0555,
5555,
5555,
5555,
5555,
5555,
5554,
0000,
0000,
0000,
1555,
5540,
0000,
0000,
0000,
0000,
0000,
0555,
5550,
1555,
5555,
5554,
0000,
0000,
0000,
0000,
0000,
0000,
0000,
0000,
0000,
0000,
0000,
0000,
0000,
0000,
0000,
0000,
0000,
0000,
0000,
0000,
0000,
0000,
0000,
0000,
0000,
0000,
0000,
0000,
0000,
0000,
0000,
0000,
0000,
0000,
6AA5,
05AA,
A940,
16AA,
A5AA,
56A6,
AEAA,
A5AA,
A940,
0155,
AAA9,
0000,
0005,
5000,
0000,
0000,
5555,
5555,
5555,
5555,
5555,
5554,
0000,
0000,
5555,
5655,
5555,
556A,
5555,
5555,
5555,
5400,
0000,
0000,
0000,
0000,
0000,
0000,
0000,
0000,
0015,
5555,
5550,
5555,
5555,
5554,
0000,
0000,
0000,
0000,
0000,
0000,
0000,
0000,
0000,
0000,
0000,
0000,
0000,
0000,
0000,
0000,
0000,
0000,
0000,
0000,
0000,
0000,
0000,
0000,
0000,
0000,
0000,
0000,
0000,
0000,
0000,
0000,
0000,
0001,
6AA5,
005A,
AA95,
05AA,
A569,
5555,
AA6B,
AAAA,
5500,
156A,
AAA9,
0000,
0005,
5000,
0000,
0000,
5555,
5555,
5555,
5555,
5555,
5400,
0000,
0000,
5555,
5555,
5555,
556A,
5555,
5555,
5555,
5540,
0000,
0000,
0000,
0000,
0000,
0000,
0000,
0000,
0055,
5555,
5555,
5555,
5555,
5555,
0000,
0000,
0000,
0000,
0000,
0000,
0000,
0000,
0000,
0000,
0000,
0000,
0000,
0000,
0000,
0000,
0000,
0000,
0000,
0000,
0000,
0000,
0000,
0000,
0000,
0000,
0000,
0000,
0000,
0000,
0000,
0000,
0000,
0001,
AAA5,
0015,
AAAA,
56AA,
A555,
5555,
556B,
AAA5,
5405,
5AAA,
AAAA,
4000,
0005,
5400,
0000,
0001,
5555,
5555,
5555,
5555,
5554,
0000,
0000,
0015,
5555,
5555,
5555,
55AA,
5555,
5555,
5555,
5550,
0000,
0000,
0000,
0000,
0000,
0000,
0000,
0015,
4155,
5555,
5555,
5555,
5555,
5555,
0000,
1555,
4050,
0000,
0000,
0000,
0000,
0000,
0000,
0000,
0000,
0000,
0000,
0000,
0000,
0000,
0000,
0000,
0000,
0000,
0000,
0000,
0000,
0000,
0000,
0000,
0000,
0000,
0000,
0000,
0000,
0000,
0000,
0005,
AAA9,
0001,
5AAA,
AAAA,
A555,
595A,
956A,
AA95,
5555,
AAAA,
AAAA,
4000,
0005,
5400,
0000,
0001,
5555,
5555,
5555,
5555,
5400,
0000,
0000,
0055,
5555,
5555,
5555,
6AA9,
5555,
5555,
5555,
5555,
0000,
0000,
0000,
0000,
0000,
0000,
0000,
5555,
5155,
5555,
5555,
5555,
5555,
5555,
4055,
5555,
5555,
5000,
0000,
0000,
0000,
0000,
0000,
0000,
0000,
0000,
0000,
0000,
0000,
0000,
0000,
0000,
0000,
0000,
0000,
0000,
0000,
0000,
0000,
0000,
0000,
0000,
0000,
0000,
0000,
0000,
0000,
0005,
AEA9,
4000,
05AA,
AFEA,
A55A,
AA5A,
A55A,
9655,
556A,
AAAA,
A555,
4000,
0005,
5400,
0000,
0001,
5555,
5555,
5555,
5555,
5000,
0000,
0000,
0155,
5555,
5555,
5555,
6A95,
56A9,
5555,
5555,
5555,
5400,
0000,
0000,
0000,
0000,
0000,
0055,
5555,
5155,
5555,
5555,
5555,
5555,
5555,
5155,
5555,
5555,
5400,
0001,
0054,
0000,
0000,
0000,
0000,
0000,
0000,
0000,
0000,
0000,
0000,
0000,
0000,
0000,
0000,
0000,
0000,
0000,
0000,
0000,
0000,
0000,
0000,
0000,
0000,
0000,
0000,
0000,
0006,
BFAA,
5540,
0056,
AAEA,
A5AA,
AA9A,
9555,
5AA5,
6AAA,
AAA9,
5555,
5000,
0005,
5400,
0000,
0000,
5555,
5555,
5555,
5410,
0000,
0000,
0001,
5555,
5555,
5555,
5555,
5555,
56A5,
5555,
5555,
5555,
5540,
0000,
0000,
0000,
0000,
0001,
5555,
5555,
5555,
5555,
5555,
5555,
5555,
5555,
5055,
5555,
5555,
5501,
5555,
5555,
5400,
0000,
0000,
0000,
0000,
0000,
0000,
0000,
0000,
0000,
0000,
0000,
0000,
0000,
0000,
0000,
0000,
0000,
0000,
0000,
0000,
0000,
0000,
0000,
0000,
0000,
0000,
0006,
BFEA,
A955,
5015,
AAAA,
A9AA,
FF95,
5555,
6AAA,
AAAA,
A955,
0055,
5000,
0000,
5400,
0000,
0000,
5555,
5555,
5540,
0000,
0000,
0000,
0005,
5555,
5555,
5555,
5655,
5555,
5555,
5555,
5555,
5555,
5555,
0000,
0000,
0000,
0000,
0555,
5555,
5555,
5555,
5555,
5555,
5555,
5555,
5555,
5455,
5555,
5555,
5541,
5555,
5555,
5554,
0140,
0000,
0000,
4000,
0000,
0000,
0000,
0000,
0000,
0000,
0000,
0000,
0000,
0000,
0000,
0000,
0000,
0000,
0000,
0000,
0000,
0000,
0000,
0000,
0000,
0000,
0006,
AAFE,
AAAA,
A555,
AAA5,
6AAB,
FFAA,
AA55,
6AAA,
AAA9,
5500,
0055,
5000,
0000,
5500,
0000,
0000,
5555,
5555,
4000,
0000,
0000,
0000,
4055,
5555,
5555,
5555,
5A55,
5556,
5555,
6A95,
5555,
5555,
5555,
5000,
0000,
0000,
5555,
5555,
5555,
5555,
5555,
5555,
5555,
5555,
5555,
5555,
5555,
5555,
5555,
5541,
5555,
5555,
5555,
0000,
0555,
5555,
5000,
0000,
0000,
0000,
0000,
0000,
0000,
0000,
0000,
0000,
0000,
0000,
0000,
0000,
0000,
0000,
0000,
0000,
0000,
0000,
0000,
0000,
0000,
0016,
AAAA,
FFEA,
AAAA,
AAA5,
AA6F,
FFEA,
FE95,
5AAA,
AA55,
4000,
0055,
5400,
0000,
5500,
0000,
0000,
5555,
5540,
0000,
0000,
0000,
0005,
5555,
5555,
5555,
5555,
5555,
5556,
5555,
AAA5,
5555,
5555,
5555,
5555,
5555,
5555,
5555,
5555,
5555,
5555,
5555,
5555,
5555,
5555,
5555,
5555,
5555,
5555,
5555,
5540,
5555,
5555,
5555,
4000,
5555,
5555,
5000,
0000,
0000,
0000,
0000,
0000,
0000,
0000,
0000,
0000,
0000,
0000,
0000,
0000,
0000,
0000,
0000,
0000,
0000,
0000,
0000,
0000,
0000,
0016,
AAAA,
AAAB,
FFFF,
BFA6,
AA6B,
FFFF,
FE95,
55A9,
5554,
0000,
5555,
5400,
0000,
5500,
0000,
0000,
1550,
0000,
0000,
0000,
0000,
0155,
5555,
5555,
5555,
5555,
5555,
5AAA,
5555,
AA95,
5555,
5555,
5555,
5555,
5555,
5555,
5555,
5555,
5555,
5555,
5555,
5555,
5555,
5555,
5555,
5555,
5555,
5555,
5555,
5555,
4155,
5555,
5555,
4155,
5555,
5555,
5400,
0000,
0150,
0000,
0000,
5000,
0000,
0000,
0000,
0000,
0000,
0000,
0000,
0000,
0000,
0000,
0000,
0000,
0000,
0000,
0000,
0000,
0000,
0016,
AA95,
6AAA,
AAAA,
BEA5,
A96A,
AFFF,
FFA5,
55AA,
5554,
5555,
5AA9,
6400,
0000,
5500,
0000,
0000,
0000,
0000,
0000,
0000,
0000,
5555,
5555,
5555,
5555,
5555,
5556,
AAAA,
5555,
6955,
5555,
5555,
5555,
5555,
5555,
5555,
5555,
5555,
5555,
5555,
5555,
5555,
5555,
5555,
5555,
5555,
5555,
5555,
5555,
5555,
5555,
5555,
5555,
4155,
5555,
5555,
5500,
0000,
0550,
0000,
0004,
0000,
0000,
5414,
0000,
0000,
0000,
0000,
0000,
0000,
0000,
0000,
0000,
0000,
0000,
0000,
0000,
0000,
0000,
001A,
A955,
5555,
AAAA,
AAA5,
555A,
AABA,
BFA9,
59AA,
AAAA,
AAAA,
AAA9,
6400,
0000,
1500,
0000,
0000,
0000,
0000,
0000,
0000,
0055,
5555,
5555,
5555,
5555,
5695,
5555,
6AA9,
5555,
5555,
5555,
5555,
5555,
5555,
5555,
5555,
5555,
5555,
5559,
5695,
5555,
5555,
5555,
5555,
5555,
5555,
5555,
5555,
5555,
5555,
5555,
5555,
5555,
4015,
5555,
5555,
5500,
1555,
5550,
0555,
0015,
0000,
5005,
5410,
0000,
0000,
0000,
0000,
0000,
0000,
0000,
0000,
0000,
0000,
0000,
0000,
0000,
0000,
0000,
001A,
AA94,
0005,
5566,
AAAA,
A55A,
AAAA,
AAA9,
55AA,
AAAA,
AAAA,
AAAA,
6500,
0000,
1540,
0000,
0000,
0000,
0000,
0000,
0000,
0055,
5555,
5555,
5555,
5555,
5695,
5555,
5AAA,
5555,
5555,
5555,
5555,
5555,
5555,
5555,
5555,
5555,
5555,
55AA,
5695,
5555,
5555,
5555,
5555,
5555,
5555,
5555,
5555,
5555,
5555,
5555,
5555,
5555,
5515,
5555,
5555,
5540,
5555,
5555,
5555,
4010,
0155,
5515,
5540,
0000,
0000,
0000,
0000,
0000,
0000,
0000,
0000,
0000,
0000,
0000,
0000,
0000,
0000,
0000,
001A,
AA95,
0000,
5556,
AAAA,
A95A,
AAAA,
AA95,
AAAA,
AAAA,
AAAA,
AAA9,
5500,
0000,
1540,
0000,
0000,
0000,
0000,
0000,
0015,
5015,
5555,
5555,
5555,
5555,
5555,
5555,
5555,
5555,
5555,
5555,
5555,
5555,
5555,
5555,
5555,
5555,
5555,
5AAA,
9555,
5555,
5555,
5555,
5555,
5555,
5555,
5555,
5555,
5555,
5555,
5555,
5555,
5555,
5555,
5555,
5555,
5540,
1555,
5555,
5555,
4000,
5555,
5555,
5500,
0540,
0000,
0000,
0000,
0000,
0000,
0000,
0000,
0000,
0000,
0000,
0000,
0000,
0000,
0000,
001A,
BE95,
5555,
556A,
AAAA,
E956,
AAA9,
6A5A,
5AAA,
5555,
5555,
5556,
6500,
0000,
1540,
0000,
0000,
0000,
0000,
0000,
1555,
4145,
5555,
5555,
5555,
5555,
5555,
5555,
5555,
5555,
5555,
5555,
5555,
5555,
5555,
5555,
5555,
5555,
5555,
5AAA,
5555,
5555,
5555,
5555,
5555,
5555,
5555,
5555,
5555,
5555,
5555,
5555,
5555,
5555,
5555,
5555,
5555,
5550,
1555,
5555,
5555,
5001,
5555,
5555,
5540,
0000,
0000,
0000,
0000,
0000,
0000,
0000,
0000,
0000,
0000,
0000,
0000,
0000,
0000,
0000,
001B,
FFAA,
AAAA,
AAAF,
EAAA,
A956,
AAAA,
596A,
5AAA,
5500,
0000,
1556,
A500,
0000,
1540,
0000,
0000,
0000,
0000,
0015,
5555,
1555,
5555,
5555,
5555,
5555,
5555,
5555,
5555,
5555,
5555,
5555,
5555,
5555,
5555,
5555,
5555,
5555,
5555,
56A9,
5555,
5555,
5555,
5555,
5555,
5555,
5555,
5555,
5555,
5555,
5555,
5555,
5555,
5555,
5555,
5555,
5555,
5555,
5555,
5555,
5555,
5405,
5555,
5555,
5554,
0000,
0054,
0000,
0000,
0000,
0000,
0000,
0000,
0000,
0000,
0000,
0000,
0000,
0000,
0000,
001B,
FFAA,
AAAA,
ABFA,
AAAA,
AA56,
AAAA,
556A,
56AA,
9500,
0000,
0556,
A500,
0000,
1500,
0000,
0000,
0000,
0000,
1555,
5400,
5555,
1555,
5555,
5555,
5555,
5555,
5555,
6AA9,
5555,
5555,
5555,
5555,
5555,
5555,
5555,
5555,
5555,
5555,
5555,
5555,
5555,
5555,
5555,
5555,
5555,
5555,
5555,
5555,
5555,
5555,
A555,
5555,
5555,
5555,
5555,
5555,
5555,
5555,
5555,
5555,
5505,
5555,
5555,
5555,
0000,
0155,
0000,
0000,
0000,
0000,
0000,
0000,
0000,
0000,
0000,
0000,
0000,
0000,
0000,
001A,
FFAA,
AAAA,
AAAA,
AAAA,
FA56,
BFAA,
A56A,
56AA,
AA55,
4000,
155A,
A500,
0000,
1500,
0000,
0000,
0000,
0055,
5554,
0005,
5555,
0555,
5555,
5555,
5555,
5555,
5555,
5AAA,
5555,
5555,
5555,
5555,
5555,
5555,
5555,
5555,
5555,
5555,
5555,
5555,
5555,
5555,
5555,
5555,
5555,
5555,
5555,
5555,
5555,
5555,
A555,
5555,
5555,
5555,
5555,
5555,
5555,
5545,
5555,
5555,
5541,
5555,
5555,
5555,
4055,
5555,
5000,
0000,
0000,
0000,
0000,
0000,
0000,
0000,
0000,
0000,
0000,
0000,
0000,
0016,
AAAA,
AAAA,
AA55,
6AAF,
FE95,
AAAA,
5A55,
5AAA,
AAAA,
5500,
555A,
A500,
0000,
1500,
0000,
0000,
0000,
0155,
5550,
0055,
5555,
4155,
5555,
5555,
5555,
5555,
A955,
56AA,
5555,
5555,
5555,
5A55,
5555,
5555,
5555,
5555,
5555,
5555,
5555,
5555,
5555,
5555,
5555,
5555,
5555,
5555,
5555,
5555,
5555,
5555,
5555,
5555,
5555,
5555,
5555,
5555,
5555,
5551,
5555,
5555,
5555,
5055,
5555,
5555,
5455,
5555,
5555,
0140,
0000,
0040,
0000,
0000,
0000,
0000,
0000,
0000,
0000,
0000,
0000,
0016,
AAAA,
A955,
5555,
AABF,
FF95,
AAAA,
6A95,
5AAA,
AAAA,
AA95,
555A,
A500,
0000,
1500,
0000,
0000,
0000,
0055,
5500,
1555,
5555,
4155,
5555,
5555,
5555,
5555,
6A59,
56A5,
5555,
5555,
5555,
5655,
5555,
5555,
5555,
5555,
5555,
5555,
5555,
5555,
5555,
5555,
5555,
5555,
5555,
5555,
5555,
5555,
5555,
5555,
5555,
5555,
5555,
5555,
5555,
5555,
5555,
5555,
5555,
5555,
5555,
5455,
5555,
5555,
5415,
5555,
5555,
5550,
0000,
0100,
0000,
0000,
0000,
0000,
0000,
0000,
0000,
0000,
0000,
0016,
AAAA,
9550,
0056,
AABF,
FF96,
A56A,
AAAA,
ABE9,
56AA,
BFAA,
AAAA,
A500,
0000,
1500,
0000,
0000,
0001,
5015,
0005,
5555,
5555,
5555,
5555,
5555,
5555,
5555,
5AA9,
5555,
5555,
5555,
5555,
5555,
5555,
5555,
5555,
5555,
5555,
5555,
5555,
5555,
5555,
5555,
5555,
5555,
5555,
5555,
5555,
5555,
5555,
5555,
5555,
5555,
5555,
5555,
5555,
5555,
5555,
5555,
5555,
5555,
5555,
5555,
5555,
5555,
5400,
5555,
5555,
5554,
0055,
0000,
0500,
0000,
0000,
0000,
0000,
0000,
0000,
0000,
0000,
0006,
AA96,
5000,
05AA,
AABF,
FF9A,
A5AA,
AAAA,
AAE9,
5555,
AAAF,
FBAA,
A400,
0000,
1500,
0000,
0000,
0005,
5400,
0055,
5555,
5555,
5555,
5555,
5555,
5555,
5455,
55AA,
A555,
5555,
5555,
5555,
5555,
5555,
5555,
5555,
5555,
5555,
5555,
5555,
5555,
5555,
5555,
5555,
5555,
5555,
5555,
5555,
5555,
5555,
5555,
5555,
5555,
5555,
5555,
5555,
5555,
5555,
5555,
5555,
5555,
5555,
5555,
5555,
5555,
5545,
4555,
5555,
5555,
0055,
5400,
1540,
1000,
0000,
0000,
0000,
0000,
0000,
0000,
0000,
0006,
AAAA,
5001,
5AAA,
95AF,
FFAA,
A6AA,
AAAA,
AAAA,
9401,
55AA,
ABEA,
A400,
0000,
1500,
0000,
0000,
0000,
1500,
0555,
5555,
5555,
5555,
5555,
5555,
5555,
5555,
56A9,
5555,
5555,
5555,
5555,
5555,
5555,
5555,
5555,
5555,
5555,
5555,
5555,
5555,
5555,
5555,
5555,
5555,
5555,
5555,
5555,
5555,
5555,
5555,
5555,
5555,
5555,
5555,
5555,
5555,
5555,
5555,
5555,
5555,
5555,
5555,
5555,
5555,
5555,
5555,
5555,
5555,
4015,
5501,
5540,
0400,
0000,
0000,
0000,
0000,
0000,
0000,
0000,
0005,
BFAA,
555A,
AAA5,
01AF,
FFA9,
96BF,
AAAA,
AAAA,
A500,
0055,
AAAA,
A400,
0000,
1500,
0000,
0000,
0000,
5440,
0155,
5555,
5555,
5555,
5555,
5555,
5555,
5555,
5555,
5555,
5555,
5555,
5555,
5569,
5555,
5555,
5555,
5555,
5555,
5555,
5555,
5555,
5555,
5555,
5555,
5555,
5555,
5555,
5555,
5555,
5555,
5555,
5555,
5555,
5555,
5555,
5555,
5555,
5555,
5555,
5555,
5555,
5555,
5555,
5555,
5555,
5555,
5555,
5555,
5555,
5400,
1555,
5550,
0000,
0000,
0000,
0000,
0000,
0000,
0000,
0000,
0001,
AFAA,
5AAA,
A950,
06BF,
FFE9,
5AFF,
AAAA,
AAAA,
EA50,
0005,
55AA,
9400,
0000,
1400,
0000,
0000,
0000,
4054,
0015,
5555,
5555,
5555,
5555,
5555,
5555,
5555,
5555,
5555,
5555,
6A95,
5555,
5555,
5555,
5555,
5555,
5555,
5555,
5555,
5555,
5555,
5555,
5555,
5555,
5555,
5555,
5555,
5555,
5555,
5555,
5555,
5555,
5555,
5555,
5555,
56A9,
5555,
5555,
5555,
5555,
5555,
5555,
5555,
5555,
5555,
5555,
5555,
5555,
5555,
5554,
0555,
5555,
4000,
0005,
4000,
0000,
0000,
0000,
0000,
0000,
0001,
AFEA,
AAAA,
9500,
1AAA,
BFFA,
AFFE,
EAAA,
A96A,
AEA5,
0005,
55AA,
9400,
0000,
5400,
0000,
0000,
0000,
0055,
0001,
5555,
5555,
5555,
5555,
5555,
5555,
5555,
5555,
5555,
5555,
AA95,
5555,
5555,
5555,
5555,
5555,
5555,
5555,
5555,
5555,
5555,
5555,
5555,
5555,
5565,
5555,
5555,
5555,
5555,
5555,
5555,
5555,
5555,
5555,
5555,
56A5,
5555,
5555,
5555,
5555,
5555,
5555,
5555,
5555,
5555,
5555,
5555,
5555,
5555,
5555,
4155,
5555,
5000,
0005,
0010,
0000,
0000,
0000,
0000,
0000,
0001,
6FFE,
AAA5,
4000,
6AA5,
BFFF,
FFFE,
EAAA,
AA56,
AAA9,
5015,
56AA,
9400,
0000,
5500,
0000,
0000,
0000,
0155,
4000,
0155,
5555,
5555,
5555,
5555,
5555,
A555,
5555,
55AA,
5555,
5A55,
5555,
5555,
5555,
5555,
5555,
5555,
5555,
5555,
5555,
5555,
5555,
5555,
5555,
5555,
5555,
5555,
5555,
5555,
5555,
5555,
5555,
5555,
5555,
5555,
5555,
5555,
5555,
5555,
5555,
5555,
5555,
5555,
5555,
5555,
5555,
5555,
5555,
5555,
5555,
5055,
5555,
5000,
4000,
0000,
0000,
0000,
0000,
0000,
0000,
0000,
6FFE,
AAA5,
0005,
AA51,
BFFF,
FFFE,
AAA6,
AA55,
6ABE,
A555,
5AAA,
9000,
0000,
5500,
1415,
4000,
0000,
4045,
5555,
5015,
5555,
5555,
5555,
5555,
5555,
9555,
5556,
556A,
5555,
5655,
5555,
5555,
5555,
5555,
5555,
5555,
5555,
5555,
5555,
5555,
5555,
5555,
5555,
5555,
5555,
5555,
5555,
5555,
5555,
5555,
5555,
5555,
5555,
5555,
5555,
5555,
5555,
5555,
5555,
5555,
5556,
A555,
5555,
5555,
5555,
5555,
5555,
5555,
5555,
5055,
5555,
5540,
5500,
0000,
0000,
0000,
0000,
0000,
0000,
0000,
5BFE,
AAA5,
0016,
A941,
BFAF,
FFFE,
AAA5,
AA94,
5AAB,
AA5A,
AAAA,
5000,
0000,
5404,
1415,
5000,
0000,
4155,
5555,
5505,
5555,
5555,
5555,
5555,
5555,
5555,
5555,
556A,
6955,
5555,
5555,
5555,
5555,
5555,
5555,
5555,
5555,
5555,
5555,
5555,
5555,
5555,
5555,
5555,
5555,
5555,
5555,
5555,
5555,
5555,
5555,
5555,
5555,
5555,
5555,
5555,
5555,
5555,
5555,
5555,
5555,
A555,
5555,
5555,
5555,
5551,
5555,
5555,
5555,
5555,
5555,
5555,
1554,
0010,
0000,
0000,
0000,
0000,
0000,
0000,
1BFE,
AAA9,
016A,
A406,
FF9B,
FABA,
56A5,
6AA5,
05AA,
AAAA,
AAAA,
5000,
0000,
5415,
5555,
0000,
0010,
0555,
5555,
5555,
5555,
5555,
5555,
5555,
5555,
6955,
5555,
5555,
5555,
5A55,
5555,
5555,
5555,
5595,
5555,
5555,
5555,
5555,
5555,
5555,
5555,
5555,
5555,
5555,
5555,
5555,
5555,
5555,
6955,
5555,
5555,
5565,
5555,
5555,
5555,
5555,
5555,
5555,
5555,
5555,
5555,
5555,
5555,
5555,
5555,
5555,
5555,
5555,
5555,
5555,
5555,
5555,
5555,
5015,
0000,
0000,
0000,
0000,
0000,
0000,
16FF,
EAA9,
55AA,
5006,
FE5B,
F96A,
46A4,
5AA9,
405A,
ABEA,
AAAA,
4000,
0001,
5555,
5555,
0000,
0010,
5555,
5555,
5550,
1555,
5555,
5555,
5555,
5555,
6955,
5555,
5555,
5555,
5655,
5555,
5555,
5555,
5555,
5555,
5555,
5555,
5555,
5555,
5555,
5555,
5555,
5555,
55A5,
5555,
5555,
5555,
5555,
A955,
5555,
5555,
5555,
5555,
5555,
5555,
5555,
5555,
5555,
5555,
5555,
5555,
5555,
5555,
5555,
5555,
5555,
5555,
5555,
5555,
5555,
5555,
5555,
5555,
5015,
5500,
0000,
0000,
0000,
0000,
0000,
06FF,
FAA9,
5AA9,
401A,
F91B,
E56A,
41A9,
16AA,
5005,
AABF,
FEA9,
4000,
0001,
5555,
5540,
0054,
0000,
5555,
5555,
5550,
0555,
5555,
5555,
A555,
5555,
5595,
5655,
5555,
5555,
55A5,
5555,
5555,
5555,
5555,
5555,
5555,
5555,
5555,
5555,
5555,
5655,
5555,
5555,
55A5,
5555,
5555,
5555,
5555,
6955,
5555,
5A95,
5555,
5555,
5555,
5555,
5555,
5555,
5555,
5555,
5555,
5555,
5555,
5555,
5555,
5555,
5555,
5555,
5555,
5555,
5555,
5555,
5555,
5555,
5015,
5500,
0000,
0000,
0000,
0000,
0000,
01BF,
FAAA,
AAA5,
005A,
A81B,
E46A,
41A9,
05AA,
9401,
6AAB,
FFA9,
0000,
0005,
5555,
0500,
1555,
4005,
5555,
5555,
5540,
0015,
5555,
5555,
5555,
5555,
55A5,
5555,
5555,
5555,
5555,
5555,
5555,
5A55,
5555,
5555,
5555,
5555,
5555,
5555,
5555,
5555,
5555,
5555,
AA95,
5555,
5555,
5555,
5555,
5555,
5555,
6A55,
5555,
5555,
5555,
5555,
5555,
5555,
5555,
5555,
5555,
5555,
5555,
5555,
5555,
5555,
5555,
5555,
5555,
5555,
5555,
5555,
5555,
5554,
1405,
5500,
0000,
0000,
0000,
0000,
0000,
01BF,
FFAA,
AA94,
016A,
A41B,
E46A,
406A,
416A,
A501,
5AAA,
BFA5,
0000,
0005,
5554,
0000,
5555,
4005,
5555,
5555,
4015,
5405,
5555,
5555,
5555,
5555,
5555,
5555,
55AA,
5555,
5555,
5555,
5555,
6955,
5555,
5555,
5555,
5555,
5555,
5555,
5555,
5555,
5555,
5556,
AA55,
5555,
5555,
5555,
5555,
5555,
5555,
6555,
5555,
5555,
5595,
5555,
5555,
5555,
5555,
5555,
5555,
5555,
5555,
5555,
5555,
5555,
5555,
5555,
5555,
5555,
5555,
5555,
5555,
5555,
5541,
5554,
1500,
0000,
0000,
0000,
0000,
016F,
FFEA,
AAA4,
056A,
906A,
901A,
406A,
405A,
AA55,
55AA,
AFA4,
0000,
0005,
5500,
0015,
5555,
5005,
5555,
5550,
0055,
5545,
5555,
5555,
5555,
5555,
5555,
6A55,
6AAA,
5555,
5555,
5555,
5555,
6555,
5555,
5555,
5555,
5555,
5555,
5555,
5555,
5555,
5A55,
5556,
A955,
5555,
5555,
5555,
5555,
5555,
5555,
5555,
5555,
5555,
5695,
5555,
5555,
5555,
5555,
5555,
5555,
5555,
5555,
5555,
5555,
5555,
5555,
5555,
5555,
5555,
5555,
5555,
5555,
5555,
5550,
5555,
5555,
5000,
4000,
0000,
0000,
005B,
FFFA,
AAA5,
15AA,
506A,
901A,
401A,
9016,
AA95,
556A,
AA94,
0000,
0005,
4000,
0555,
5555,
5015,
5555,
5540,
5555,
5540,
5555,
5555,
5555,
5555,
5555,
AA55,
6AAA,
5555,
5555,
5555,
5555,
5555,
5555,
5555,
5555,
5555,
5555,
5555,
5555,
5555,
5955,
5555,
5555,
5555,
5555,
5555,
5555,
5555,
5555,
5555,
5555,
5555,
5555,
5555,
5555,
5569,
5555,
5555,
5555,
5555,
5555,
5555,
5555,
5555,
5555,
5555,
5555,
5555,
5555,
5555,
5555,
5555,
5550,
1555,
5555,
5400,
0000,
0000,
0000,
0016,
FFFA,
AAA9,
56AA,
406A,
901A,
4016,
9005,
AAA5,
AAAA,
AA50,
0000,
0000,
0000,
5555,
5555,
5005,
5555,
5005,
5555,
5550,
5555,
5555,
5555,
5555,
5555,
AA55,
55AA,
5555,
6AA5,
5555,
5555,
5555,
5555,
5555,
5555,
5555,
5555,
5555,
5555,
5555,
5555,
5555,
5555,
5555,
5555,
5555,
5555,
5555,
5555,
5555,
5555,
5555,
5555,
6555,
5555,
55AA,
5595,
5555,
5555,
5555,
5555,
5555,
5555,
5555,
5555,
5555,
5555,
5555,
5555,
5555,
5555,
5555,
5550,
5555,
5555,
5400,
0000,
0000,
0000,
0006,
FFFA,
AAA9,
5AA9,
406A,
901A,
5006,
A405,
AAAA,
AAAA,
A950,
0000,
0000,
0005,
5555,
5555,
5505,
5554,
0015,
5555,
5550,
5555,
5555,
5555,
5555,
556A,
AAAA,
A555,
556A,
AAA5,
5555,
5555,
5555,
5555,
5555,
5555,
5555,
5555,
5555,
5555,
5555,
5555,
5555,
5555,
5555,
5555,
5555,
5556,
A955,
5555,
5555,
5555,
556A,
5559,
5555,
5555,
5AAA,
5555,
5A55,
5555,
5555,
55A5,
5555,
5555,
5555,
5555,
5555,
6955,
5555,
5555,
5555,
5555,
5555,
5550,
5555,
5555,
5400,
0000,
0000,
0000,
0005,
BFFF,
EAAA,
AAA9,
016A,
501A,
5006,
A515,
6AAA,
AFAA,
A540,
0000,
0050,
0055,
5555,
5555,
5541,
5540,
1555,
5555,
5554,
5555,
5555,
1555,
5569,
556A,
AAAA,
A955,
55AA,
AA55,
5555,
5595,
5555,
5555,
5A95,
5555,
5555,
5569,
5555,
5555,
5555,
5555,
5555,
5555,
5555,
5555,
5555,
5555,
5955,
5555,
5555,
5555,
AAA9,
5555,
5555,
5555,
AA59,
5555,
5A65,
5555,
5555,
56A9,
5555,
5555,
5555,
5555,
5555,
5A55,
5555,
5555,
5555,
5555,
5555,
5555,
5555,
5555,
0000,
0000,
0000,
0000,
0001,
6FFF,
FEAA,
AAA9,
416A,
501A,
9005,
A956,
AAAA,
BFEA,
A500,
0000,
0150,
0155,
5555,
5555,
5555,
5400,
5555,
5555,
5554,
5555,
5555,
5555,
556A,
556A,
AAA9,
9555,
55AA,
AA55,
5555,
5555,
5555,
5555,
5A55,
5555,
5555,
55A9,
5555,
5555,
5555,
5555,
5555,
5555,
5555,
5555,
5555,
5555,
5555,
5555,
5555,
5555,
AAA5,
5555,
5555,
5556,
A955,
5555,
5565,
5555,
5555,
5AAA,
5555,
5556,
5555,
5555,
5555,
5555,
5555,
5555,
5555,
5555,
5555,
5555,
5555,
5554,
0555,
5400,
0000,
0000,
0000,
5BFF,
FFEA,
AAAA,
55AA,
5556,
9556,
AA5A,
AAAA,
FFEA,
9400,
0000,
0554,
0055,
5555,
5555,
5555,
4015,
5555,
5555,
5555,
5555,
5555,
5555,
5555,
556A,
AAAA,
5555,
55A9,
5555,
5555,
5555,
5555,
A555,
5555,
5555,
5555,
5555,
5555,
5555,
5555,
5555,
5555,
5555,
5555,
5555,
5555,
5555,
5555,
5555,
5555,
555A,
AA55,
5555,
5556,
9555,
9559,
5556,
9555,
5555,
5555,
5AAA,
5555,
5556,
5555,
5555,
5555,
5555,
5555,
5555,
5555,
6A55,
5555,
5555,
5555,
5555,
5555,
5500,
0000,
0000,
0000,
16BF,
FFFA,
AAAA,
95AA,
AA56,
A6AA,
AA9A,
AAAA,
BFEA,
5000,
0000,
0555,
4005,
5555,
5555,
5555,
5055,
5555,
5555,
5555,
5555,
5555,
5555,
5555,
555A,
AA55,
5555,
55A5,
5555,
5555,
5556,
5555,
5555,
5555,
5555,
5555,
5555,
5555,
5555,
5955,
5555,
5555,
5555,
5555,
5555,
5555,
5555,
5555,
9555,
5555,
556A,
A955,
5555,
5555,
5555,
9569,
5A95,
5555,
5555,
5555,
5A95,
5555,
5555,
5555,
5555,
5555,
5555,
5555,
5555,
5556,
AA55,
5555,
5555,
5555,
5555,
5555,
5540,
0400,
0000,
0000,
05AF,
FFFA,
AAAA,
96AA,
BFAA,
AAFE,
AAAA,
AAAA,
AFE9,
4000,
0000,
0555,
5401,
5555,
5555,
5555,
5405,
5555,
5555,
5555,
5555,
5555,
5555,
5555,
5556,
AA55,
55AA,
5555,
5555,
5555,
55AA,
9555,
5555,
5555,
5555,
5555,
5555,
5555,
5555,
5555,
5555,
5555,
5555,
5555,
5555,
5555,
5556,
9555,
5555,
5555,
5555,
5555,
5555,
A555,
5555,
696A,
AA95,
5555,
5555,
5555,
5555,
5555,
5555,
5555,
5555,
5555,
5595,
5555,
555A,
5555,
AA55,
5555,
5555,
5555,
5555,
5555,
5550,
1540,
0000,
0000,
015B,
FFFA,
AAAA,
AAAA,
FFAA,
AAFE,
AAAA,
AAAA,
AAA5,
0000,
0000,
1555,
5500,
4015,
5555,
5555,
5541,
5555,
5555,
5555,
5555,
5555,
5555,
5555,
5555,
6955,
56AA,
9555,
5555,
5556,
A6AA,
5555,
5555,
5555,
5555,
5555,
5555,
5555,
5555,
5555,
5555,
5555,
5555,
5555,
5555,
5555,
5556,
9555,
5555,
5555,
5555,
5555,
5555,
A955,
5556,
AAAA,
A955,
5555,
9555,
5555,
5555,
9555,
5555,
5555,
5555,
5555,
5555,
5555,
556A,
9555,
5555,
5555,
5555,
5555,
5555,
5555,
5554,
0550,
0000,
0000,
0016,
FFFA,
AAAA,
AAAA,
FFAA,
AAFF,
AAAA,
FFEA,
AA54,
0000,
0000,
5555,
5555,
5405,
5555,
5555,
5555,
5555,
5555,
5555,
5555,
5555,
5565,
5A55,
5695,
5555,
5AAA,
9555,
5555,
5556,
5555,
5555,
5555,
5555,
5555,
5555,
5555,
5555,
5555,
5555,
5555,
5555,
5555,
5555,
5555,
5555,
5555,
5555,
5555,
5555,
5555,
5555,
555A,
AA95,
5556,
A95A,
5555,
5555,
5555,
5555,
555A,
A955,
5555,
5555,
5555,
5555,
5555,
5555,
55AA,
5555,
5555,
5555,
6955,
5555,
A95A,
5555,
5555,
0150,
0000,
0000,
0015,
AFEA,
ABFF,
AAAA,
FFAA,
ABFF,
EAAF,
FFEA,
A940,
0000,
0001,
5555,
5555,
5501,
5555,
5555,
5555,
5555,
5555,
5555,
5555,
5555,
95A9,
5A55,
55A9,
5556,
AAAA,
A555,
5555,
5555,
5555,
5555,
5555,
5555,
5555,
5555,
5555,
5555,
5555,
5555,
5555,
5555,
5555,
5555,
555A,
5555,
5555,
5555,
5555,
5555,
5555,
5555,
5555,
9555,
5556,
5555,
5555,
5555,
5555,
6AA9,
556A,
A555,
5555,
5555,
5555,
5555,
5555,
5555,
55A9,
5555,
5565,
5555,
5555,
5555,
5556,
5555,
5555,
4000,
0000,
0000,
0005,
5AEA,
ABFF,
EAAA,
FFAA,
ABFF,
FAAF,
FFAA,
9500,
0000,
0005,
5555,
5555,
5550,
5555,
5555,
5555,
5555,
5555,
5555,
5555,
5555,
5AA9,
5A95,
55AA,
9556,
AAAA,
5555,
5555,
5555,
5555,
5555,
5555,
5555,
5555,
5555,
5555,
5555,
5555,
5555,
5555,
5555,
5555,
5555,
556A,
5555,
5555,
5555,
5555,
5555,
5555,
5555,
5555,
5555,
5555,
5555,
5555,
5555,
5555,
AAAA,
556A,
5555,
5555,
5555,
5556,
6955,
5555,
5555,
55A5,
5695,
5569,
5555,
5555,
5555,
5556,
5555,
5555,
5000,
0000,
0000,
0000,
55AA,
AFFF,
EAAB,
FFEA,
AFFF,
FFBF,
FFAA,
5400,
0000,
0055,
5555,
5555,
5554,
5555,
5555,
5555,
5555,
5555,
5555,
5555,
5555,
5569,
5595,
55AA,
A555,
AAAA,
556A,
5555,
5555,
5555,
55A5,
5555,
5555,
5555,
5555,
5555,
5555,
5555,
5555,
5555,
5555,
5555,
5555,
5AAA,
5555,
5555,
5555,
5555,
5555,
5556,
9555,
5555,
5A95,
5555,
5555,
5655,
5555,
5556,
AAAA,
5555,
5555,
5555,
5555,
5556,
AA55,
5555,
5565,
5555,
5AAA,
956A,
5555,
5555,
5555,
5556,
5555,
5555,
5500,
0000,
0000,
0000,
1556,
AFFF,
EAAB,
FFFE,
AFFF,
FFFF,
FAA9,
5000,
0000,
0055,
5555,
5555,
5555,
4555,
5555,
5555,
5555,
5555,
5555,
5555,
5555,
555A,
55AA,
A6AA,
AA55,
6AAA,
556A,
9555,
5555,
5555,
56A5,
5555,
5555,
5555,
5555,
5555,
5555,
5555,
5555,
5555,
5555,
5555,
5555,
5AAA,
5555,
5555,
5555,
5A95,
5555,
5555,
5569,
5555,
5A55,
5555,
5555,
5695,
5555,
555A,
AAA9,
5555,
555A,
5555,
555A,
9656,
AA55,
5555,
55A9,
5555,
A55A,
955A,
5555,
5555,
5555,
5556,
5555,
5555,
5541,
5540,
0000,
0000,
0155,
6FFF,
EAAF,
FFFF,
FFFF,
FFFF,
AA95,
0000,
0000,
0555,
5555,
5555,
5555,
5155,
5555,
5555,
5555,
5555,
5555,
5555,
5555,
5555,
56AA,
A6AA,
AAA5,
555A,
556A,
9555,
5555,
5555,
56A5,
5555,
5555,
5555,
5555,
5555,
5555,
5555,
9555,
5555,
5555,
5555,
5555,
5555,
5555,
5555,
5555,
6A95,
5555,
5555,
556A,
5555,
5555,
5555,
5556,
5695,
5555,
556A,
AA55,
5555,
556A,
9555,
556A,
AA95,
5555,
5555,
5569,
5555,
A955,
5556,
A555,
5555,
5555,
5556,
9555,
5555,
5550,
5550,
0000,
0000,
0005,
5AFF,
EAAF,
FFFF,
FFFF,
FFFA,
A550,
0000,
0000,
1555,
5555,
5555,
5555,
5455,
5555,
5555,
555A,
5555,
5555,
5555,
5555,
5555,
6AAA,
A6AA,
AAA9,
5555,
956A,
9555,
5555,
5555,
5695,
5555,
5555,
5555,
5555,
5555,
5555,
5555,
9555,
5555,
9555,
5555,
5555,
5555,
5555,
5555,
5556,
AA95,
5555,
5555,
55AA,
A555,
5555,
5555,
5556,
9695,
5555,
556A,
5555,
6955,
556A,
9555,
55AA,
AA55,
5555,
5555,
5555,
5555,
AA55,
5555,
A955,
5555,
5595,
5556,
A555,
5555,
5550,
5554,
0000,
0000,
0001,
55AA,
AAAF,
FFFF,
FFFF,
FFAA,
5500,
0000,
0000,
4055,
5555,
5555,
0555,
5515,
5555,
5555,
555A,
5555,
5555,
5555,
5555,
5555,
5AAA,
A6AA,
AAAA,
5555,
AAAA,
9555,
5555,
5555,
5555,
5555,
5555,
5555,
5555,
5555,
5555,
5555,
5555,
5555,
A555,
5555,
5555,
5555,
5555,
5555,
5556,
AA55,
5555,
5555,
55AA,
A555,
5555,
5555,
5556,
96AA,
9555,
5555,
5556,
A955,
556A,
555A,
55AA,
A555,
5555,
5555,
6A55,
5555,
AA55,
5555,
AA95,
5555,
5555,
6A55,
9555,
5555,
5555,
5554,
0000,
0000,
0000,
4555,
56AF,
FFFF,
FFFF,
AA95,
4000,
0000,
0001,
4055,
5555,
5555,
5555,
5541,
5555,
5555,
5555,
5555,
5555,
5555,
5555,
5555,
55AA,
AAAA,
AAAA,
AA69,
AAAA,
6555,
5555,
5555,
5555,
5555,
5555,
5555,
5555,
5555,
5555,
5555,
5555,
5555,
5555,
5555,
5555,
5555,
5555,
5555,
5556,
AA55,
5555,
5555,
55AA,
AA55,
5555,
5555,
5556,
AAAA,
A555,
5555,
555A,
A955,
5555,
556A,
AA95,
5555,
5555,
6955,
6A95,
5555,
5555,
5555,
56AA,
A95A,
5555,
AA55,
5555,
5555,
5555,
5550,
0000,
0000,
0000,
0515,
556A,
AAFF,
EAAA,
5554,
0000,
0000,
0005,
4055,
5555,
5015,
5555,
5541,
5555,
5555,
5555,
5555,
5555,
5555,
5555,
5555,
555A,
AAA5,
6AAA,
AAAA,
6AA9,
6555,
5555,
5555,
5555,
5555,
5555,
5555,
5555,
5555,
5555,
5555,
5555,
5555,
5555,
5555,
5555,
5555,
5555,
5555,
5556,
AA55,
5555,
5555,
556A,
AA95,
5555,
5555,
5556,
AAAA,
AA55,
5555,
555A,
A555,
5555,
556A,
A955,
5555,
555A,
A555,
AA95,
5555,
5555,
5555,
56AA,
AA6A,
5555,
AA55,
5555,
5555,
5555,
5554,
0400,
0000,
0000,
0001,
5555,
55AA,
9555,
5000,
0000,
0000,
0005,
5015,
5554,
0555,
5555,
5541,
5555,
5555,
5555,
5555,
5555,
5555,
5555,
5555,
5556,
AAA6,
AAAA,
AAAA,
5A55,
5555,
5955,
5555,
5555,
5555,
5555,
555A,
9555,
5555,
5555,
5555,
5555,
5555,
5555,
5555,
5555,
5555,
5555,
5555,
5555,
A955,
5555,
5555,
555A,
AA95,
5695,
5555,
555A,
AAAA,
AA95,
9555,
A55A,
9555,
5555,
556A,
5555,
5555,
556A,
A556,
AA95,
5555,
5555,
AAA5,
56AA,
AAAA,
6955,
A955,
5655,
5555,
5555,
5555,
0500,
0000,
0000,
0000,
0155,
5555,
5550,
0000,
0000,
0000,
0055,
5415,
5540,
5555,
5555,
5541,
5555,
5555,
5555,
5555,
5555,
5555,
5555,
5555,
6555,
AAAA,
AAAA,
AAAA,
5555,
5555,
5A55,
5555,
5555,
5555,
5555,
5555,
5555,
5555,
5555,
5555,
5555,
5555,
5555,
5555,
5555,
5555,
5555,
5565,
5555,
5555,
5569,
5555,
5555,
6A55,
56A5,
55AA,
555A,
AAAA,
56AA,
9555,
9559,
5555,
5555,
556A,
5555,
5555,
556A,
A556,
AA96,
9555,
555A,
AAAA,
56AA,
5555,
A955,
5555,
56A9,
5555,
5555,
5555,
5500,
0000,
0000,
0000,
0000,
0000,
0000,
0000,
0000,
0000,
0555,
5545,
5505,
5555,
5555,
5551,
5555,
5555,
5555,
5555,
5555,
5555,
5555,
5555,
AA55,
5AAA,
AAAA,
AAAA,
5555,
5555,
5A95,
5555,
5555,
5555,
5555,
5555,
5555,
5555,
5555,
5555,
5555,
5555,
5555,
5555,
5555,
5555,
5555,
5555,
5555,
55A5,
5569,
5555,
5555,
5555,
5695,
55A9,
555A,
AAA5,
56A5,
5555,
56A9,
5555,
5555,
5555,
5555,
5555,
556A,
A555,
AA96,
5555,
5AAA,
AAA9,
56AA,
9555,
9555,
5555,
5569,
695A,
95A9,
5655,
5555,
4000,
0000,
0000,
0000,
0000,
0000,
0000,
0000,
0000,
5555,
5555,
5555,
5555,
5555,
5555,
5555,
5555,
5555,
5555,
555A,
5569,
5555,
556A,
AA95,
56AA,
AAAA,
AAAA,
5555,
5555,
6A55,
5595,
5556,
5555,
5555,
5555,
5555,
5555,
5555,
5555,
5555,
5655,
5555,
5555,
5555,
5555,
5555,
5555,
5555,
555A,
A555,
5555,
5555,
5555,
5555,
5555,
555A,
AA55,
5AA5,
5A55,
55A9,
5555,
5555,
5555,
5555,
5555,
A55A,
A555,
AA95,
5555,
AA96,
AAA5,
56AA,
AAAA,
9555,
56AA,
9555,
A5AA,
AAA9,
AA55,
5555,
5500,
0000,
0000,
0000,
0000,
0000,
0000,
0000,
0001,
5555,
5555,
4555,
5555,
5555,
5555,
5555,
5555,
5555,
5555,
555A,
95A9,
5555,
56AA,
AAA5,
55AA,
AAAA,
AAA5,
5555,
5555,
5555,
5695,
5555,
5555,
5555,
5555,
55A9,
5555,
5555,
5555,
5555,
5695,
5555,
5555,
5555,
5555,
5555,
5555,
5555,
56AA,
5555,
5555,
A959,
5555,
5555,
5559,
5555,
6955,
56A5,
5A55,
5555,
5555,
5555,
5555,
5555,
A55A,
955A,
9555,
6555,
6AAA,
A95A,
AA95,
569A,
AA95,
5555,
AA55,
A555,
55AA,
6AAA,
AA55,
5555,
5550,
0000,
0000,
0000,
0000,
0000,
0000,
0000,
0015,
5555,
5555,
4155,
5555,
5555,
5555,
5555,
5555,
5555,
5555,
5555,
5555,
5555,
6AAA,
A5A9,
5556,
AAAA,
AA55,
55AA,
5555,
5555,
5A55,
5555,
5555,
5555,
5555,
56AA,
5555,
5555,
5555,
5555,
55A5,
5555,
5555,
5555,
5555,
6555,
5555,
5555,
5695,
5555,
5595,
96A9,
5555,
5555,
5A55,
5555,
5555,
55AA,
5555,
5555,
5555,
5555,
5555,
5555,
A556,
5555,
5655,
5555,
6AAA,
A956,
AA95,
55AA,
AA55,
5555,
6A56,
A555,
5555,
AAAA,
A955,
5555,
5555,
4000,
0000,
0000,
0000,
0000,
0000,
0000,
0155,
5555,
5555,
5155,
5555,
5555,
5555,
5555,
5555,
5555,
5555,
5555,
5555,
5555,
AA59,
A5A9,
5556,
AAAA,
A555,
5AAA,
5555,
5555,
5565,
5555,
5555,
5555,
5555,
56AA,
5555,
5555,
5555,
5555,
5595,
5555,
5555,
5555,
5555,
A555,
5555,
5555,
5555,
5555,
5556,
5AA9,
5555,
5559,
5555,
5555,
5555,
5556,
5556,
9555,
5555,
5555,
5595,
5A55,
5555,
5555,
5695,
5556,
AAAA,
A955,
AAA5,
55AA,
A555,
5695,
A96A,
9559,
A556,
A9AA,
5555,
5555,
5555,
5500,
0000,
0000,
0000,
0000,
0000,
0000,
0155,
5555,
5555,
5555,
5555,
5555,
5555,
5555,
5555,
5555,
5555,
6555,
5555,
5555,
AA69,
56A9,
55AA,
AAA5,
5555,
5AA9,
5555,
5555,
5569,
5555,
5555,
5555,
5555,
5569,
55A9,
5555,
5555,
5555,
5555,
5555,
5555,
5555,
5555,
9555,
5555,
5555,
5555,
5555,
55AA,
6AA6,
9555,
5555,
5555,
5A55,
5555,
5555,
5555,
5555,
6555,
5555,
55A5,
5555,
5555,
5595,
5695,
55A9,
6AAA,
AA55,
6AA5,
55A5,
5555,
56A5,
555A,
955A,
A956,
A555,
5555,
5595,
5695,
5555,
4000,
0000,
0000,
0000,
0000,
0000,
0055,
5555,
5555,
5555,
5555,
5555,
5555,
5555,
9555,
5555,
5555,
9555,
5555,
5569,
AAA9,
56AA,
556A,
AA55,
5555,
AAA5,
5555,
5555,
5569,
5555,
5555,
5555,
5555,
5555,
55A9,
5555,
5555,
5555,
5555,
556A,
5555,
5555,
5555,
5555,
5555,
5555,
5555,
5555,
55A5,
6AAA,
5559,
5555,
5555,
6A95,
5555,
5559,
5595,
5955,
5599,
5555,
55A9,
5555,
5555,
5955,
56A5,
55AA,
5AA6,
AA55,
6AA5,
5555,
5556,
AA95,
555A,
955A,
A955,
5555,
556A,
55A5,
5695,
5555,
5555,
0000,
0000,
0000,
0000,
0015,
4055,
5555,
5555,
5555,
5555,
5555,
5555,
5555,
5555,
5555,
5559,
5555,
5555,
5A5A,
AAAA,
5AAA,
5556,
A955,
55AA,
AA95,
5555,
5555,
5569,
5555,
5555,
5555,
5555,
5555,
55A9,
5555,
5555,
5555,
5556,
555A,
5555,
5555,
5555,
5555,
5555,
5555,
5556,
5555,
5555,
5555,
5555,
5555,
5555,
6A95,
5555,
5555,
56A5,
5555,
56AA,
5555,
55AA,
5555,
5555,
5555,
56A9,
55AA,
9556,
6A95,
5AA5,
5555,
556A,
AA95,
6A5A,
5556,
AA55,
5555,
AAAA,
5695,
56A5,
5696,
5555,
4010,
0000,
0000,
0000,
0555,
5015,
5555,
5555,
5555,
5555,
5555,
5555,
5555,
5555,
5555,
5555,
5565,
5556,
6A9A,
AAAA,
AAAA,
9555,
5555,
5AAA,
5555,
5555,
5555,
5555,
5555,
5555,
5555,
5555,
5555,
5569,
5555,
5555,
5555,
555A,
A555,
5555,
5555,
5555,
5555,
5555,
5555,
55AA,
9555,
A555,
5555,
A555,
5555,
5555,
5655,
5555,
5555,
5695,
5555,
56AA,
5555,
556A,
AA55,
5555,
5555,
55A9,
556A,
9556,
6AA5,
5AA6,
555A,
AAAA,
6955,
AAAA,
5555,
A955,
5556,
AAAA,
5A95,
5AAA,
AAA5,
5555,
5555,
5000,
0000,
0055,
5555,
5005,
5555,
5555,
5555,
5555,
555A,
5555,
5555,
5555,
5555,
5555,
5569,
5556,
6AAA,
AAAA,
AAAA,
A955,
5555,
AAAA,
5555,
5555,
5555,
5555,
5555,
5555,
6555,
5555,
5555,
5555,
5555,
5555,
5555,
555A,
A555,
5555,
5555,
5555,
5555,
5555,
5559,
AAAA,
AA55,
A555,
5556,
5555,
5559,
5AA9,
5555,
5555,
555A,
9555,
5555,
56AA,
5555,
556A,
AA95,
5555,
5A55,
5559,
5555,
555A,
AAA9,
AAAA,
955A,
AAAA,
5555,
AAAA,
5555,
5555,
5556,
AA59,
5A95,
5AAA,
AA95,
5555,
5556,
5505,
5555,
5555,
5555,
5501,
5556,
5555,
5555,
5555,
556A,
9555,
5555,
5555,
5555,
5555,
5555,
5555,
6AAA,
AAA6,
AAAA,
AA55,
5556,
AAAA,
5555,
5555,
5555,
5555,
5555,
5555,
5555,
5555,
5555,
5555,
5555,
5555,
5555,
555A,
A555,
5555,
5555,
5555,
5555,
5555,
555A,
AAAA,
AAA5,
A555,
5555,
5556,
AAAA,
AAAA,
A555,
5555,
5655,
5555,
5555,
55A9,
5555,
556A,
AAA5,
555A,
5555,
5559,
5555,
55AA,
AA5A,
AAAA,
A55A,
AAAA,
AA95,
AAAA,
A555,
5556,
A96A,
AA55,
5595,
5AAA,
AA55,
555A,
556A,
A555,
5555,
5555,
5555,
5555,
5556,
5555,
5555,
5565,
55AA,
5555,
5559,
5555,
5555,
5555,
5555,
5955,
556A,
AAA6,
AAAA,
AAA5,
556A,
AAAA,
5555,
5555,
5555,
5556,
5555,
5555,
5555,
5555,
5555,
5555,
555A,
5555,
5555,
5556,
9555,
5555,
5555,
5555,
5555,
5555,
5555,
AAAA,
AAAA,
6555,
5555,
555A,
AAAA,
AAAA,
9555,
5555,
5555,
5555,
5AA5,
5565,
5555,
555A,
AAA5,
556A,
5559,
5955,
5555,
55AA,
A96A,
AAAA,
A556,
5AAA,
AAA9,
AAAA,
A655,
555A,
A95A,
AA95,
5565,
55AA,
A555,
56AA,
956A,
A555,
9555,
5AA5,
5555,
5555,
5555,
5555,
5555,
55A9,
555A,
6955,
5555,
5555,
5555,
5555,
AA55,
AA95,
5555,
5AAA,
AAAA,
AAAA,
5556,
AAAA,
5555,
5555,
5555,
5555,
5555,
5555,
5555,
5555,
5555,
5555,
556A,
5555,
5555,
5555,
5555,
5555,
56A5,
5555,
5555,
5555,
5555,
56AA,
A96A,
6555,
5555,
556A,
AAAA,
AAAA,
9555,
5555,
5555,
555A,
AAA5,
5555,
5555,
555A,
AA95,
556A,
956A,
AA55,
5555,
555A,
55AA,
AA59,
5555,
5AAA,
AAA9,
6AAA,
AA95,
556A,
AA6A,
AA95,
55A9,
5555,
5555,
AAAA,
AA5A,
9556,
A555,
6AA5,
5555,
5555,
5555,
5555,
5556,
AAA9,
5555,
5555,
5595,
5695,
A555,
5555,
AA55,
6AA5,
5555,
56AA,
96A9,
AAAA,
A555,
6AAA,
5555,
59A5,
5556,
9555,
5555,
5555,
5555,
5555,
5555,
5555,
555A,
5555,
5555,
5555,
5555,
5555,
5695,
5555,
5555,
5555,
5555,
55A9,
5569,
9555,
5555,
6AAA,
AAAA,
96A9,
5555,
5555,
5555,
55AA,
A695,
5555,
5555,
556A,
5555,
556A,
A5AA,
A955,
5A56,
5555,
55A9,
9555,
5555,
5556,
AAA9,
56AA,
AAA5,
556A,
AAAA,
A955,
56AA,
5555,
555A,
AAAA,
AAAA,
A55A,
AA55,
5555,
5555,
5555,
5555,
5555,
5956,
A655,
5555,
9955,
5695,
56AA,
AA55,
5555,
6955,
6AAA,
5555,
5556,
A6AA,
AAAA,
A955,
556A,
6955,
6A95,
5556,
9595,
6555,
5555,
5555,
5555,
5555,
5555,
5555,
5555,
5555,
5555,
5555,
5556,
5555,
5555,
5555,
5555,
5555,
5555,
5555,
5555,
A555,
AA5A,
AAAA,
5AAA,
5555,
5555,
5555,
5AAA,
AA95,
5555,
9555,
5555,
5555,
956A,
9569,
A955,
5955,
5555,
55AA,
5555,
AAA5,
5555,
AAAA,
A6A9,
6AAA,
556A,
AAA9,
5A55,
5AAA,
9555,
556A,
AA56,
AAAA,
A956,
AAAA,
5555,
5555,
5555,
5555,
56AA,
A956,
9555,
5555,
5955,
56A9,
AAAA,
AA95,
5555,
5555,
6AAA,
AAA9,
5555,
AAAA,
A6AA,
AA55,
5555,
A555,
5555,
5555,
5555,
6555,
5555,
5555,
5555,
5555,
5555,
5555,
5555,
5555,
5555,
5955,
5555,
5555,
5555,
5555,
5555,
5555,
5555,
5A55,
555A,
A555,
AA56,
AAAA,
6AAA,
9555,
5555,
5555,
9AAA,
AA55,
555A,
AA95,
5555,
556A,
A555,
5555,
596A,
AAA5,
5555,
56AA,
955A,
AAAA,
A555,
AAAA,
95A9,
6AAA,
955A,
AAA9,
5956,
AAAA,
A555,
AAAA,
AA95,
AAAA,
A955,
AAA5,
5555,
5555,
5565,
5555,
AAA9,
A955,
5555,
5555,
5AA5,
56AA,
AAAA,
AA55,
5596,
9565,
AAAA,
AAAA,
9555,
69AA,
AAAA,
AA95,
5555,
9555,
5565,
5555,
5556,
5555,
5555,
5555,
5555,
5555,
5555,
5555,
5555,
5555,
5555,
5955,
5555,
5555,
5555,
5555,
5555,
5555,
5565,
5A95,
5556,
A555,
AA55,
A96A,
AAAA,
A555,
5555,
AA5A,
96AA,
AA55,
595A,
AA95,
5555,
55AA,
A555,
5555,
556A,
AA55,
5555,
6AAA,
A556,
AAAA,
A955,
6AAA,
95AA,
AAAA,
A555,
6AAA,
A55A,
AAAA,
A556,
AAAA,
AAA6,
AAAA,
AA55,
6A55,
5555,
A555,
A955,
556A,
AAA9,
5555,
556A,
5555,
5A95,
AA5A,
AAAA,
5555,
555A,
9565,
AAAA,
AAAA,
A955,
5AAA,
AAAA,
AAAA,
A555,
5555,
5555,
5555,
95AA,
5555,
5555,
5555,
5555,
5555,
5955,
5555,
5555,
5555,
5555,
5555,
5555,
555A,
5555,
5555,
5555,
5556,
5555,
5A95,
5555,
A555,
5555,
A56A,
AAAA,
A955,
695A,
AA5A,
AAAA,
AA55,
6AA6,
AA95,
5555,
6AAA,
A555,
5555,
556A,
A955,
5555,
6AAA,
AA95,
AAAA,
A955,
5AAA,
56AA,
AAAA,
A555,
55AA,
AA6A,
AAAA,
A955,
AAAA,
AAAA,
AAAA,
AA95,
5555,
556A,
AAAA,
AA95,
5556,
6AA5,
5555,
555A,
AAA5,
56A5,
AAAA,
AAA5,
5555,
5555,
9555,
AAAA,
AAAA,
A955,
5695,
56AA,
AAAA,
AAA9,
5555,
5555,
5555,
55A5,
5555,
5555,
5555,
5555,
5555,
A555,
5555,
5555,
5555,
5555,
5555,
5555,
5AAA,
5555,
5555,
5555,
5559,
5555,
5A95,
5555,
5555,
5555,
656A,
AAAA,
A956,
AAAA,
AAAA,
AAAA,
A955,
5AA5,
A955,
5656,
5A9A,
A555,
5555,
55AA,
9555,
5555,
5AAA,
AAA5,
AAAA,
AAA5,
5AAA,
A6AA,
9A95,
AA55,
556A,
AAAA,
AAAA,
AA55,
6AAA,
AAAA,
AAAA,
AAA9,
5555,
5AAA,
AAAA,
AAAA,
555A,
6A55,
5555,
5555,
AA95,
55AA,
AAAA,
AA55,
555A,
9555,
5955,
5AAA,
AAAA,
9555,
5595,
56AA,
AAAA,
AAAA,
5555,
5555,
5555,
555A,
5555,
5555,
5555,
5555,
5555,
9555,
5555,
5555,
5555,
5555,
5555,
5555,
AAAA,
5555,
5555,
5555,
5555,
5555,
5695,
5555,
5555,
5555,
6AAA,
AAAA,
A956,
A9AA,
AAAA,
AA95,
5955,
5695,
5555,
5AA5,
569A,
9555,
6AA9,
5AA9,
5555,
5A95,
5AAA,
AAAA,
AAAA,
AA95,
55AA,
AAAA,
AA95,
AAAA,
555A,
AAAA,
AAAA,
AAA5,
56AA,
AAAA,
AAA9,
AAA9,
5555,
6AAA,
AAAA,
A6AA,
9556,
5555,
5555,
59A5,
6A95,
55AA,
AAA9,
5555,
555A,
A955,
5AA6,
AAAA,
AAAA,
5555,
5556,
AAAA,
AAAA,
AAAA,
5555,
5555,
5555,
5556,
5555,
5555,
5555,
5555,
5555,
5555,
5555,
5555,
5555,
5555,
5555,
5556,
AAAA,
5555,
5555,
5555,
5555,
5555,
5555,
5555,
5595,
555A,
A9AA,
AAAA,
A956,
AAAA,
AAAA,
AA56,
9A55,
5555,
5559,
6AA5,
556A,
5556,
AAAA,
A555,
555A,
AA95,
5AAA,
6AA6,
A96A,
A555,
556A,
AAAA,
AAAA,
AAAA,
A55A,
AAAA,
AAAA,
AAA9,
5555,
AAAA,
AAAA,
A9AA,
9555,
AA95,
AA95,
A96A,
9555,
5555,
5555,
A5A9,
5A95,
55AA,
AAA5,
5555,
555A,
AA55,
5AAA,
AAAA,
AAA9,
5555,
555A,
AAAA,
AAAA,
AAAA,
55A5,
5555,
5A55,
5559,
9555,
5555,
5555,
5555,
5555,
5555,
5555,
5555,
5555,
5555,
5555,
5555,
AAA9,
5555,
5555,
5555,
5555,
5555,
5555,
5555,
55A5,
555A,
6559,
AA9A,
A555,
6AAA,
AAAA,
AA6A,
AAA5,
5555,
55AA,
5556,
656A,
555A,
AAAA,
9555,
555A,
AAA5,
6AAA,
9A95,
A955,
5555,
556A,
AA5A,
AAAA,
AAAA,
A956,
AAAA,
AAAA,
AAAA,
9555,
6AAA,
AAAA,
AAAA,
A955,
AAA9,
6555,
6AA9,
9555,
5555,
5569,
A96A,
AA55,
55AA,
6A55,
5555,
56AA,
9695,
559A,
AAAA,
AA95,
5555,
5556,
AAAA,
AAAA,
AAAA,
5555,
5555,
6A55,
556A,
5555,
5555,
5555,
5556,
6555,
5555,
5555,
5569,
5555,
A555,
5555,
5555,
5555,
5555,
5555,
5555,
5555,
5555,
5565,
5559,
5555,
9556,
56A9,
AAAA,
9555,
56AA,
AAAA,
AAAA,
AAA9,
5555,
56AA,
5555,
A555,
555A,
AAA9,
5555,
556A,
AAA5,
6AAA,
AA9A,
A555,
5556,
A55A,
AA95,
AAAA,
AAAA,
A955,
AAAA,
AAAA,
AAAA,
AA55,
5AAA,
AAAA,
AAAA,
A955,
6AA9,
AAA5,
6AA9,
5955,
5555,
556A,
AA6A,
AA95,
556A,
5555,
5556,
56AA,
A695,
555A,
AAAA,
A555,
5595,
5555,
6AAA,
AAAA,
AAAA,
5555,
5555,
AA55,
5555,
5655,
5555,
5555,
555A,
A555,
5555,
5555,
56A5,
5555,
5555,
5555,
5555,
5555,
5556,
A569,
5555,
5555,
5555,
55A5,
555A,
9696,
9555,
A6AA,
AAAA,
5655,
55AA,
AAAA,
AAAA,
AAA9,
556A,
AAA9,
6A55,
A995,
555A,
AA95,
56A5,
596A,
AA95,
6AAA,
AAAA,
5555,
555A,
A556,
AAA5,
AAAA,
AAAA,
A555,
6AAA,
AAAA,
AAAA,
AAA9,
56AA,
AAAA,
AAAA,
AA55,
6AA5,
6AA9,
6AA9,
5A95,
5556,
A56A,
AA6A,
AA96,
555A,
5555,
5556,
56AA,
AA55,
556A,
AAAA,
5555,
6AA5,
5955,
5AAA,
AAAA,
AAA5,
5555,
5555,
A955,
5555,
5695,
5555,
5555,
556A,
5555,
5555,
5555,
5555,
5555,
5555,
5555,
5555,
5555,
555A,
A555,
5555,
5555,
9555,
5565,
555A,
AA55,
5555,
56AA,
AA6A,
5655,
555A,
A96A,
AAAA,
AAA9,
556A,
AAA9,
6A55,
A969,
555A,
9555,
56A5,
A96A,
AA55,
6AAA,
AAAA,
5555,
5AAA,
A955,
9AAA,
AAAA,
AAA5,
5555,
5AAA,
AAA9,
AAAA,
AAAA,
55AA,
AA9A,
AAAA,
AA95,
5655,
6AAA,
AA6A,
5AAA,
5556,
A559,
9A6A,
AA5A,
9555,
5555,
5595,
9559,
6955,
56AA,
9AA9,
5555,
AAA9,
5955,
56AA,
AAAA,
AA95,
5555,
5555,
5555,
5555,
A569,
5555,
5555,
5555,
5555,
5555,
5555,
5555,
5555,
5555,
5555,
555A,
5555,
556A,
5555,
5556,
55A5,
9555,
A955,
5A5A,
A555,
5555,
56A9,
AA6A,
5555,
5555,
A5AA,
6AAA,
AAA9,
556A,
AAAA,
AA56,
AAA9,
5555,
5555,
56A5,
AA5A,
AA55,
AAAA,
AAA9,
556A,
AAAA,
A555,
5AAA,
AAAA,
AA95,
5555,
56AA,
AAAA,
AA96,
AAAA,
556A,
AAAA,
AAAA,
AAA5,
5555,
56AA,
AAA9,
5AAA,
9556,
A555,
96AA,
A95A,
A555,
5555,
5555,
555A,
A955,
55AA,
9A55,
556A,
AAAA,
5655,
56AA,
AAAA,
A555,
5555,
5555,
5555,
5555,
556A,
5555,
5555,
5555,
5555,
5555,
5555,
5555,
5555,
5555,
5555,
556A,
5555,
5555,
5555,
555A,
55A5,
5555,
A955,
5A56,
5555,
5555,
56AA,
55AA,
56AA,
5A55,
56AA,
AAAA,
AAA9,
5556,
AAAA,
AA9A,
AA95,
5555,
5555,
55AA,
AA9A,
9A55,
6AAA,
AA95,
5AAA,
AAAA,
A555,
6AAA,
AAAA,
A955,
5AA5,
55AA,
AAAA,
A656,
AAAA,
555A,
AAAA,
AAAA,
AAAA,
A955,
55AA,
AAA9,
AAAA,
5555,
555A,
A6AA,
AA5A,
A955,
5555,
A555,
56AA,
AA55,
556A,
9555,
56AA,
AAAA,
9A55,
56AA,
AAAA,
9555,
5555,
5555,
5555,
5569,
5555,
5555,
5555,
5555,
5555,
5565,
5555,
5555,
5555,
5555,
5555,
5555,
5555,
5555,
5555,
5555,
5555,
5555,
A955,
5555,
5555,
A955,
55AA,
55AA,
956A,
AA95,
5AAA,
AAAA,
AAAA,
5555,
556A,
AAAA,
AA95,
5555,
555A,
95AA,
AA9A,
AA55,
6AA5,
A955,
6AAA,
A96A,
955A,
AAAA,
AAAA,
5555,
6AAA,
556A,
AAAA,
AA5A,
AAAA,
555A,
AAAA,
AAAA,
AAAA,
AA95,
55AA,
AAAA,
AAAA,
6955,
5556,
A9AA,
AAAA,
AA55,
5555,
A555,
569A,
A955,
5556,
5555,
5AAA,
AAAA,
AA95,
5AAA,
AA95,
5555,
5555,
5555,
5556,
56A9,
5555,
5555,
5555,
5555,
5555,
5565,
5555,
5555,
5555,
5555,
55A5,
5555,
5555,
5555,
5555,
5555,
5555,
55AA,
A955,
5555,
555A,
AA55,
5569,
565A,
556A,
AA95,
6AAA,
AAAA,
AAAA,
9555,
556A,
AA95,
AAAA,
5555,
555A,
55AA,
AAAA,
A955,
5A95,
5559,
AAA9,
A96A,
A55A,
AAAA,
A955,
5556,
AAAA,
556A,
AAAA,
AAAA,
AA55,
5555,
AAAA,
AAAA,
AA96,
AAA5,
55A9,
5AAA,
AA6A,
AA95,
5555,
A9A6,
6AAA,
AAA5,
5556,
A956,
5656,
A95A,
9555,
5556,
AAAA,
AAAA,
AA95,
5AAA,
AA55,
555A,
5555,
5555,
5555,
56A5,
5555,
5559,
5555,
5555,
5555,
5555,
5555,
5555,
5555,
5555,
5AA5,
5555,
5555,
5555,
5569,
5569,
5555,
56AA,
A955,
5555,
5556,
AA55,
5559,
6A69,
555A,
AA55,
5AAA,
96AA,
AAAA,
A955,
556A,
AAA5,
69AA,
6A55,
56AA,
9555,
96AA,
A955,
5555,
5AAA,
AA55,
A9AA,
A55A,
AAAA,
9555,
56AA,
AAAA,
955A,
AA96,
AAAA,
A955,
5555,
6AAA,
AAAA,
AAAA,
AAAA,
9569,
5AAA,
AAAA,
5AAA,
5555,
6955,
6AAA,
AAA9,
5555,
6A55,
6A95,
AA5A,
A555,
55AA,
AAAA,
AAAA,
AAA5,
556A,
A555,
555A,
5555,
5555,
5555,
5555,
5555,
559A,
5555,
5555,
5555,
5555,
5555,
5555,
5555,
556A,
6A95,
5695,
5555,
5556,
56AA,
5659,
5555,
5AAA,
5555,
5555,
5555,
A955,
5555,
6A55,
655A,
9555,
56AA,
AAAA,
AAAA,
AAA9,
555A,
AAA5,
59AA,
6A95,
5AAA,
9555,
5AAA,
A9A9,
5555,
5AAA,
A96A,
A6AA,
A956,
AAA9,
5555,
5AAA,
AAAA,
555A,
AAAA,
AAA9,
5555,
6A95,
5AAA,
AAAA,
AAAA,
AAAA,
9559,
6AAA,
AAAA,
5AAA,
AA55,
5AAA,
6AAA,
AAAA,
5555,
5555,
AAAA,
AA5A,
AA55,
56AA,
AAA9,
5AAA,
AAA9,
556A,
9555,
55A5,
5555,
5555,
5555,
5555,
5555,
55AA,
9555,
5555,
5555,
5555,
5555,
5555,
5555,
555A,
AA55,
5A95,
5555,
5555,
56A5,
5555,
5555,
56A9,
5555,
5555,
5565,
5555,
5555,
AA55,
6555,
5555,
55AA,
AA5A,
5AAA,
AAAA,
5556,
AAA9,
5AAA,
AA95,
56AA,
AA55,
56A9,
A9A9,
555A,
5AAA,
A56A,
A5AA,
A956,
AA95,
555A,
AAAA,
AAAA,
556A,
AAAA,
AA95,
556A,
AAA5,
56AA,
AAAA,
AAAA,
AAA5,
5555,
6AAA,
AAAA,
AAAA,
AA95,
5AAA,
5AAA,
AAAA,
9555,
556A,
AAAA,
AA5A,
AA95,
559A,
AAA9,
5AAA,
5AAA,
5555,
5555,
5AAA,
6955,
5955,
5555,
5555,
5555,
55AA,
5555,
5555,
5555,
5555,
5555,
5555,
5555,
5555,
5555,
5A95,
5555,
5555,
5595,
5555,
5555,
5555,
5555,
5555,
5555,
9555,
556A,
A955,
A555,
5555,
55AA,
AA9A,
5AAA,
9AAA,
9556,
AA5A,
6A95,
6A95,
5565,
5A95,
56AA,
96AA,
555A,
AAAA,
9566,
A556,
A955,
A955,
556A,
AAAA,
AAA9,
556A,
AAAA,
A955,
5AAA,
AAA9,
556A,
AAAA,
AAAA,
A955,
5555,
6AAA,
AAAA,
AAAA,
AAA5,
56AA,
A5AA,
AAA9,
AA95,
555A,
AAAA,
AAAA,
AAA5,
555A,
AAA9,
6AAA,
5AAA,
A555,
5555,
5AAA,
5555,
6555,
5555,
5555,
5555,
55AA,
5555,
5555,
5555,
5555,
5555,
5555,
5555,
5555,
5555,
5655,
5555,
5555,
5555,
5555,
5555,
5555,
5555,
5555,
5555,
9555,
956A,
AA55,
5555,
5556,
55AA,
AA9A,
6AAA,
AAAA,
A556,
A956,
6A95,
5A55,
5555,
5A56,
55AA,
96AA,
5556,
9AAA,
A596,
5556,
AA55,
5556,
A9AA,
AAAA,
AAAA,
556A,
A9AA,
9555,
6AAA,
AAA9,
556A,
AAAA,
A6AA,
9555,
6A95,
5AAA,
A96A,
AAAA,
AAA9,
56AA,
AAAA,
AAA9,
AA95,
5555,
AA56,
AAAA,
AAAA,
5556,
AAAA,
AAAA,
AAAA,
A955,
555A,
5AAA,
5555,
6555,
5555,
5555,
5555,
55AA,
5555,
5555,
5555,
5555,
5555,
5555,
5555,
5555,
5555,
5555,
5555,
555A,
5555,
5555,
5555,
5555,
5565,
5555,
5555,
5556,
596A,
A555,
5555,
565A,
55AA,
66AA,
AAAA,
AAAA,
A556,
9555,
5A55,
555A,
5555,
5A55,
55AA,
A9AA,
9555,
9AAA,
AA9A,
A956,
AA95,
556A,
AAAA,
AAAA,
AAAA,
955A,
A955,
5555,
AAAA,
AAA9,
55AA,
AAAA,
AAA5,
5555,
6AA5,
56AA,
A95A,
AAAA,
AAAA,
556A,
AAAA,
AA95,
6A95,
A955,
5556,
AAA9,
6AAA,
9555,
55AA,
AAAA,
AAAA,
AAA5,
556A,
5AAA,
5555,
5695,
5555,
5555,
5555,
55AA,
5555,
5555,
5555,
5555,
5555,
5555,
5555,
5555,
A555,
5555,
5555,
555A,
A955,
59A5,
5555,
5555,
AAAA,
5555,
5555,
555A,
6965,
5555,
5555,
5A55,
55AA,
56AA,
AAAA,
AAAA,
9555,
9A55,
5556,
555A,
A555,
5555,
56AA,
AA5A,
A555,
5A5A,
AAAA,
AA56,
AAA5,
5AAA,
AAAA,
AAAA,
AAAA,
9556,
A555,
555A,
AAAA,
96A5,
55AA,
AAAA,
AAA5,
556A,
AAA9,
55AA,
A95A,
AAAA,
AAAA,
555A,
AAAA,
AA95,
5596,
AA95,
5556,
AAA9,
5AAA,
A555,
5555,
AAAA,
AAAA,
AAA9,
555A,
AAAA,
5555,
5655,
5555,
5555,
5555,
56AA,
5695,
5555,
5555,
5555,
5555,
5555,
5555,
5555,
5555,
5555,
5555,
5555,
A555,
5955,
5555,
555A,
5AAA,
5A95,
5555,
555A,
A965,
5555,
5555,
6955,
5569,
6A9A,
AAAA,
AAA5,
5555,
AA5A,
5556,
5556,
AAA5,
5655,
5AAA,
AA55,
A955,
555A,
AAAA,
AAAA,
AAA9,
5AAA,
AAAA,
AAAA,
AAAA,
9555,
5555,
56AA,
AAAA,
9695,
56AA,
AAAA,
AA55,
56AA,
AAAA,
55AA,
A95A,
AAAA,
A5A9,
555A,
AAAA,
AAAA,
56AA,
AAA5,
556A,
A96A,
9AAA,
AA55,
5555,
6AAA,
96AA,
AAAA,
555A,
A6A9,
5555,
5555,
5555,
5555,
5555,
5A95,
56A5,
5555,
5555,
5555,
5555,
5555,
5555,
5555,
5555,
5555,
5555,
5555,
5559,
5555,
56A9,
5555,
6AAA,
5695,
5555,
555A,
A555,
5595,
5556,
A955,
556A,
AAAA,
AAAA,
A555,
5555,
6AAA,
9555,
5555,
AA69,
56AA,
95AA,
AA55,
A955,
5556,
AAAA,
AAAA,
AAAA,
56AA,
AAAA,
AAAA,
AAAA,
A555,
5555,
AAAA,
AAAA,
AA55,
56AA,
AAAA,
A555,
56AA,
AAAA,
55AA,
AAAA,
AAAA,
9555,
5555,
AAAA,
AAAA,
96AA,
AAAA,
556A,
6AAA,
AAAA,
AAA9,
5555,
5AAA,
AAAA,
AAAA,
9556,
A6AA,
5555,
5555,
5555,
5555,
5555,
AA95,
5AA5,
5555,
5555,
5555,
5555,
5555,
5695,
5556,
A555,
5555,
5555,
5555,
5559,
5555,
5AAA,
5555,
5AAA,
5555,
5555,
5555,
5555,
5695,
555A,
AA95,
56AA,
AAAA,
AAAA,
5555,
5555,
5AAA,
A655,
5555,
A969,
56AA,
AAAA,
A5AA,
AA55,
5555,
AAAA,
AAAA,
AAAA,
95AA,
AAAA,
AAAA,
AAAA,
A955,
555A,
AAAA,
AAAA,
AA95,
55AA,
AAA5,
5555,
5AAA,
AAAA,
55AA,
AAAA,
AAA9,
5555,
AA55,
6AAA,
AAAA,
9AAA,
AAA9,
5555,
5AAA,
AAAA,
AAAA,
AA95,
56AA,
AAAA,
AAAA,
9555,
55AA,
5555,
5555,
5555,
5555,
5556,
AA55,
5555,
5555,
5555,
5555,
5555,
5555,
5555,
5556,
A555,
5555,
5A55,
5555,
5555,
5695,
6AAA,
5555,
56A5,
5555,
5555,
5555,
5555,
5555,
556A,
AA95,
56AA,
AAAA,
A555,
5556,
AA55,
56AA,
AA95,
55A5,
5565,
556A,
AAAA,
AAAA,
AAAA,
A955,
AAAA,
AAAA,
AAAA,
A5AA,
AAAA,
AAAA,
AAAA,
AA95,
56AA,
AAAA,
96AA,
AAAA,
556A,
A955,
56AA,
AAAA,
AAA9,
55AA,
AAAA,
AA55,
55AA,
AA55,
5AAA,
AAAA,
AAAA,
A595,
5555,
55AA,
AAAA,
AAAA,
AAA5,
556A,
AAAA,
AAAA,
9555,
555A,
5555,
5565,
5555,
5555,
555A,
5A55,
5555,
5555,
5555,
5555,
5555,
5A99,
5555,
5556,
A555,
5555,
5955,
6A55,
5555,
5655,
5AAA,
5555,
5555,
5555,
5555,
5555,
5555,
5555,
556A,
AA95,
5AAA,
AAAA,
5555,
55AA,
AA95,
5696,
AA96,
AAA5,
5A95,
555A,
AAAA,
AAA9,
AAAA,
AA55,
6AAA,
AAAA,
AAAA,
A555,
556A,
AAAA,
AAAA,
AAA5,
5AAA,
AAAA,
AAAA,
AAAA,
955A,
9555,
5AAA,
AAAA,
AAA9,
56AA,
AAAA,
A955,
56AA,
AA65,
56AA,
AAAA,
AAAA,
9555,
5555,
55AA,
AAAA,
AAAA,
AAAA,
5555,
5AAA,
AAAA,
96A5,
5556,
5555,
5555,
5555,
5555,
5556,
5555,
5555,
5555,
5555,
5555,
6A55,
6A55,
5555,
5556,
9555,
5555,
5555,
AA55,
5555,
9555,
56AA,
5555,
5555,
5555,
5555,
5555,
5555,
9555,
55AA,
AAA5,
5AAA,
AA55,
5555,
56AA,
AA95,
5555,
AA5A,
AAA9,
6A95,
555A,
AAAA,
AAA9,
AAAA,
AA95,
5A96,
AAAA,
AAAA,
AA55,
555A,
AAAA,
AAAA,
AAA9,
5AAA,
AAAA,
AAAA,
AAAA,
A555,
555A,
5AAA,
AAAA,
AAA9,
55AA,
AAAA,
9555,
56AA,
AA69,
56AA,
AAAA,
AAA9,
5555,
6A55,
55AA,
AAAA,
AAAA,
AAAA,
A555,
AAAA,
AAAA,
95A9,
5555,
5555,
5555,
5555,
5555,
5555,
5555,
5555,
5555,
5555,
5555,
6A55,
5555,
5555,
5555,
5555,
5555,
55AA,
A555,
5A96,
9556,
955A,
5555,
5555,
5555,
5555,
5555,
5559,
55A9,
55AA,
AAA5,
5AAA,
5555,
5556,
AAAA,
AA55,
5695,
56AA,
AAA5,
5A95,
5556,
AAAA,
AAAA,
AAAA,
AAA5,
56AA,
AA65,
AAAA,
AAA5,
555A,
AAAA,
AAAA,
AAAA,
56AA,
AAAA,
AAAA,
AAAA,
A955,
55AA,
AAAA,
AAAA,
AAA9,
55AA,
AAA9,
5555,
AAAA,
AAAA,
55AA,
AAAA,
AAA5,
5555,
AA95,
55AA,
AAAA,
AAAA,
AAAA,
9555,
AA5A,
AAAA,
95A9,
AA95,
5555,
5555,
5555,
5555,
5555,
5555,
5555,
5555,
5555,
5555,
6A55,
5555,
56A5,
5555,
5555,
5556,
9555,
5555,
5A55,
559A,
955A,
5555,
5555,
5555,
5555,
5555,
6A69,
556A,
55AA,
AAA5,
56A5,
5555,
55AA,
AAA6,
A555,
56A9,
5AAA,
AA95,
56AA,
5556,
AAAA,
AAAA,
AAAA,
AAA5,
56AA,
A955,
AAAA,
AAAA,
A556,
AAAA,
AAAA,
AAAA,
956A,
AAAA,
9AAA,
A9AA,
AA55,
56AA,
AAAA,
AAAA,
AAAA,
556A,
A555,
5555,
AAAA,
95AA,
55AA,
AAAA,
A955,
55AA,
AAA9,
556A,
AAAA,
AAAA,
AAA5,
5555,
5A55,
AAAA,
A6AA,
AAAA,
5555,
5555,
5555,
5555,
5555,
5555,
5555,
5555,
5555,
5555,
5555,
5555,
5A95,
5555,
5555,
5556,
9555,
5555,
5A55,
56A6,
96A9,
55A5,
5559,
5555,
5655,
5655,
56A9,
5556,
656A,
AAA5,
5555,
5555,
55AA,
9A95,
5555,
5969,
5AAA,
9555,
56AA,
5555,
AAAA,
AAAA,
AAAA,
AAA5,
556A,
A955,
AAAA,
AAAA,
A955,
AAAA,
AAAA,
AAAA,
A556,
95AA,
5AAA,
AAAA,
AAA5,
5AAA,
AAAA,
AAAA,
AAAA,
956A,
9555,
55A6,
AAAA,
AAAA,
556A,
AAAA,
A555,
56AA,
AAAA,
556A,
AAAA,
AAAA,
AA55,
5555,
5695,
AAAA,
AAAA,
AAAA,
5555,
5555,
5555,
555A,
5555,
5555,
5555,
5555,
5555,
5595,
5555,
5555,
5555,
5555,
5555,
5565,
5555,
5555,
5556,
AAA5,
59A5,
5AA9,
5555,
5555,
5695,
5655,
5555,
A595,
555A,
A565,
5555,
5555,
55AA,
AA5A,
9555,
6555,
5AA5,
5555,
6AAA,
5555,
AAAA,
AAAA,
AAAA,
AA55,
556A,
AAAA,
AAAA,
A96A,
AA55,
AAAA,
AAAA,
AAAA,
A955,
556A,
96AA,
AAAA,
AAA5,
56AA,
AAAA,
AAAA,
AAAA,
A555,
5555,
55AA,
5AAA,
AAAA,
556A,
AAAA,
5555,
5AAA,
AAAA,
556A,
AAAA,
AAAA,
9555,
5565,
5555,
6AAA,
AAAA,
AAAA,
5555,
5555,
5555,
555A,
9555,
5555,
5555,
5555,
5555,
5555,
5555,
555A,
5555,
5555,
5555,
5595,
5555,
5555,
5556,
AA56,
69A5,
5AAA,
5555,
5555,
56AA,
5555,
5555,
65A5,
A956,
9569,
5555,
5AA9,
56A5,
AAAA,
9555,
A9A6,
5655,
5555,
6A95,
5555,
6AAA,
AAAA,
AAAA,
A955,
555A,
AAAA,
AAAA,
AAAA,
AA95,
6AAA,
AAAA,
AAAA,
AA55,
555A,
AAAA,
AAAA,
AAA9,
55AA,
AAAA,
AAAA,
AAAA,
AA55,
555A,
A6AA,
6AAA,
AAAA,
556A,
AA95,
5555,
6AAA,
AAAA,
556A,
9AAA,
AAAA,
5555,
59A9,
5556,
AAAA,
AAAA,
AAAA,
5555,
5555,
5555,
556A,
9555,
5555,
5555,
5555,
5555,
5555,
5555,
555A,
5555,
5555,
5555,
5555,
5555,
5555,
555A,
A956,
A9A5,
5AAA,
5555,
5555,
5A6A,
5555,
5555,
55A5,
AA5A,
9569,
5556,
AAA9,
56AA,
AAAA,
A555,
6AA6,
5555,
5555,
AA95,
5555,
AAAA,
AAAA,
AAAA,
55AA,
9556,
AAAA,
A6AA,
AAAA,
AA95,
6AAA,
AAAA,
AAAA,
AAAA,
9556,
AAAA,
AAAA,
AAAA,
555A,
AAAA,
AAAA,
AAAA,
AA95,
556A,
AAAA,
6AAA,
AAAA,
956A,
A955,
5556,
AAAA,
AAAA,
955A,
96AA,
AAA9,
5555,
696A,
5556,
AAAA,
AAAA,
AAAA,
5555,
5555,
5555,
55AA,
9555,
5555,
5555,
5555,
5555,
5555,
5555,
5555,
5555,
5595,
5555,
5555,
5555,
5555,
55AA,
A95A,
A9A5,
56A5,
5555,
5555,
5555,
5655,
5555,
55AA,
AAAA,
A569,
5556,
5569,
56A9,
56AA,
AA95,
5A95,
5555,
5555,
5AA9,
5555,
AAAA,
AAA9,
5555,
56AA,
A555,
6AAA,
AAAA,
AAAA,
AA55,
6AAA,
AAAA,
AAAA,
AAAA,
A955,
AAAA,
AAAA,
AAAA,
9555,
5AAA,
6AAA,
AAAA,
AAA5,
55AA,
AAAA,
AAAA,
AAAA,
955A,
9555,
555A,
AAAA,
AAAA,
555A,
A6AA,
AA55,
5556,
A5AA,
A555,
AAAA,
AAAA,
AAA5,
5555,
5555,
5555,
555A,
9555,
5555,
5555,
5555,
5555,
5555,
5555,
5555,
5555,
56A5,
A955,
5555,
5555,
5555,
55AA,
AAAA,
AAA9,
5555,
5555,
5555,
5555,
5595,
6555,
559A,
A6AA,
A56A,
5555,
6955,
56A5,
55AA,
AA95,
5A55,
5555,
5555,
55A9,
5556,
AAAA,
AA95,
5555,
5AAA,
A555,
6AAA,
AAAA,
AAAA,
A955,
5AAA,
AAAA,
AAAA,
AAAA,
AA55,
6AAA,
AAAA,
AAAA,
A555,
556A,
5AAA,
AAAA,
AAA9,
55AA,
AAA9,
AAAA,
AAAA,
A556,
5555,
55AA,
AAAA,
AAAA,
555A,
A5AA,
A555,
556A,
A6AA,
A555,
A9AA,
AAAA,
AA95,
5555,
5555,
5555,
5555,
5555,
5555,
5555,
5555,
5555,
5555,
5555,
5555,
5555,
56AA,
A555,
5555,
5655,
5555,
55AA,
AAAA,
AAA9,
5555,
5555,
5555,
6555,
55A5,
6A55,
5A5A,
A6A9,
5AAA,
9555,
6A55,
55A5,
556A,
AAA5,
5555,
5555,
5555,
5569,
5556,
AAAA,
A555,
5556,
AAAA,
A955,
5AAA,
AAAA,
AAA5,
5555,
56AA,
AAAA,
AAAA,
AAAA,
AA55,
5AAA,
AAAA,
AAAA,
A955,
5556,
AAAA,
AAAA,
AAAA,
556A,
AAAA,
AAAA,
AAAA,
A955,
5555,
5AAA,
AAAA,
AAAA,
5556,
AAA9,
5555,
55AA,
AAAA,
A955,
55AA,
AAAA,
AA55,
5555,
5555,
5555,
5555,
5555,
5555,
5555,
5555,
5555,
5555,
5555,
5555,
5555,
5555,
5555,
5555,
6A95,
5555,
596A,
AA55,
6555,
5555,
5555,
5655,
A955,
5565,
5A55,
5A5A,
96A9,
5AAA,
9555,
6955,
556A,
5556,
AAA5,
5555,
56A5,
5555,
5555,
555A,
AAAA,
5555,
556A,
AAAA,
A955,
5AAA,
AAAA,
A955,
5555,
55AA,
AAAA,
AAAA,
AAAA,
AA95,
5AAA,
AAAA,
AAAA,
AA55,
5556,
AAAA,
AAAA,
AAAA,
5556,
AAAA,
AAAA,
AAAA,
AA95,
5555,
5AAA,
AAAA,
AA5A,
9556,
AAA5,
5555,
555A,
AAAA,
A555,
596A,
AAAA,
9555,
5555,
5555,
5555,
5555,
5555,
5555,
6955,
5555,
5555,
5655,
5555,
5555,
5555,
5555,
5555,
5555,
6AA5,
5555,
6A6A,
5A55,
5555,
5555,
9556,
5A56,
A955,
5565,
5655,
566A,
56A5,
5AAA,
9555,
5555,
AA69,
5555,
AAA5,
5555,
56A5,
5555,
5555,
555A,
AAA9,
5555,
56AA,
AAAA,
A555,
AAAA,
AA6A,
A555,
5569,
55AA,
AAAA,
AAAA,
AAAA,
AA55,
5AAA,
AAAA,
AAAA,
AA6A,
9555,
AAAA,
AAAA,
AAAA,
A955,
AAAA,
AAAA,
AAAA,
AAA5,
55A6,
AAAA,
AAAA,
AA55,
A956,
AA95,
5556,
595A,
AAAA,
A555,
6A6A,
AAAA,
5555;
